#VRML V2.0 utf8
# 3D model generated by easyeda2kicad.py (https://github.com/uPesy/easyeda2kicad.py)

Shape{
    appearance Appearance {
        material  Material 	{
            diffuseColor 0.6666666666666666 0.6666666666666666 0.6666666666666666
            specularColor 0.4666666666666667 0.4666666666666667 0.4666666666666667
            ambientIntensity 0.6667
            transparency 0.0
            shininess 0.5
        }
    }
    geometry IndexedFaceSet {
        ccw TRUE
        solid FALSE
        coord DEF co Coordinate {
            point [
                0.1308 -0.2293 1.2598, 0.1434 -0.2293 1.2598, 0.1434 -0.2176 1.2598, 0.2957 -0.3803 1.2598, 0.8661 -0.3803 1.2598, 0.8661 -0.2964 1.2598, 0.076 -0.2805 1.2598, 0.0745 -0.2806 1.2598, 0.0844 -0.2806 1.2598, 0.1736 -0.2176 1.2598, 0.1677 -0.2173 1.2598, 0.162 -0.2173 1.2598, 0.1525 -0.1776 1.2598, 0.1736 -0.1772 1.2598, 0.1434 -0.1772 1.2598, 0.1376 -0.2173 1.2598, 0.1319 -0.2173 1.2598, 0.1308 -0.2176 1.2598, 0.1434 -0.2064 1.2598, 0.1414 -0.2064 1.2598, 0.1308 -0.1772 1.2598, 0.1434 -0.1872 1.2598, 0.1471 -0.1776 1.2598, 0.0367 -0.193 1.2598, 0.0589 -0.2115 1.2598, 0.038 -0.1894 1.2598, 0.0398 -0.1866 1.2598, 0.0362 -0.1979 1.2598, 0.0362 -0.1982 1.2598, 0.0568 -0.2124 1.2598, 0.0523 -0.2133 1.2598, 0.0589 -0.1831 1.2598, 0.0558 -0.182 1.2598, 0.0368 -0.2031 1.2598, 0.0381 -0.2064 1.2598, 0.0401 -0.2092 1.2598, 0.0512 -0.1815 1.2598, 0.0495 -0.1816 1.2598, 0.046 -0.1823 1.2598, 0.0409 -0.2099 1.2598, 0.0434 -0.2118 1.2598, 0.0429 -0.1838 1.2598, 0.0404 -0.1859 1.2598, 0.0463 -0.2129 1.2598, 0.0503 -0.2134 1.2598, 0.0598 -0.1835 1.2598, 0.0606 -0.2107 1.2598, 0.0606 -0.1839 1.2598, 0.0622 -0.2176 1.2598, 0.0622 -0.1772 1.2598, 0.0552 -0.1772 1.2598, 0.0567 -0.1774 1.2598, 0.0589 -0.1772 1.2598, 0.0589 -0.178 1.2598, 0.0606 -0.1785 1.2598, 0.0428 -0.2169 1.2598, 0.0391 -0.2152 1.2598, 0.0302 -0.2176 1.2598, 0.0319 -0.1906 1.2598, 0.0339 -0.1862 1.2598, 0.0302 -0.1772 1.2598, 0.0515 -0.1769 1.2598, 0.0589 -0.0394 1.2598, 0.0512 -0.1769 1.2598, 0.0302 -0.0394 1.2598, 0.0479 -0.1772 1.2598, 0.0462 -0.1774 1.2598, 0.0419 -0.1789 1.2598, 0.0359 -0.2125 1.2598, 0.0355 -0.2121 1.2598, 0.0332 -0.2087 1.2598, 0.0366 -0.1827 1.2598, 0.038 -0.1814 1.2598, 0.0316 -0.2045 1.2598, 0.0308 -0.1982 1.2598, 0.0309 -0.1957 1.2598, 0.0461 -0.2176 1.2598, 0.0302 -0.2293 1.2598, 0.0471 -0.2178 1.2598, 0.0496 -0.218 1.2598, 0.0589 -0.2293 1.2598, 0.0531 -0.2176 1.2598, 0.0606 -0.2156 1.2598, 0.0599 -0.216 1.2598, 0.0589 -0.2176 1.2598, 0.0589 -0.2163 1.2598, 0.0556 -0.2174 1.2598, 0.0936 -0.2588 1.2598, 0.0986 -0.2733 1.2598, 0.1 -0.2733 1.2598, 0.0936 -0.2293 1.2598, 0.1077 -0.2519 1.2598, 0.1129 -0.2519 1.2598, 0.0993 -0.2756 1.2598, 0.0994 -0.2756 1.2598, 0.0996 -0.2746 1.2598, 0.0912 -0.2519 1.2598, 0.0857 -0.2519 1.2598, 0.0966 -0.2806 1.2598, 0.0968 -0.2802 1.2598, 0.0936 -0.2722 1.2598, 0.0946 -0.2854 1.2598, 0.0936 -0.2806 1.2598, 0.0936 -0.2872 1.2598, 0.0936 -0.2872 1.2598, 0.0844 -0.2964 1.2598, 0.0867 -0.2933 1.2598, 0.0867 -0.2888 1.2598, 0.0895 -0.2894 1.2598, 0.0907 -0.2893 1.2598, 0.0936 -0.2928 1.2598, 0.0919 -0.2934 1.2598, 0.0936 -0.2964 1.2598, 0.0899 -0.2937 1.2598, 0.0888 -0.2936 1.2598, 0.0918 -0.2889 1.2598, 0.0927 -0.2882 1.2598, 0.1 -0.2846 1.2598, 0.0978 -0.289 1.2598, 0.1308 -0.2964 1.2598, 0.1016 -0.2806 1.2598, 0.096 -0.2912 1.2598, 0.0956 -0.2915 1.2598, 0.0939 -0.2927 1.2598, -0.3417 0.6143 1.2598, -0.3026 0.6821 1.2598, -0.8661 1.1472 1.2598, -0.2503 0.1843 1.2598, -0.3026 0.2424 1.2598, -0.8661 -0.0394 1.2598, -0.3417 0.3101 1.2598, -0.008 0.0902 1.2598, -0.0391 0.0902 1.2598, -0.008 -0.0394 1.2598, -0.1156 0.1065 1.2598, -0.187 0.1383 1.2598, -0.2503 0.7402 1.2598, -0.187 0.7861 1.2598, -0.008 1.1472 1.2598, -0.1156 0.8179 1.2598, -0.3658 0.3844 1.2598, -0.374 0.4622 1.2598, -0.3658 0.54 1.2598, 0.0302 0.0902 1.2598, 0.0391 0.0902 1.2598, 0.0589 0.0944 1.2598, 0.0622 -0.0394 1.2598, 0.0622 0.0952 1.2598, 0.0844 -0.0394 1.2598, 0.0844 0.0999 1.2598, 0.0936 -0.0394 1.2598, 0.0936 0.1018 1.2598, 0.1156 0.1065 1.2598, 0.1308 -0.0394 1.2598, 0.1308 0.1133 1.2598, 0.1434 -0.0394 1.2598, 0.1434 0.1189 1.2598, 0.1736 -0.0394 1.2598, 0.1736 0.1323 1.2598, 0.187 0.1383 1.2598, 0.2957 -0.0394 1.2598, 0.2503 0.1843 1.2598, 0.3417 0.6143 1.2598, 0.3658 0.54 1.2598, 0.8661 1.1472 1.2598, 0.8661 -0.0394 1.2598, 0.374 0.4622 1.2598, 0.3658 0.3844 1.2598, 0.3417 0.3101 1.2598, 0.3026 0.2424 1.2598, 0.2957 0.2347 1.2598, 0.1736 0.7921 1.2598, 0.187 0.7861 1.2598, 0.2957 1.1472 1.2598, 0.2503 0.7402 1.2598, 0.2957 0.6897 1.2598, 0.3026 0.6821 1.2598, 0.1308 1.1472 1.2598, 0.1434 0.8055 1.2598, 0.1434 1.1472 1.2598, 0.1736 1.1472 1.2598, 0.0936 0.8226 1.2598, 0.1156 0.8179 1.2598, 0.1308 0.8111 1.2598, 0.0936 1.1472 1.2598, 0.0844 1.1472 1.2598, 0.0844 0.8246 1.2598, 0.0622 1.1472 1.2598, 0.0622 0.8293 1.2598, 0.0589 1.1472 1.2598, 0.0589 0.83 1.2598, -0.0391 0.8342 1.2598, -0.008 0.8342 1.2598, 0.0302 1.1472 1.2598, 0.0302 0.8342 1.2598, 0.0391 0.8342 1.2598, 0.1873 -0.2803 1.2598, 0.1817 -0.2803 1.2598, 0.1736 -0.2806 1.2598, 0.2117 -0.2803 1.2598, 0.2077 -0.2694 1.2598, 0.1912 -0.2694 1.2598, 0.1736 -0.2293 1.2598, 0.1968 -0.2406 1.2598, 0.2023 -0.2406 1.2598, 0.1776 -0.2512 1.2598, 0.179 -0.2551 1.2598, 0.1795 -0.2599 1.2598, 0.1793 -0.2627 1.2598, 0.1731 -0.2751 1.2598, 0.1693 -0.2777 1.2598, 0.1735 -0.2747 1.2598, 0.1471 -0.2406 1.2598, 0.1471 -0.2803 1.2598, 0.1434 -0.2806 1.2598, 0.1581 -0.2803 1.2598, 0.1647 -0.2795 1.2598, 0.1585 -0.2406 1.2598, 0.165 -0.2414 1.2598, 0.1698 -0.2432 1.2598, 0.1783 -0.2673 1.2598, 0.1763 -0.2714 1.2598, 0.1736 -0.2746 1.2598, 0.1735 -0.2458 1.2598, 0.1736 -0.2459 1.2598, 0.1752 -0.2476 1.2598, 0.0639 -0.2793 1.2598, 0.0622 -0.2806 1.2598, 0.0675 -0.2805 1.2598, 0.0683 -0.2806 1.2598, 0.0814 -0.2679 1.2598, 0.0823 -0.2693 1.2598, 0.0817 -0.2574 1.2598, 0.0622 -0.2293 1.2598, 0.0647 -0.2562 1.2598, 0.0657 -0.2549 1.2598, 0.0829 -0.2707 1.2598, 0.0831 -0.2726 1.2598, 0.0828 -0.2746 1.2598, 0.0822 -0.2762 1.2598, 0.0813 -0.2775 1.2598, 0.0709 -0.2518 1.2598, 0.0844 -0.2293 1.2598, 0.075 -0.2513 1.2598, 0.0817 -0.2525 1.2598, 0.0779 -0.2515 1.2598, 0.0671 -0.2535 1.2598, 0.0683 -0.2528 1.2598, 0.0799 -0.2787 1.2598, 0.0786 -0.2795 1.2598, 0.0654 -0.2641 1.2598, 0.0647 -0.263 1.2598, 0.0639 -0.2742 1.2598, 0.0642 -0.2615 1.2598, 0.064 -0.2596 1.2598, 0.0642 -0.2578 1.2598, 0.069 -0.2765 1.2598, 0.0715 -0.2678 1.2598, 0.0659 -0.2754 1.2598, 0.0685 -0.2665 1.2598, 0.0662 -0.2649 1.2598, 0.0745 -0.2553 1.2598, 0.073 -0.2554 1.2598, 0.0691 -0.2591 1.2598, 0.0717 -0.2558 1.2598, 0.0706 -0.2564 1.2598, 0.0691 -0.2598 1.2598, 0.0693 -0.2606 1.2598, 0.0697 -0.2612 1.2598, 0.0702 -0.2618 1.2598, 0.0719 -0.2629 1.2598, 0.0778 -0.2557 1.2598, 0.075 -0.2642 1.2598, 0.0806 -0.2567 1.2598, 0.0769 -0.265 1.2598, 0.0802 -0.2668 1.2598, 0.0721 -0.2769 1.2598, 0.0723 -0.2769 1.2598, 0.0748 -0.2692 1.2598, 0.0749 -0.2766 1.2598, 0.078 -0.2731 1.2598, 0.0779 -0.2724 1.2598, 0.0698 -0.257 1.2598, 0.0694 -0.2577 1.2598, 0.0692 -0.2583 1.2598, 0.0762 -0.2761 1.2598, 0.0766 -0.2759 1.2598, 0.0772 -0.2754 1.2598, 0.0776 -0.2747 1.2598, 0.0779 -0.274 1.2598, 0.0777 -0.2717 1.2598, 0.0773 -0.271 1.2598, 0.0767 -0.2704 1.2598, 0.0716 -0.281 1.2598, 0.0622 -0.2964 1.2598, 0.0877 -0.2892 1.2598, 0.0302 -0.2806 1.2598, 0.0372 -0.2539 1.2598, 0.0372 -0.2588 1.2598, 0.0572 -0.262 1.2598, 0.0572 -0.2803 1.2598, 0.0589 -0.2806 1.2598, 0.0522 -0.2803 1.2598, 0.0363 -0.2782 1.2598, 0.0368 -0.2787 1.2598, 0.0385 -0.2799 1.2598, 0.055 -0.2544 1.2598, 0.056 -0.256 1.2598, 0.0568 -0.2582 1.2598, 0.0352 -0.2766 1.2598, 0.0346 -0.275 1.2598, 0.0344 -0.2727 1.2598, 0.0481 -0.2555 1.2598, 0.0465 -0.2553 1.2598, 0.0438 -0.2634 1.2598, 0.0499 -0.2515 1.2598, 0.052 -0.2522 1.2598, 0.0536 -0.2531 1.2598, 0.0522 -0.2759 1.2598, 0.0521 -0.2759 1.2598, 0.0513 -0.2771 1.2598, 0.0497 -0.2788 1.2598, 0.0344 -0.2721 1.2598, 0.0347 -0.27 1.2598, 0.0354 -0.2682 1.2598, 0.0364 -0.2668 1.2598, 0.0379 -0.2655 1.2598, 0.04 -0.2644 1.2598, 0.0406 -0.2566 1.2598, 0.0438 -0.2556 1.2598, 0.0385 -0.2531 1.2598, 0.0423 -0.2518 1.2598, 0.0469 -0.2513 1.2598, 0.0522 -0.2623 1.2598, 0.052 -0.2601 1.2598, 0.0515 -0.2583 1.2598, 0.0509 -0.2573 1.2598, 0.0502 -0.2565 1.2598, 0.0493 -0.2559 1.2598, 0.0461 -0.2806 1.2598, 0.0459 -0.2807 1.2598, 0.0589 -0.2964 1.2598, 0.0302 -0.2964 1.2598, 0.0434 -0.281 1.2598, 0.0405 -0.2806 1.2598, 0.0404 -0.2806 1.2598, -0.0425 -0.2085 1.2598, -0.0348 -0.215 1.2598, -0.008 -0.1772 1.2598, -0.008 -0.2176 1.2598, -0.0675 -0.1816 1.2598, -0.0581 -0.1924 1.2598, -0.0522 -0.2039 1.2598, -0.0509 -0.2044 1.2598, -0.0801 -0.1731 1.2598, -0.074 -0.1772 1.2598, -0.1198 -0.1686 1.2598, -0.1059 -0.1669 1.2598, -0.0942 -0.1681 1.2598, -0.1329 -0.1737 1.2598, -0.1387 -0.1772 1.2598, -0.8661 -0.1772 1.2598, -0.1398 -0.1779 1.2598, -0.1698 -0.1912 1.2598, -0.1587 -0.1898 1.2598, -0.1464 -0.1836 1.2598, -0.1554 -0.19 1.2598, -0.1522 -0.1903 1.2598, -0.1912 -0.2033 1.2598, -0.1893 -0.2015 1.2598, -0.1803 -0.1952 1.2598, -0.8661 -0.2176 1.2598, -0.8661 -0.2293 1.2598, -0.2037 -0.2293 1.2598, -0.2025 -0.2222 1.2598, -0.2004 -0.2176 1.2598, -0.198 -0.2121 1.2598, -0.1736 -0.2788 1.2598, -0.1838 -0.2738 1.2598, -0.8661 -0.2806 1.2598, -0.1926 -0.2663 1.2598, -0.199 -0.2571 1.2598, -0.2031 -0.2466 1.2598, -0.2044 -0.2355 1.2598, -0.2044 -0.2328 1.2598, -0.17 -0.2799 1.2598, -0.1696 -0.2806 1.2598, -0.1671 -0.2859 1.2598, -0.1629 -0.2911 1.2598, -0.008 -0.2964 1.2598, -0.1315 -0.2964 1.2598, -0.008 -0.3803 1.2598, -0.1363 -0.2982 1.2598, -0.1432 -0.2991 1.2598, -0.1442 -0.2991 1.2598, -0.8661 -0.3803 1.2598, -0.1509 -0.298 1.2598, -0.8661 -0.2964 1.2598, -0.1548 -0.2964 1.2598, -0.1574 -0.2953 1.2598, -0.008 -0.2806 1.2598, -0.1167 -0.2806 1.2598, -0.1167 -0.2808 1.2598, -0.1201 -0.2871 1.2598, -0.1244 -0.2919 1.2598, -0.13 -0.2958 1.2598, -0.0256 -0.2317 1.2598, -0.0243 -0.2409 1.2598, -0.008 -0.2293 1.2598, -0.0806 -0.264 1.2598, -0.0787 -0.2632 1.2598, -0.0754 -0.2471 1.2598, -0.0347 -0.2677 1.2598, -0.0424 -0.2742 1.2598, -0.122 -0.2519 1.2598, -0.0841 -0.2321 1.2598, -0.1269 -0.2474 1.2598, -0.1329 -0.2442 1.2598, -0.0824 -0.2652 1.2598, -0.0291 -0.2599 1.2598, -0.0256 -0.251 1.2598, -0.0765 -0.2629 1.2598, -0.0762 -0.2629 1.2598, -0.0754 -0.2631 1.2598, -0.1843 -0.2463 1.2598, -0.1809 -0.2519 1.2598, -0.1666 -0.2549 1.2598, -0.1759 -0.2571 1.2598, -0.1697 -0.2609 1.2598, -0.1562 -0.2455 1.2598, -0.1859 -0.2293 1.2598, -0.1619 -0.2496 1.2598, -0.1866 -0.235 1.2598, -0.1863 -0.2394 1.2598, -0.1499 -0.2431 1.2598, -0.1432 -0.2423 1.2598, -0.1397 -0.2425 1.2598, -0.0748 -0.2632 1.2598, -0.0621 -0.2632 1.2598, -0.0596 -0.2629 1.2598, -0.0853 -0.2717 1.2598, -0.0852 -0.2706 1.2598, -0.1149 -0.268 1.2598, -0.0846 -0.2684 1.2598, -0.0835 -0.2665 1.2598, -0.0787 -0.2802 1.2598, -0.0805 -0.2794 1.2598, -0.0824 -0.2781 1.2598, -0.083 -0.2775 1.2598, -0.0843 -0.2757 1.2598, -0.085 -0.2738 1.2598, -0.1151 -0.2738 1.2598, -0.1149 -0.2708 1.2598, -0.0469 -0.2555 1.2598, -0.044 -0.251 1.2598, -0.0423 -0.2459 1.2598, -0.0418 -0.2412 1.2598, -0.0419 -0.2385 1.2598, -0.051 -0.2784 1.2598, -0.0604 -0.2804 1.2598, -0.0771 -0.2804 1.2598, -0.0543 -0.2612 1.2598, -0.0497 -0.2583 1.2598, -0.0638 -0.2192 1.2598, -0.0661 -0.2192 1.2598, -0.0454 -0.2293 1.2598, -0.0592 -0.2196 1.2598, -0.0433 -0.2331 1.2598, -0.1858 -0.2281 1.2598, -0.1834 -0.2218 1.2598, -0.046 -0.2283 1.2598, -0.0497 -0.2243 1.2598, -0.0542 -0.2214 1.2598, -0.0722 -0.2021 1.2598, -0.0786 -0.1945 1.2598, -0.1434 -0.211 1.2598, -0.0792 -0.1939 1.2598, -0.0871 -0.1884 1.2598, -0.1391 -0.202 1.2598, -0.1805 -0.2176 1.2598, -0.1454 -0.2099 1.2598, -0.0664 -0.2176 1.2598, -0.0678 -0.2112 1.2598, -0.1517 -0.2076 1.2598, -0.1584 -0.2067 1.2598, -0.1614 -0.2069 1.2598, -0.1328 -0.1945 1.2598, -0.096 -0.185 1.2598, -0.1252 -0.1889 1.2598, -0.1056 -0.1839 1.2598, -0.116 -0.1852 1.2598, -0.1684 -0.2086 1.2598, -0.1747 -0.2119 1.2598, -0.1795 -0.2162 1.2598, -0.0329 -0.2176 1.2598, -0.029 -0.223 1.2598, -0.0265 -0.2293 1.2598, 0.1387 -0.2406 1.2598, 0.1308 -0.2406 1.2598, 0.1183 -0.2406 1.2598, 0.1387 -0.2451 1.2598, 0.1396 -0.2758 1.2598, 0.1396 -0.2803 1.2598, 0.1308 -0.2806 1.2598, 0.1308 -0.2803 1.2598, 0.1183 -0.2803 1.2598, 0.1234 -0.2624 1.2598, 0.1234 -0.2758 1.2598, 0.1308 -0.2624 1.2598, 0.1308 -0.2758 1.2598, 0.1376 -0.2624 1.2598, 0.1376 -0.2579 1.2598, 0.1308 -0.2579 1.2598, 0.1308 -0.2451 1.2598, 0.1234 -0.2579 1.2598, 0.1234 -0.2451 1.2598, 0.0899 -0.2128 1.2598, 0.0899 -0.2173 1.2598, 0.0936 -0.2176 1.2598, 0.089 -0.1821 1.2598, 0.0936 -0.1772 1.2598, 0.089 -0.1776 1.2598, 0.0844 -0.1772 1.2598, 0.0844 -0.1776 1.2598, 0.0737 -0.1994 1.2598, 0.0737 -0.2128 1.2598, 0.0844 -0.1994 1.2598, 0.0844 -0.2128 1.2598, 0.0879 -0.1994 1.2598, 0.0879 -0.1948 1.2598, 0.0737 -0.1821 1.2598, 0.0737 -0.1948 1.2598, 0.0844 -0.1821 1.2598, 0.0844 -0.1948 1.2598, 0.0844 -0.2176 1.2598, 0.0844 -0.2173 1.2598, 0.0685 -0.2173 1.2598, 0.0685 -0.1776 1.2598, 0.2957 -0.2964 1.2598, 0.1736 -0.3803 1.2598, 0.1736 -0.2964 1.2598, 0.1434 -0.3803 1.2598, 0.1434 -0.2964 1.2598, 0.1308 -0.3803 1.2598, 0.0936 -0.3803 1.2598, 0.0844 -0.3803 1.2598, 0.0622 -0.3803 1.2598, 0.0589 -0.3803 1.2598, 0.0302 -0.3803 1.2598, 0.048 -0.28 1.2598, 0.0083 -0.2406 1.2598, 0.0083 -0.2803 1.2598, 0.0287 -0.2406 1.2598, 0.0287 -0.2451 1.2598, 0.0296 -0.2758 1.2598, 0.0296 -0.2803 1.2598, 0.0134 -0.2624 1.2598, 0.0134 -0.2758 1.2598, 0.0276 -0.2624 1.2598, 0.0276 -0.2579 1.2598, 0.0134 -0.2579 1.2598, 0.0134 -0.2451 1.2598, 0.2957 -0.2806 1.2598, 0.158 -0.2064 1.2598, 0.0292 -0.2128 1.2598, 0.0292 -0.2173 1.2598, 0.0083 -0.2173 1.2598, 0.0083 -0.1776 1.2598, 0.0134 -0.1776 1.2598, 0.1195 -0.2147 1.2598, 0.115 -0.2165 1.2598, 0.1083 -0.2173 1.2598, 0.0974 -0.2173 1.2598, 0.1286 -0.2043 1.2598, 0.1266 -0.2084 1.2598, 0.0974 -0.1776 1.2598, 0.1087 -0.1776 1.2598, 0.1153 -0.1784 1.2598, 0.12 -0.1802 1.2598, 0.1279 -0.1882 1.2598, 0.1292 -0.1921 1.2598, 0.1297 -0.1969 1.2598, 0.1296 -0.1997 1.2598, 0.1237 -0.2117 1.2598, 0.1233 -0.2121 1.2598, 0.1237 -0.1828 1.2598, 0.1255 -0.1846 1.2598, 0.2174 -0.2803 1.2598, 0.2957 -0.2293 1.2598, 0.2957 -0.2176 1.2598, 0.2957 -0.1772 1.2598, 0.8661 -0.2806 1.2598, 0.8661 -0.2293 1.2598, 0.8661 -0.2176 1.2598, 0.8661 -0.1772 1.2598, 0.0134 -0.2128 1.2598
            ]
        }
        coordIndex [
            0,1,2,-1,3,4,5,-1,6,7,8,-1,9,10,11,-1,10,9,12,-1,12,9,13,-1,12,13,14,-1,15,16,17,-1,2,18,19,-1,17,16,20,-1,20,16,21,-1,20,21,14,-1,14,21,22,-1,14,22,12,-1,23,24,25,-1,25,24,26,-1,23,27,24,-1,24,27,28,-1,24,28,29,-1,29,28,30,-1,24,31,32,-1,33,34,35,-1,32,36,24,-1,24,36,37,-1,24,37,38,-1,33,35,28,-1,28,35,39,-1,28,39,40,-1,38,41,24,-1,24,41,42,-1,24,42,26,-1,40,43,28,-1,28,43,44,-1,28,44,30,-1,31,24,45,-1,45,24,46,-1,45,46,47,-1,47,46,48,-1,47,48,49,-1,50,51,52,-1,52,51,53,-1,52,53,49,-1,49,53,54,-1,49,54,47,-1,55,56,57,-1,58,59,60,-1,61,62,63,-1,63,62,64,-1,63,64,65,-1,65,64,60,-1,65,60,66,-1,66,60,67,-1,56,68,57,-1,57,68,69,-1,57,69,70,-1,59,71,60,-1,60,71,72,-1,60,72,67,-1,70,73,57,-1,57,73,74,-1,57,74,60,-1,60,74,75,-1,60,75,58,-1,55,57,76,-1,76,57,77,-1,76,77,78,-1,78,77,79,-1,79,77,80,-1,79,80,81,-1,46,82,48,-1,48,82,83,-1,48,83,84,-1,84,83,85,-1,84,85,86,-1,87,88,89,-1,90,91,92,-1,93,94,88,-1,88,94,95,-1,88,95,89,-1,89,91,87,-1,87,91,90,-1,87,90,96,-1,96,90,97,-1,98,99,100,-1,101,102,103,-1,103,102,104,-1,105,106,107,-1,102,108,109,-1,110,111,112,-1,112,111,113,-1,112,113,105,-1,105,113,114,-1,105,114,106,-1,109,115,102,-1,102,115,116,-1,102,116,104,-1,117,118,119,-1,117,119,120,-1,118,121,119,-1,119,121,122,-1,119,122,112,-1,112,122,123,-1,112,123,110,-1,124,125,126,-1,127,128,129,-1,129,128,130,-1,131,132,133,-1,133,132,134,-1,133,134,129,-1,129,134,135,-1,129,135,127,-1,125,136,126,-1,126,136,137,-1,126,137,138,-1,138,137,139,-1,130,140,129,-1,129,140,141,-1,129,141,126,-1,126,141,142,-1,126,142,124,-1,143,64,144,-1,144,64,62,-1,144,62,145,-1,145,62,146,-1,145,146,147,-1,147,146,148,-1,147,148,149,-1,149,148,150,-1,149,150,151,-1,151,150,152,-1,152,150,153,-1,152,153,154,-1,154,153,155,-1,154,155,156,-1,156,155,157,-1,156,157,158,-1,158,157,159,-1,159,157,160,-1,159,160,161,-1,162,163,164,-1,164,163,165,-1,165,163,166,-1,165,166,167,-1,167,168,165,-1,165,168,169,-1,165,169,160,-1,160,169,170,-1,160,170,161,-1,171,172,173,-1,172,174,173,-1,173,174,175,-1,173,175,164,-1,164,175,176,-1,164,176,162,-1,177,178,179,-1,179,178,171,-1,179,171,180,-1,180,171,173,-1,181,182,177,-1,177,182,183,-1,177,183,178,-1,177,184,181,-1,181,184,185,-1,181,185,186,-1,186,185,187,-1,186,187,188,-1,188,187,189,-1,188,189,190,-1,139,191,138,-1,138,191,192,-1,138,192,193,-1,193,192,194,-1,193,194,189,-1,189,194,195,-1,189,195,190,-1,196,197,198,-1,199,200,201,-1,202,203,204,-1,203,205,206,-1,206,207,203,-1,203,207,208,-1,203,208,197,-1,209,210,198,-1,209,198,211,-1,212,1,213,-1,213,1,214,-1,213,214,215,-1,215,214,198,-1,215,198,216,-1,216,198,210,-1,217,218,202,-1,202,218,219,-1,208,220,197,-1,197,220,221,-1,197,221,198,-1,198,221,222,-1,198,222,211,-1,219,223,202,-1,202,223,224,-1,202,224,203,-1,203,224,225,-1,203,225,205,-1,226,227,228,-1,228,227,229,-1,230,231,232,-1,233,234,235,-1,236,237,8,-1,237,238,8,-1,8,238,239,-1,8,239,240,-1,233,241,242,-1,242,241,243,-1,231,236,232,-1,232,236,8,-1,232,8,244,-1,244,8,242,-1,244,242,245,-1,245,242,243,-1,235,246,233,-1,233,246,247,-1,233,247,241,-1,240,248,8,-1,8,248,249,-1,8,249,6,-1,250,251,252,-1,251,253,252,-1,252,253,254,-1,252,254,233,-1,233,254,255,-1,233,255,234,-1,256,257,258,-1,258,257,259,-1,258,259,252,-1,252,259,260,-1,252,260,250,-1,261,262,263,-1,263,262,264,-1,263,264,265,-1,263,266,261,-1,261,266,267,-1,261,267,268,-1,268,269,261,-1,261,269,270,-1,261,270,271,-1,271,270,272,-1,271,272,273,-1,273,272,274,-1,273,274,232,-1,232,274,275,-1,232,275,230,-1,256,276,257,-1,257,276,277,-1,257,277,278,-1,278,277,279,-1,278,280,281,-1,282,283,265,-1,265,283,284,-1,265,284,263,-1,279,285,278,-1,278,285,286,-1,278,286,287,-1,287,288,278,-1,278,288,289,-1,278,289,280,-1,281,290,278,-1,278,290,291,-1,278,291,292,-1,293,294,7,-1,7,294,105,-1,7,105,8,-1,8,105,107,-1,8,107,102,-1,102,107,295,-1,102,295,108,-1,77,296,297,-1,297,296,298,-1,299,300,301,-1,301,300,302,-1,303,296,304,-1,304,296,305,-1,306,307,80,-1,80,307,308,-1,303,309,296,-1,296,309,310,-1,296,310,311,-1,312,313,314,-1,315,316,80,-1,80,316,317,-1,80,317,306,-1,318,319,302,-1,302,319,320,-1,302,320,321,-1,311,322,296,-1,296,322,323,-1,296,323,298,-1,298,323,324,-1,298,324,325,-1,325,326,298,-1,298,326,327,-1,298,327,328,-1,328,327,314,-1,328,314,329,-1,329,314,313,-1,297,330,77,-1,77,330,331,-1,77,331,80,-1,80,331,332,-1,80,332,315,-1,333,334,314,-1,314,334,335,-1,314,335,336,-1,336,337,314,-1,314,337,338,-1,314,338,312,-1,339,340,341,-1,341,340,342,-1,340,343,342,-1,342,343,344,-1,342,344,296,-1,296,344,345,-1,296,345,305,-1,346,347,348,-1,348,347,349,-1,348,350,351,-1,351,352,348,-1,348,352,353,-1,348,353,346,-1,133,354,348,-1,348,354,355,-1,348,355,350,-1,356,357,133,-1,133,357,358,-1,133,358,354,-1,356,133,359,-1,359,133,129,-1,359,129,360,-1,360,129,361,-1,360,361,362,-1,361,363,362,-1,362,363,364,-1,362,364,365,-1,365,364,366,-1,365,366,367,-1,368,369,361,-1,361,369,370,-1,361,370,363,-1,371,372,373,-1,373,374,371,-1,371,374,375,-1,371,375,361,-1,361,375,376,-1,361,376,368,-1,377,378,379,-1,379,378,380,-1,379,380,381,-1,381,382,379,-1,379,382,383,-1,379,383,372,-1,372,383,384,-1,372,384,373,-1,385,377,386,-1,386,377,379,-1,386,379,387,-1,387,379,388,-1,389,390,391,-1,391,390,392,-1,392,393,391,-1,391,393,394,-1,391,394,395,-1,395,394,396,-1,395,396,397,-1,397,396,398,-1,397,398,379,-1,379,398,399,-1,379,399,388,-1,400,401,389,-1,389,401,402,-1,389,402,403,-1,403,404,389,-1,389,404,405,-1,389,405,390,-1,406,407,408,-1,409,410,411,-1,412,413,400,-1,414,415,416,-1,416,415,417,-1,409,411,418,-1,412,400,419,-1,408,407,400,-1,400,407,420,-1,400,420,419,-1,410,421,411,-1,411,421,422,-1,411,422,423,-1,424,425,426,-1,426,425,427,-1,426,427,428,-1,429,430,431,-1,431,430,432,-1,431,432,426,-1,426,432,433,-1,426,433,424,-1,429,434,430,-1,430,434,435,-1,430,435,415,-1,415,435,436,-1,415,436,417,-1,423,437,411,-1,411,437,438,-1,411,438,439,-1,440,441,442,-1,442,441,443,-1,442,443,411,-1,411,443,444,-1,411,444,418,-1,445,446,401,-1,401,446,447,-1,401,447,448,-1,448,449,401,-1,401,449,450,-1,401,450,451,-1,451,450,440,-1,451,440,452,-1,452,440,442,-1,453,454,411,-1,411,454,455,-1,411,455,415,-1,415,455,456,-1,415,456,457,-1,413,458,400,-1,400,458,459,-1,400,459,401,-1,401,459,460,-1,401,460,445,-1,439,461,411,-1,411,461,462,-1,411,462,453,-1,463,464,465,-1,463,465,466,-1,457,467,415,-1,415,467,465,-1,415,465,430,-1,430,465,464,-1,430,464,468,-1,468,464,469,-1,470,471,465,-1,465,471,472,-1,465,472,466,-1,473,474,475,-1,474,476,475,-1,475,476,477,-1,475,477,478,-1,479,475,480,-1,469,464,479,-1,479,464,481,-1,479,481,475,-1,475,481,482,-1,475,482,473,-1,480,483,479,-1,479,483,484,-1,479,484,485,-1,478,477,486,-1,486,477,487,-1,486,487,488,-1,488,487,489,-1,488,489,490,-1,491,492,485,-1,485,492,493,-1,485,493,479,-1,347,494,349,-1,349,494,495,-1,349,495,408,-1,408,495,496,-1,408,496,406,-1,497,1,498,-1,498,1,0,-1,498,0,499,-1,497,500,1,-1,1,500,501,-1,1,501,214,-1,214,501,502,-1,214,502,503,-1,503,502,504,-1,503,504,505,-1,506,507,508,-1,508,507,509,-1,508,509,510,-1,510,509,501,-1,510,501,511,-1,511,501,500,-1,511,500,512,-1,512,500,513,-1,512,513,514,-1,514,513,515,-1,516,517,518,-1,519,520,521,-1,521,520,522,-1,521,522,523,-1,524,525,526,-1,526,525,527,-1,526,527,528,-1,528,527,516,-1,528,516,529,-1,530,531,532,-1,532,531,533,-1,532,533,519,-1,518,517,534,-1,534,517,535,-1,534,535,536,-1,523,522,537,-1,537,522,49,-1,537,49,536,-1,536,49,48,-1,536,48,534,-1,3,538,539,-1,539,538,540,-1,539,540,541,-1,541,540,542,-1,541,542,543,-1,543,542,119,-1,543,119,544,-1,544,119,112,-1,544,112,545,-1,545,112,105,-1,545,105,546,-1,546,105,294,-1,546,294,547,-1,547,294,341,-1,547,341,548,-1,548,341,342,-1,293,229,294,-1,294,229,227,-1,294,227,341,-1,341,227,301,-1,341,301,339,-1,339,301,302,-1,339,302,549,-1,549,302,321,-1,550,408,551,-1,551,408,400,-1,551,400,296,-1,296,400,389,-1,296,389,342,-1,342,389,391,-1,342,391,548,-1,550,552,77,-1,552,553,77,-1,77,553,554,-1,77,554,296,-1,296,554,555,-1,296,555,551,-1,556,557,558,-1,558,557,554,-1,558,554,559,-1,559,554,553,-1,559,553,560,-1,560,553,561,-1,226,252,227,-1,227,252,233,-1,227,233,301,-1,301,233,80,-1,301,80,299,-1,299,80,308,-1,86,81,84,-1,84,81,80,-1,84,80,48,-1,48,80,233,-1,48,233,534,-1,534,233,242,-1,534,242,518,-1,538,562,540,-1,540,562,198,-1,540,198,542,-1,542,198,214,-1,542,214,119,-1,119,214,503,-1,119,503,120,-1,120,503,505,-1,120,505,92,-1,92,505,499,-1,92,499,90,-1,90,499,0,-1,90,0,17,-1,17,0,2,-1,17,2,15,-1,15,2,19,-1,563,18,11,-1,11,18,2,-1,11,2,9,-1,9,2,1,-1,9,1,202,-1,202,1,212,-1,202,212,217,-1,60,564,57,-1,57,564,565,-1,57,565,566,-1,550,77,408,-1,408,77,57,-1,408,57,349,-1,349,57,566,-1,349,566,348,-1,348,566,567,-1,348,567,568,-1,569,570,17,-1,571,572,518,-1,518,572,520,-1,518,520,516,-1,516,520,519,-1,516,519,529,-1,529,519,533,-1,573,574,17,-1,570,571,17,-1,17,571,518,-1,17,518,90,-1,90,518,242,-1,90,242,97,-1,97,242,8,-1,97,8,100,-1,100,8,102,-1,100,102,98,-1,98,102,101,-1,572,575,520,-1,520,575,576,-1,520,576,20,-1,20,576,577,-1,20,577,578,-1,579,580,20,-1,20,580,581,-1,20,581,17,-1,17,581,582,-1,17,582,573,-1,574,583,17,-1,17,583,584,-1,17,584,569,-1,578,585,20,-1,20,585,586,-1,20,586,579,-1,201,196,199,-1,199,196,198,-1,199,198,587,-1,587,198,562,-1,587,562,204,-1,204,562,588,-1,204,588,202,-1,202,588,589,-1,202,589,9,-1,9,589,590,-1,9,590,13,-1,3,5,538,-1,538,5,591,-1,538,591,562,-1,562,591,592,-1,562,592,588,-1,588,592,593,-1,588,593,589,-1,589,593,594,-1,589,594,590,-1,595,564,568,-1,568,564,60,-1,568,60,348,-1,348,60,64,-1,348,64,133,-1,133,64,143,-1,133,143,131,-1,594,165,590,-1,590,165,160,-1,590,160,13,-1,13,160,157,-1,13,157,14,-1,14,157,155,-1,14,155,20,-1,20,155,153,-1,20,153,520,-1,520,153,150,-1,520,150,522,-1,522,150,148,-1,522,148,49,-1,49,148,146,-1,49,146,52,-1,52,146,62,-1,52,62,50,-1,50,62,61,-1,
        ]
    }
}
Shape{
    appearance Appearance {
        material  Material 	{
            diffuseColor 0.20784313725490197 0.20784313725490197 0.20784313725490197
            specularColor 0.01568627450980392 0.01568627450980392 0.01568627450980392
            ambientIntensity 0.298
            transparency 0.0
            shininess 0.5
        }
    }
    geometry IndexedFaceSet {
        ccw TRUE
        solid FALSE
        coord DEF co Coordinate {
            point [
                -0.4724 -0.3842 0.526, -0.4724 -0.3842 0.467, 0.2264 -0.3842 -0.0, -0.8661 -0.3842 -0.0, -0.3642 -0.3842 -0.0, -0.3642 -0.3842 0.039, -0.2264 -0.3842 -0.0, -0.2264 -0.3842 0.039, -0.7087 -0.3842 0.467, -0.7087 -0.3842 0.526, -0.8661 -0.3842 1.1811, 0.2264 -0.3842 0.039, 0.3642 -0.3842 0.039, 0.1181 -0.3842 0.467, -0.1181 -0.3842 0.467, -0.1181 -0.3842 0.526, 0.8661 -0.3842 1.1811, 0.1181 -0.3842 0.526, 0.8661 -0.3842 -0.0, 0.7087 -0.3842 0.467, 0.4724 -0.3842 0.467, 0.7087 -0.3842 0.526, 0.4724 -0.3842 0.526, 0.3642 -0.3842 -0.0, -0.3642 -0.1677 -0.0, 0.4921 -0.089 -0.0, 0.3642 -0.1677 -0.0, 0.2264 -0.1677 -0.0, -0.5906 -0.1874 -0.0, -0.5651 -0.184 -0.0, -0.5413 -0.1742 -0.0, -0.521 -0.1586 -0.0, -0.5053 -0.1382 -0.0, -0.6758 -0.0398 -0.0, -0.6856 -0.0635 -0.0, -0.8661 1.1512 -0.0, -0.2264 -0.1677 -0.0, -0.616 -0.184 -0.0, -0.6398 -0.1742 -0.0, -0.6856 -0.1144 -0.0, -0.6758 -0.1382 -0.0, -0.6601 -0.1586 -0.0, -0.689 -0.089 -0.0, 0.4955 -0.1144 -0.0, 0.5053 -0.1382 -0.0, 0.521 -0.1586 -0.0, 0.5413 -0.1742 -0.0, 0.5651 -0.184 -0.0, 0.5906 -0.1874 -0.0, 0.616 -0.184 -0.0, 0.6398 -0.1742 -0.0, 0.6601 -0.1586 -0.0, 0.6758 -0.1382 -0.0, 0.6856 -0.1144 -0.0, 0.689 -0.089 -0.0, 0.6856 -0.0635 -0.0, 0.8661 1.1512 -0.0, 0.6758 -0.0398 -0.0, 0.6601 -0.0194 -0.0, 0.6398 -0.0037 -0.0, 0.616 0.0061 -0.0, 0.521 -0.0194 -0.0, 0.5053 -0.0398 -0.0, -0.521 -0.0194 -0.0, -0.5413 -0.0037 -0.0, -0.5651 0.0061 -0.0, -0.5906 0.0095 -0.0, -0.616 0.0061 -0.0, -0.6398 -0.0037 -0.0, -0.6601 -0.0194 -0.0, 0.5906 0.0095 -0.0, 0.5651 0.0061 -0.0, 0.5413 -0.0037 -0.0, -0.4955 -0.1144 -0.0, -0.4921 -0.089 -0.0, 0.4955 -0.0635 -0.0, -0.4955 -0.0635 -0.0, -0.5053 -0.0398 -0.0, 0.8661 1.1512 1.1811, -0.8661 1.1512 1.1811, 0.8661 1.1472 1.1811, -0.8661 1.1472 1.1811, 0.8661 -0.3803 1.1811, 0.8661 -0.3803 0.0394, 0.8661 1.1472 0.0394, 0.8661 0.5134 0.1772, 0.8661 0.5921 0.1772, 0.8661 0.5908 0.1874, 0.8661 0.5528 0.2165, 0.8661 0.563 0.2152, 0.8661 0.5724 0.2113, 0.8661 0.5869 0.1968, 0.8661 0.5806 0.205, 0.8661 0.8969 0.2152, 0.8661 0.8874 0.2113, 0.8661 0.9451 0.1874, 0.8661 0.5921 0.0787, 0.8661 0.5134 0.0394, 0.8661 0.9465 0.0394, 0.8661 0.5331 0.2113, 0.8661 0.5249 0.205, 0.8661 0.5426 0.2152, 0.8661 0.5187 0.1968, 0.8661 0.5147 0.1874, 0.8661 0.9465 0.1772, 0.8661 0.8793 0.205, 0.8661 0.873 0.1968, 0.8661 0.8691 0.1874, 0.8661 0.8677 0.1772, 0.8661 0.8677 0.0787, 0.8661 0.9268 0.2113, 0.8661 0.9349 0.205, 0.8661 0.9412 0.1968, 0.8661 0.9173 0.2152, 0.8661 0.9071 0.2165, -0.8661 0.5921 0.0787, -0.8661 0.5134 0.0394, -0.8661 0.5921 0.1772, -0.8661 0.5134 0.1772, -0.8661 0.5908 0.1874, -0.8661 0.9465 0.0394, -0.8661 0.8677 0.0787, -0.8661 0.9465 0.1772, -0.8661 0.8677 0.1772, -0.8661 0.5724 0.2113, -0.8661 0.563 0.2152, -0.8661 0.5528 0.2165, -0.8661 -0.3803 1.1811, -0.8661 -0.3803 0.0394, -0.8661 0.5187 0.1968, -0.8661 0.5249 0.205, -0.8661 0.5331 0.2113, -0.8661 0.5806 0.205, -0.8661 0.5869 0.1968, -0.8661 0.5147 0.1874, -0.8661 0.5426 0.2152, -0.8661 1.1472 0.0394, -0.8661 0.8691 0.1874, -0.8661 0.873 0.1968, -0.8661 0.9071 0.2165, -0.8661 0.8793 0.205, -0.8661 0.8969 0.2152, -0.8661 0.8874 0.2113, -0.8661 0.9268 0.2113, -0.8661 0.9349 0.205, -0.8661 0.9173 0.2152, -0.8661 0.9412 0.1968, -0.8661 0.9451 0.1874
            ]
        }
        coordIndex [
            0,1,2,-1,3,4,5,-1,6,2,7,-1,7,2,1,-1,7,1,5,-1,5,1,8,-1,5,8,3,-1,3,8,9,-1,3,9,10,-1,10,9,0,-1,10,0,11,-1,11,0,2,-1,12,13,11,-1,11,13,14,-1,11,14,10,-1,10,14,15,-1,10,15,16,-1,16,15,17,-1,18,19,20,-1,19,18,21,-1,21,18,16,-1,21,16,22,-1,22,16,17,-1,22,17,20,-1,20,17,13,-1,20,13,18,-1,18,13,12,-1,18,12,23,-1,24,4,3,-1,25,26,27,-1,25,28,29,-1,29,30,25,-1,25,30,31,-1,25,31,32,-1,33,34,35,-1,2,6,27,-1,27,6,36,-1,27,36,25,-1,25,36,24,-1,25,24,28,-1,28,24,3,-1,28,3,37,-1,37,3,38,-1,39,40,3,-1,3,40,41,-1,3,41,38,-1,35,34,3,-1,3,34,42,-1,3,42,39,-1,25,43,26,-1,26,43,44,-1,26,44,23,-1,23,44,45,-1,23,45,46,-1,46,47,23,-1,23,47,48,-1,23,48,18,-1,18,48,49,-1,18,49,50,-1,50,51,18,-1,18,51,52,-1,18,52,53,-1,53,54,18,-1,18,54,55,-1,18,55,56,-1,56,55,57,-1,57,58,56,-1,56,58,59,-1,56,59,60,-1,61,62,35,-1,35,62,63,-1,35,63,64,-1,64,65,35,-1,35,65,66,-1,35,66,67,-1,67,68,35,-1,35,68,69,-1,35,69,33,-1,60,70,56,-1,56,70,71,-1,56,71,35,-1,35,71,72,-1,35,72,61,-1,32,73,25,-1,25,73,74,-1,25,74,75,-1,75,74,76,-1,75,76,62,-1,62,76,77,-1,62,77,63,-1,78,79,80,-1,80,79,81,-1,82,16,83,-1,83,16,18,-1,78,80,84,-1,85,86,87,-1,88,85,89,-1,89,85,90,-1,87,91,85,-1,85,91,92,-1,85,92,90,-1,93,94,95,-1,86,85,96,-1,96,85,97,-1,96,97,98,-1,78,84,56,-1,56,84,98,-1,56,98,18,-1,18,98,97,-1,18,97,83,-1,99,100,101,-1,101,100,102,-1,101,102,88,-1,88,102,103,-1,88,103,85,-1,95,94,104,-1,104,94,105,-1,104,105,106,-1,106,107,104,-1,104,107,108,-1,104,108,98,-1,98,108,109,-1,98,109,96,-1,110,95,111,-1,111,95,112,-1,110,113,95,-1,95,113,114,-1,95,114,93,-1,79,78,35,-1,35,78,56,-1,115,116,117,-1,117,116,118,-1,117,118,119,-1,120,121,122,-1,122,121,123,-1,124,118,125,-1,125,118,126,-1,10,127,128,-1,129,130,131,-1,124,132,118,-1,118,132,133,-1,118,133,119,-1,10,128,3,-1,3,128,116,-1,3,116,35,-1,118,134,126,-1,126,134,129,-1,126,129,135,-1,135,129,131,-1,81,79,136,-1,136,79,35,-1,136,35,120,-1,120,35,116,-1,120,116,121,-1,121,116,115,-1,137,138,139,-1,139,138,140,-1,139,140,141,-1,141,140,142,-1,143,144,123,-1,137,139,123,-1,123,139,145,-1,123,145,143,-1,144,146,123,-1,123,146,147,-1,123,147,122,-1,127,10,82,-1,82,10,16,-1,
        ]
    }
}
Shape{
    appearance Appearance {
        material  Material 	{
            diffuseColor 0.6666666666666666 0.6666666666666666 0.6666666666666666
            specularColor 0.4666666666666667 0.4666666666666667 0.4666666666666667
            ambientIntensity 0.6667
            transparency 0.0
            shininess 0.5
        }
    }
    geometry IndexedFaceSet {
        ccw TRUE
        solid FALSE
        coord DEF co Coordinate {
            point [
                0.7087 -0.7779 0.0591, 0.7087 -0.5811 0.0591, 0.4724 -0.7779 0.0591, 0.4724 -0.5811 0.0591, 0.7087 -0.7779 -0.0, 0.4724 -0.7779 -0.0, 0.7087 -0.5811 -0.0, 0.4724 -0.5811 -0.0, 0.4724 -0.5629 0.0021, 0.7087 -0.5629 0.0021, 0.4724 -0.5458 0.0084, 0.7087 -0.5458 0.0084, 0.4724 -0.5305 0.0184, 0.7087 -0.5305 0.0184, 0.4724 -0.5179 0.0317, 0.7087 -0.5179 0.0317, 0.4724 -0.5088 0.0475, 0.7087 -0.5088 0.0475, 0.4724 -0.5036 0.0651, 0.7087 -0.5036 0.0651, 0.7087 -0.4356 0.4507, 0.4724 -0.4356 0.4507, 0.7087 -0.4342 0.4551, 0.4724 -0.4342 0.4551, 0.7087 -0.432 0.459, 0.4724 -0.432 0.459, 0.7087 -0.4288 0.4623, 0.4724 -0.4288 0.4623, 0.7087 -0.425 0.4649, 0.4724 -0.425 0.4649, 0.7087 -0.4207 0.4664, 0.4724 -0.4207 0.4664, 0.7087 -0.4162 0.467, 0.4724 -0.4162 0.467, 0.7087 -0.3842 0.467, 0.4724 -0.3842 0.467, 0.7087 -0.4162 0.526, 0.7087 -0.3842 0.526, 0.4724 -0.4162 0.526, 0.4724 -0.3842 0.526, 0.4724 -0.4343 0.5239, 0.7087 -0.4343 0.5239, 0.4724 -0.4515 0.5176, 0.7087 -0.4515 0.5176, 0.4724 -0.4668 0.5076, 0.7087 -0.4668 0.5076, 0.4724 -0.4793 0.4943, 0.7087 -0.4793 0.4943, 0.4724 -0.4885 0.4785, 0.7087 -0.4885 0.4785, 0.4724 -0.4937 0.4609, 0.7087 -0.4937 0.4609, 0.7087 -0.5617 0.0753, 0.4724 -0.5617 0.0753, 0.7087 -0.563 0.0709, 0.4724 -0.563 0.0709, 0.7087 -0.5653 0.067, 0.4724 -0.5653 0.067, 0.7087 -0.5684 0.0637, 0.4724 -0.5684 0.0637, 0.7087 -0.5723 0.0611, 0.4724 -0.5723 0.0611, 0.7087 -0.5766 0.0596, 0.4724 -0.5766 0.0596, 0.1181 -0.7779 0.0591, 0.1181 -0.5811 0.0591, -0.1181 -0.7779 0.0591, -0.1181 -0.5811 0.0591, 0.1181 -0.7779 -0.0, -0.1181 -0.7779 -0.0, 0.1181 -0.5811 -0.0, -0.1181 -0.5811 -0.0, -0.1181 -0.5629 0.0021, 0.1181 -0.5629 0.0021, -0.1181 -0.5458 0.0084, 0.1181 -0.5458 0.0084, -0.1181 -0.5305 0.0184, 0.1181 -0.5305 0.0184, -0.1181 -0.5179 0.0317, 0.1181 -0.5179 0.0317, -0.1181 -0.5088 0.0475, 0.1181 -0.5088 0.0475, -0.1181 -0.5036 0.0651, 0.1181 -0.5036 0.0651, 0.1181 -0.4356 0.4507, -0.1181 -0.4356 0.4507, 0.1181 -0.4342 0.4551, -0.1181 -0.4342 0.4551, 0.1181 -0.432 0.459, -0.1181 -0.432 0.459, 0.1181 -0.4288 0.4623, -0.1181 -0.4288 0.4623, 0.1181 -0.425 0.4649, -0.1181 -0.425 0.4649, 0.1181 -0.4207 0.4664, -0.1181 -0.4207 0.4664, 0.1181 -0.4162 0.467, -0.1181 -0.4162 0.467, 0.1181 -0.3842 0.467, -0.1181 -0.3842 0.467, 0.1181 -0.4162 0.526, 0.1181 -0.3842 0.526, -0.1181 -0.4162 0.526, -0.1181 -0.3842 0.526, -0.1181 -0.4343 0.5239, 0.1181 -0.4343 0.5239, -0.1181 -0.4515 0.5176, 0.1181 -0.4515 0.5176, -0.1181 -0.4668 0.5076, 0.1181 -0.4668 0.5076, -0.1181 -0.4793 0.4943, 0.1181 -0.4793 0.4943, -0.1181 -0.4885 0.4785, 0.1181 -0.4885 0.4785, -0.1181 -0.4937 0.4609, 0.1181 -0.4937 0.4609, 0.1181 -0.5617 0.0753, -0.1181 -0.5617 0.0753, 0.1181 -0.563 0.0709, -0.1181 -0.563 0.0709, 0.1181 -0.5653 0.067, -0.1181 -0.5653 0.067, 0.1181 -0.5684 0.0637, -0.1181 -0.5684 0.0637, 0.1181 -0.5723 0.0611, -0.1181 -0.5723 0.0611, 0.1181 -0.5766 0.0596, -0.1181 -0.5766 0.0596, -0.4724 -0.7779 0.0591, -0.4724 -0.5811 0.0591, -0.7087 -0.7779 0.0591, -0.7087 -0.5811 0.0591, -0.4724 -0.7779 -0.0, -0.7087 -0.7779 -0.0, -0.4724 -0.5811 -0.0, -0.7087 -0.5811 -0.0, -0.7087 -0.5629 0.0021, -0.4724 -0.5629 0.0021, -0.7087 -0.5458 0.0084, -0.4724 -0.5458 0.0084, -0.7087 -0.5305 0.0184, -0.4724 -0.5305 0.0184, -0.7087 -0.5179 0.0317, -0.4724 -0.5179 0.0317, -0.7087 -0.5088 0.0475, -0.4724 -0.5088 0.0475, -0.7087 -0.5036 0.0651, -0.4724 -0.5036 0.0651, -0.4724 -0.4356 0.4507, -0.7087 -0.4356 0.4507, -0.4724 -0.4342 0.4551, -0.7087 -0.4342 0.4551, -0.4724 -0.432 0.459, -0.7087 -0.432 0.459, -0.4724 -0.4288 0.4623, -0.7087 -0.4288 0.4623, -0.4724 -0.425 0.4649, -0.7087 -0.425 0.4649, -0.4724 -0.4207 0.4664, -0.7087 -0.4207 0.4664, -0.4724 -0.4162 0.467, -0.7087 -0.4162 0.467, -0.4724 -0.3842 0.467, -0.7087 -0.3842 0.467, -0.4724 -0.4162 0.526, -0.4724 -0.3842 0.526, -0.7087 -0.4162 0.526, -0.7087 -0.3842 0.526, -0.7087 -0.4343 0.5239, -0.4724 -0.4343 0.5239, -0.7087 -0.4515 0.5176, -0.4724 -0.4515 0.5176, -0.7087 -0.4668 0.5076, -0.4724 -0.4668 0.5076, -0.7087 -0.4793 0.4943, -0.4724 -0.4793 0.4943, -0.7087 -0.4885 0.4785, -0.4724 -0.4885 0.4785, -0.7087 -0.4937 0.4609, -0.4724 -0.4937 0.4609, -0.4724 -0.5617 0.0753, -0.7087 -0.5617 0.0753, -0.4724 -0.563 0.0709, -0.7087 -0.563 0.0709, -0.4724 -0.5653 0.067, -0.7087 -0.5653 0.067, -0.4724 -0.5684 0.0637, -0.7087 -0.5684 0.0637, -0.4724 -0.5723 0.0611, -0.7087 -0.5723 0.0611, -0.4724 -0.5766 0.0596, -0.7087 -0.5766 0.0596, -0.9449 0.5134 0.1772, -0.9449 0.5134 0.0394, -0.9449 -0.3803 0.0394, -0.9449 0.9412 0.1968, -0.9449 1.1472 1.1811, -0.9449 0.9451 0.1874, -0.9449 1.1472 0.0394, -0.9449 0.9465 0.1772, -0.9449 0.9465 0.0394, -0.9449 0.5331 0.2113, -0.9449 0.5249 0.205, -0.9449 -0.3803 1.1811, -0.9449 0.5187 0.1968, -0.9449 0.5147 0.1874, -0.9449 0.5806 0.205, -0.9449 0.5724 0.2113, -0.9449 0.9349 0.205, -0.9449 0.9268 0.2113, -0.9449 0.9173 0.2152, -0.9449 0.563 0.2152, -0.9449 0.5528 0.2165, -0.9449 0.5426 0.2152, -0.9449 0.5908 0.1874, -0.9449 0.5869 0.1968, -0.9449 0.8793 0.205, -0.9449 0.8874 0.2113, -0.9449 0.9071 0.2165, -0.9449 0.8969 0.2152, -0.9449 0.8677 0.0787, -0.9449 0.5921 0.0787, -0.9449 0.8677 0.1772, -0.9449 0.5921 0.1772, -0.9449 0.8691 0.1874, -0.9449 0.873 0.1968, -0.8661 0.9465 0.0394, -0.8661 1.1472 0.0394, -0.8661 0.5134 0.0394, -0.8661 -0.3803 0.0394, 0.8661 1.1472 0.0394, 0.9449 1.1472 0.0394, 0.8661 0.9465 0.0394, 0.9449 0.9465 0.0394, 0.9449 -0.3803 0.0394, 0.8661 -0.3803 0.0394, 0.9449 0.5134 0.0394, 0.8661 0.5134 0.0394, 0.9449 0.9465 0.1772, 0.9449 0.9173 0.2152, 0.9449 0.9268 0.2113, 0.9449 1.1472 1.1811, 0.9449 0.9071 0.2165, 0.9449 0.5249 0.205, 0.9449 0.5331 0.2113, 0.9449 -0.3803 1.1811, 0.9449 0.5426 0.2152, 0.9449 0.8793 0.205, 0.9449 0.8874 0.2113, 0.9449 0.8969 0.2152, 0.9449 0.9349 0.205, 0.9449 0.9412 0.1968, 0.9449 0.9451 0.1874, 0.9449 0.5528 0.2165, 0.9449 0.563 0.2152, 0.9449 0.5724 0.2113, 0.9449 0.5134 0.1772, 0.9449 0.5147 0.1874, 0.9449 0.5187 0.1968, 0.9449 0.5921 0.1772, 0.9449 0.5921 0.0787, 0.9449 0.8677 0.0787, 0.9449 0.5806 0.205, 0.9449 0.5869 0.1968, 0.9449 0.873 0.1968, 0.9449 0.5908 0.1874, 0.9449 0.8691 0.1874, 0.9449 0.8677 0.1772, 0.8661 1.1472 1.1811, 0.9422 1.1472 1.2015, 0.9343 1.1472 1.2205, -0.8661 1.1472 1.1811, -0.9422 1.1472 1.2015, -0.9055 1.1472 1.2493, -0.8865 1.1472 1.2572, -0.8661 1.1472 1.2598, 0.8661 1.1472 1.2598, 0.8865 1.1472 1.2572, -0.9343 1.1472 1.2205, -0.9218 1.1472 1.2368, 0.9055 1.1472 1.2493, 0.9218 1.1472 1.2368, -0.8661 -0.3803 1.1811, -0.9422 -0.3803 1.2015, -0.9343 -0.3803 1.2205, 0.8661 -0.3803 1.1811, 0.9218 -0.3803 1.2368, 0.9055 -0.3803 1.2493, -0.8865 -0.3803 1.2572, -0.9055 -0.3803 1.2493, -0.9218 -0.3803 1.2368, 0.9422 -0.3803 1.2015, 0.9343 -0.3803 1.2205, 0.8865 -0.3803 1.2572, 0.8661 -0.3803 1.2598, -0.8661 -0.3803 1.2598, 0.8661 0.5134 0.1772, 1.1811 0.5921 -0.0, 1.1811 0.5921 0.0787, 0.9449 0.5921 -0.0, 0.8661 0.5921 0.1772, 0.8661 0.5921 0.0787, 0.8892 0.5921 0.0231, 0.9055 0.5921 0.0105, 0.9245 0.5921 0.0027, 0.8688 0.5921 0.0584, 0.8767 0.5921 0.0394, 0.8661 0.9465 0.1772, 1.1811 0.8677 0.0787, 1.1811 0.8677 -0.0, 0.9449 0.8677 -0.0, 0.9245 0.8677 0.0027, 0.8661 0.8677 0.1772, 0.8661 0.8677 0.0787, 0.8688 0.8677 0.0584, 0.8767 0.8677 0.0394, 0.9055 0.8677 0.0105, 0.8892 0.8677 0.0231, 0.8661 0.5528 0.2165, 0.8661 0.563 0.2152, 0.8661 0.5724 0.2113, 0.8661 0.5806 0.205, 0.8661 0.5869 0.1968, 0.8661 0.5908 0.1874, 0.8661 0.5147 0.1874, 0.8661 0.5187 0.1968, 0.8661 0.5249 0.205, 0.8661 0.5331 0.2113, 0.8661 0.5426 0.2152, 0.8661 0.8691 0.1874, 0.8661 0.873 0.1968, 0.8661 0.8793 0.205, 0.8661 0.8874 0.2113, 0.8661 0.8969 0.2152, 0.8661 0.9071 0.2165, 0.8661 0.9173 0.2152, 0.8661 0.9268 0.2113, 0.8661 0.9349 0.205, 0.8661 0.9412 0.1968, 0.8661 0.9451 0.1874, -0.8892 0.5921 0.0231, -0.8767 0.5921 0.0394, -1.1811 0.5921 0.0787, -1.1811 0.5921 -0.0, -0.9449 0.5921 -0.0, -0.8661 0.5921 0.1772, -0.8661 0.5921 0.0787, -0.8688 0.5921 0.0584, -0.9245 0.5921 0.0027, -0.9055 0.5921 0.0105, -0.8661 0.5134 0.1772, -0.8892 0.8677 0.0231, -0.9055 0.8677 0.0105, -0.8661 0.8677 0.1772, -0.8661 0.8677 0.0787, -1.1811 0.8677 -0.0, -1.1811 0.8677 0.0787, -0.9449 0.8677 -0.0, -0.9245 0.8677 0.0027, -0.8688 0.8677 0.0584, -0.8767 0.8677 0.0394, -0.8661 0.9465 0.1772, -0.8661 0.5908 0.1874, -0.8661 0.5869 0.1968, -0.8661 0.5806 0.205, -0.8661 0.5724 0.2113, -0.8661 0.563 0.2152, -0.8661 0.5528 0.2165, -0.8661 0.5426 0.2152, -0.8661 0.5331 0.2113, -0.8661 0.5249 0.205, -0.8661 0.5187 0.1968, -0.8661 0.5147 0.1874, -0.8661 0.9071 0.2165, -0.8661 0.8969 0.2152, -0.8661 0.8874 0.2113, -0.8661 0.8793 0.205, -0.8661 0.873 0.1968, -0.8661 0.8691 0.1874, -0.8661 0.9451 0.1874, -0.8661 0.9412 0.1968, -0.8661 0.9349 0.205, -0.8661 0.9268 0.2113, -0.8661 0.9173 0.2152, -0.2775 0.3612 1.1811, -0.2933 0.4279 1.1811, -0.2933 0.4279 1.3779, -0.2953 0.4622 1.1811, -0.2933 0.4965 1.3779, -0.2933 0.4965 1.1811, -0.2775 0.5632 1.3779, -0.2775 0.5632 1.1811, -0.2467 0.6245 1.3779, -0.2467 0.6245 1.1811, -0.2026 0.677 1.3779, -0.2026 0.677 1.1811, -0.1476 0.7179 1.3779, -0.1476 0.7179 1.1811, -0.0847 0.7451 1.3779, -0.0847 0.7451 1.1811, -0.0172 0.757 1.3779, -0.0172 0.757 1.1811, 0.0513 0.753 1.3779, 0.0513 0.753 1.1811, 0.117 0.7333 1.3779, 0.117 0.7333 1.1811, 0.1763 0.6991 1.3779, 0.1763 0.6991 1.1811, 0.2262 0.652 1.3779, 0.2262 0.652 1.1811, 0.2639 0.5947 1.3779, 0.2639 0.5947 1.1811, 0.2873 0.5303 1.3779, 0.2873 0.5303 1.1811, 0.2953 0.4622 1.3779, 0.2953 0.4622 1.1811, 0.2873 0.3941 1.3779, 0.2873 0.3941 1.1811, 0.2639 0.3297 1.3779, 0.2639 0.3297 1.1811, 0.2262 0.2724 1.3779, 0.2262 0.2724 1.1811, 0.1763 0.2254 1.3779, 0.1763 0.2254 1.1811, 0.117 0.1911 1.3779, 0.117 0.1911 1.1811, 0.0513 0.1714 1.3779, 0.0513 0.1714 1.1811, -0.0172 0.1674 1.3779, -0.0172 0.1674 1.1811, -0.0847 0.1793 1.3779, -0.0847 0.1793 1.1811, -0.1476 0.2065 1.3779, -0.1476 0.2065 1.1811, -0.2026 0.2474 1.3779, -0.2026 0.2474 1.1811, -0.2467 0.3 1.3779, -0.2467 0.3 1.1811, -0.2775 0.3612 1.3779, 0.1151 0.7554 1.3779, 0.2602 0.2848 1.3779, 0.2838 0.3256 1.3779, 0.0701 0.1551 1.3779, 0.1151 0.169 1.3779, 0.1575 0.1894 1.3779, 0.1964 0.216 1.3779, 0.2309 0.248 1.3779, -0.1964 0.216 1.3779, -0.1575 0.1894 1.3779, -0.2309 0.6764 1.3779, -0.2602 0.6396 1.3779, -0.1151 0.7554 1.3779, -0.1575 0.735 1.3779, -0.1964 0.7085 1.3779, 0.301 0.3694 1.3779, 0.3114 0.4153 1.3779, 0.315 0.4622 1.3779, -0.1151 0.169 1.3779, -0.0701 0.1551 1.3779, -0.0235 0.1481 1.3779, 0.0235 0.1481 1.3779, -0.2838 0.3256 1.3779, -0.2602 0.2848 1.3779, -0.2309 0.248 1.3779, -0.3114 0.4153 1.3779, -0.301 0.3694 1.3779, 0.2309 0.6764 1.3779, 0.1964 0.7085 1.3779, 0.1575 0.735 1.3779, -0.2838 0.5989 1.3779, -0.301 0.555 1.3779, -0.3114 0.5092 1.3779, -0.315 0.4622 1.3779, 0.0701 0.7693 1.3779, 0.0235 0.7763 1.3779, -0.0235 0.7763 1.3779, -0.0701 0.7693 1.3779, 0.3114 0.5092 1.3779, 0.301 0.555 1.3779, 0.2838 0.5989 1.3779, 0.2602 0.6396 1.3779, -0.374 0.4622 1.2598, -0.3658 0.3844 1.2598, -0.3698 0.4065 1.3189, -0.3417 0.3101 1.2598, -0.3574 0.352 1.3189, -0.3649 0.3847 1.3189, -0.3021 0.2428 1.3189, -0.309 0.2515 1.3189, -0.3026 0.2424 1.2598, -0.337 0.2999 1.3189, -0.3411 0.3103 1.3189, -0.2742 0.2078 1.3189, -0.2503 0.1843 1.2598, -0.2496 0.185 1.3189, -0.2332 0.1698 1.3189, -0.187 0.1383 1.2598, -0.187 0.1383 1.3189, -0.1366 0.114 1.3189, -0.1156 0.1065 1.2598, -0.1153 0.1075 1.3189, -0.0832 0.0976 1.3189, -0.0391 0.0902 1.2598, -0.039 0.0909 1.3189, -0.028 0.0892 1.3189, 0.0391 0.0902 1.2598, 0.028 0.0892 1.3189, 0.1156 0.1065 1.2598, 0.0832 0.0976 1.3189, 0.039 0.0909 1.3189, 0.187 0.1383 1.2598, 0.1366 0.114 1.3189, 0.1153 0.1075 1.3189, 0.2503 0.1843 1.2598, 0.2332 0.1698 1.3189, 0.187 0.1383 1.3189, 0.3026 0.2424 1.2598, 0.2742 0.2078 1.3189, 0.2496 0.185 1.3189, 0.3411 0.3103 1.3189, 0.337 0.2999 1.3189, 0.3417 0.3101 1.2598, 0.309 0.2515 1.3189, 0.3021 0.2428 1.3189, 0.3574 0.352 1.3189, 0.3658 0.3844 1.2598, 0.3649 0.3847 1.3189, 0.3698 0.4065 1.3189, 0.374 0.4622 1.2598, 0.374 0.4622 1.3189, 0.3698 0.518 1.3189, 0.3658 0.54 1.2598, 0.3649 0.5397 1.3189, 0.3574 0.5725 1.3189, 0.3417 0.6143 1.2598, 0.3411 0.6141 1.3189, 0.337 0.6245 1.3189, 0.3026 0.6821 1.2598, 0.309 0.6729 1.3189, 0.2503 0.7402 1.2598, 0.2742 0.7166 1.3189, 0.3021 0.6816 1.3189, 0.187 0.7861 1.2598, 0.2332 0.7546 1.3189, 0.2496 0.7394 1.3189, 0.1156 0.8179 1.2598, 0.1366 0.8104 1.3189, 0.187 0.7861 1.3189, 0.0391 0.8342 1.2598, 0.0832 0.8268 1.3189, 0.1153 0.817 1.3189, -0.039 0.8335 1.3189, -0.028 0.8352 1.3189, -0.0391 0.8342 1.2598, 0.028 0.8352 1.3189, 0.039 0.8335 1.3189, -0.0832 0.8268 1.3189, -0.1156 0.8179 1.2598, -0.1153 0.817 1.3189, -0.1366 0.8104 1.3189, -0.187 0.7861 1.2598, -0.187 0.7861 1.3189, -0.2332 0.7546 1.3189, -0.2503 0.7402 1.2598, -0.2496 0.7394 1.3189, -0.2742 0.7166 1.3189, -0.3026 0.6821 1.2598, -0.3021 0.6816 1.3189, -0.309 0.6729 1.3189, -0.3417 0.6143 1.2598, -0.337 0.6245 1.3189, -0.3658 0.54 1.2598, -0.3574 0.5725 1.3189, -0.3411 0.6141 1.3189, -0.374 0.4622 1.3189, -0.3698 0.518 1.3189, -0.3649 0.5397 1.3189, 0.3555 0.5719 1.3342, 0.2727 0.7152 1.3342, 0.0828 0.8249 1.3342, -0.0828 0.8249 1.3342, -0.2727 0.7152 1.3342, -0.3555 0.5719 1.3342, -0.3555 0.3526 1.3342, -0.2727 0.2092 1.3342, -0.0828 0.0995 1.3342, 0.0828 0.0995 1.3342, 0.2727 0.2092 1.3342, 0.3555 0.3526 1.3342, 0.3266 0.413 1.3759, 0.3156 0.3649 1.3759, 0.3406 0.4109 1.37, 0.3292 0.3607 1.37, 0.3527 0.409 1.3607, 0.3409 0.3571 1.3607, 0.362 0.4076 1.3484, 0.3498 0.3543 1.3484, 0.3678 0.4068 1.3342, 0.2729 0.2762 1.3759, 0.2421 0.2376 1.3759, 0.2846 0.2682 1.37, 0.2525 0.2279 1.37, 0.2947 0.2613 1.3607, 0.2615 0.2196 1.3607, 0.3025 0.256 1.3484, 0.2684 0.2132 1.3484, 0.3074 0.2527 1.3342, 0.1207 0.1548 1.3759, 0.0735 0.1402 1.3759, 0.1259 0.1415 1.37, 0.0767 0.1264 1.37, 0.1303 0.1302 1.3607, 0.0794 0.1144 1.3607, 0.1338 0.1214 1.3484, 0.0815 0.1053 1.3484, 0.1359 0.1159 1.3342, -0.0247 0.1329 1.3759, -0.0735 0.1402 1.3759, -0.0257 0.1187 1.37, -0.0767 0.1264 1.37, -0.0267 0.1065 1.3607, -0.0794 0.1144 1.3607, -0.0274 0.0971 1.3484, -0.0815 0.1053 1.3484, -0.0278 0.0912 1.3342, -0.2059 0.204 1.3759, -0.2421 0.2376 1.3759, -0.2148 0.1929 1.37, -0.2525 0.2279 1.37, -0.2224 0.1833 1.3607, -0.2615 0.2196 1.3607, -0.2283 0.176 1.3484, -0.2684 0.2132 1.3484, -0.2319 0.1714 1.3342, -0.2975 0.3189 1.3759, -0.3156 0.3649 1.3759, -0.3104 0.3127 1.37, -0.3292 0.3607 1.37, -0.3214 0.3074 1.3607, -0.3409 0.3571 1.3607, -0.3298 0.3034 1.3484, -0.3498 0.3543 1.3484, -0.3352 0.3008 1.3342, -0.3266 0.5114 1.3759, -0.3156 0.5596 1.3759, -0.3406 0.5136 1.37, -0.3292 0.5638 1.37, -0.3527 0.5154 1.3607, -0.3409 0.5674 1.3607, -0.362 0.5168 1.3484, -0.3498 0.5701 1.3484, -0.3678 0.5177 1.3342, -0.2729 0.6482 1.3759, -0.2421 0.6868 1.3759, -0.2846 0.6563 1.37, -0.2525 0.6965 1.37, -0.2947 0.6632 1.3607, -0.2615 0.7048 1.3607, -0.3025 0.6684 1.3484, -0.2684 0.7112 1.3484, -0.3074 0.6718 1.3342, -0.1207 0.7696 1.3759, -0.0735 0.7842 1.3759, -0.1259 0.7829 1.37, -0.0767 0.7981 1.37, -0.1303 0.7943 1.3607, -0.0794 0.81 1.3607, -0.1338 0.803 1.3484, -0.0815 0.8191 1.3484, -0.1359 0.8085 1.3342, 0.0247 0.7915 1.3759, 0.0735 0.7842 1.3759, 0.0257 0.8057 1.37, 0.0767 0.7981 1.37, 0.0267 0.8179 1.3607, 0.0794 0.81 1.3607, 0.0274 0.8273 1.3484, 0.0815 0.8191 1.3484, 0.0278 0.8332 1.3342, 0.2059 0.7204 1.3759, 0.2421 0.6868 1.3759, 0.2148 0.7315 1.37, 0.2525 0.6965 1.37, 0.2224 0.7411 1.3607, 0.2615 0.7048 1.3607, 0.2283 0.7484 1.3484, 0.2684 0.7112 1.3484, 0.2319 0.7531 1.3342, 0.2975 0.6055 1.3759, 0.3156 0.5596 1.3759, 0.3104 0.6117 1.37, 0.3292 0.5638 1.37, 0.3214 0.617 1.3607, 0.3409 0.5674 1.3607, 0.3298 0.6211 1.3484, 0.3498 0.5701 1.3484, 0.3352 0.6236 1.3342, 0.3302 0.4622 1.3759, 0.3445 0.4622 1.37, 0.3567 0.4622 1.3607, 0.3661 0.4622 1.3484, 0.372 0.4622 1.3342, 0.3352 0.3008 1.3342, 0.3298 0.3034 1.3484, 0.3214 0.3074 1.3607, 0.3104 0.3127 1.37, 0.2975 0.3189 1.3759, 0.2319 0.1714 1.3342, 0.2283 0.176 1.3484, 0.2224 0.1833 1.3607, 0.2148 0.1929 1.37, 0.2059 0.204 1.3759, 0.1651 0.1762 1.3759, 0.1722 0.1639 1.37, 0.1784 0.1533 1.3607, 0.1831 0.1452 1.3484, 0.186 0.14 1.3342, 0.0278 0.0912 1.3342, 0.0274 0.0971 1.3484, 0.0267 0.1065 1.3607, 0.0257 0.1187 1.37, 0.0247 0.1329 1.3759, -0.1359 0.1159 1.3342, -0.1338 0.1214 1.3484, -0.1303 0.1302 1.3607, -0.1259 0.1415 1.37, -0.1207 0.1548 1.3759, -0.1651 0.1762 1.3759, -0.1722 0.1639 1.37, -0.1784 0.1533 1.3607, -0.1831 0.1452 1.3484, -0.186 0.14 1.3342, -0.3074 0.2527 1.3342, -0.3025 0.256 1.3484, -0.2947 0.2613 1.3607, -0.2846 0.2682 1.37, -0.2729 0.2762 1.3759, -0.3678 0.4068 1.3342, -0.362 0.4076 1.3484, -0.3527 0.409 1.3607, -0.3406 0.4109 1.37, -0.3266 0.413 1.3759, -0.3302 0.4622 1.3759, -0.3445 0.4622 1.37, -0.3567 0.4622 1.3607, -0.3661 0.4622 1.3484, -0.372 0.4622 1.3342, -0.3352 0.6236 1.3342, -0.3298 0.6211 1.3484, -0.3214 0.617 1.3607, -0.3104 0.6117 1.37, -0.2975 0.6055 1.3759, -0.2319 0.7531 1.3342, -0.2283 0.7484 1.3484, -0.2224 0.7411 1.3607, -0.2148 0.7315 1.37, -0.2059 0.7204 1.3759, -0.1651 0.7482 1.3759, -0.1722 0.7605 1.37, -0.1784 0.7711 1.3607, -0.1831 0.7793 1.3484, -0.186 0.7844 1.3342, -0.0278 0.8332 1.3342, -0.0274 0.8273 1.3484, -0.0267 0.8179 1.3607, -0.0257 0.8057 1.37, -0.0247 0.7915 1.3759, 0.1359 0.8085 1.3342, 0.1338 0.803 1.3484, 0.1303 0.7943 1.3607, 0.1259 0.7829 1.37, 0.1207 0.7696 1.3759, 0.1651 0.7482 1.3759, 0.1722 0.7605 1.37, 0.1784 0.7711 1.3607, 0.1831 0.7793 1.3484, 0.186 0.7844 1.3342, 0.3074 0.6718 1.3342, 0.3025 0.6684 1.3484, 0.2947 0.6632 1.3607, 0.2846 0.6563 1.37, 0.2729 0.6482 1.3759, 0.3678 0.5177 1.3342, 0.362 0.5168 1.3484, 0.3527 0.5154 1.3607, 0.3406 0.5136 1.37, 0.3266 0.5114 1.3759
            ]
        }
        coordIndex [
            0,1,2,-1,2,1,3,-1,4,0,5,-1,5,0,2,-1,6,4,7,-1,7,4,5,-1,6,7,8,-1,6,8,9,-1,9,8,10,-1,9,10,11,-1,11,10,12,-1,11,12,13,-1,13,12,14,-1,13,14,15,-1,15,14,16,-1,15,16,17,-1,17,16,18,-1,17,18,19,-1,20,19,21,-1,21,19,18,-1,20,21,22,-1,22,21,23,-1,22,23,24,-1,24,23,25,-1,24,25,26,-1,26,25,27,-1,26,27,28,-1,28,27,29,-1,28,29,30,-1,30,29,31,-1,30,31,32,-1,32,31,33,-1,34,32,35,-1,35,32,33,-1,36,37,38,-1,38,37,39,-1,36,38,40,-1,36,40,41,-1,41,40,42,-1,41,42,43,-1,43,42,44,-1,43,44,45,-1,45,44,46,-1,45,46,47,-1,47,46,48,-1,47,48,49,-1,49,48,50,-1,49,50,51,-1,52,51,53,-1,53,51,50,-1,52,53,54,-1,54,53,55,-1,54,55,56,-1,56,55,57,-1,56,57,58,-1,58,57,59,-1,58,59,60,-1,60,59,61,-1,60,61,62,-1,62,61,63,-1,62,63,1,-1,1,63,3,-1,34,37,32,-1,32,37,36,-1,32,36,30,-1,30,36,41,-1,30,41,28,-1,28,41,43,-1,28,43,26,-1,26,43,45,-1,26,45,24,-1,24,45,47,-1,24,47,22,-1,22,47,49,-1,22,49,20,-1,20,49,51,-1,20,51,19,-1,19,51,52,-1,19,52,17,-1,17,52,54,-1,17,54,15,-1,15,54,56,-1,15,56,13,-1,13,56,58,-1,13,58,11,-1,11,58,60,-1,11,60,9,-1,9,60,62,-1,9,62,6,-1,6,62,1,-1,6,1,4,-1,4,1,0,-1,5,2,7,-1,7,2,3,-1,7,3,8,-1,8,3,63,-1,8,63,10,-1,10,63,61,-1,10,61,12,-1,12,61,59,-1,12,59,14,-1,14,59,57,-1,14,57,16,-1,16,57,55,-1,16,55,18,-1,18,55,53,-1,18,53,21,-1,21,53,50,-1,21,50,23,-1,23,50,48,-1,23,48,25,-1,25,48,46,-1,25,46,27,-1,27,46,44,-1,27,44,29,-1,29,44,42,-1,29,42,31,-1,31,42,40,-1,31,40,33,-1,33,40,38,-1,33,38,35,-1,35,38,39,-1,64,65,66,-1,66,65,67,-1,68,64,69,-1,69,64,66,-1,70,68,71,-1,71,68,69,-1,70,71,72,-1,70,72,73,-1,73,72,74,-1,73,74,75,-1,75,74,76,-1,75,76,77,-1,77,76,78,-1,77,78,79,-1,79,78,80,-1,79,80,81,-1,81,80,82,-1,81,82,83,-1,84,83,85,-1,85,83,82,-1,84,85,86,-1,86,85,87,-1,86,87,88,-1,88,87,89,-1,88,89,90,-1,90,89,91,-1,90,91,92,-1,92,91,93,-1,92,93,94,-1,94,93,95,-1,94,95,96,-1,96,95,97,-1,98,96,99,-1,99,96,97,-1,100,101,102,-1,102,101,103,-1,100,102,104,-1,100,104,105,-1,105,104,106,-1,105,106,107,-1,107,106,108,-1,107,108,109,-1,109,108,110,-1,109,110,111,-1,111,110,112,-1,111,112,113,-1,113,112,114,-1,113,114,115,-1,116,115,117,-1,117,115,114,-1,116,117,118,-1,118,117,119,-1,118,119,120,-1,120,119,121,-1,120,121,122,-1,122,121,123,-1,122,123,124,-1,124,123,125,-1,124,125,126,-1,126,125,127,-1,126,127,65,-1,65,127,67,-1,98,101,96,-1,96,101,100,-1,96,100,94,-1,94,100,105,-1,94,105,92,-1,92,105,107,-1,92,107,90,-1,90,107,109,-1,90,109,88,-1,88,109,111,-1,88,111,86,-1,86,111,113,-1,86,113,84,-1,84,113,115,-1,84,115,83,-1,83,115,116,-1,83,116,81,-1,81,116,118,-1,81,118,79,-1,79,118,120,-1,79,120,77,-1,77,120,122,-1,77,122,75,-1,75,122,124,-1,75,124,73,-1,73,124,126,-1,73,126,70,-1,70,126,65,-1,70,65,68,-1,68,65,64,-1,69,66,71,-1,71,66,67,-1,71,67,72,-1,72,67,127,-1,72,127,74,-1,74,127,125,-1,74,125,76,-1,76,125,123,-1,76,123,78,-1,78,123,121,-1,78,121,80,-1,80,121,119,-1,80,119,82,-1,82,119,117,-1,82,117,85,-1,85,117,114,-1,85,114,87,-1,87,114,112,-1,87,112,89,-1,89,112,110,-1,89,110,91,-1,91,110,108,-1,91,108,93,-1,93,108,106,-1,93,106,95,-1,95,106,104,-1,95,104,97,-1,97,104,102,-1,97,102,99,-1,99,102,103,-1,128,129,130,-1,130,129,131,-1,132,128,133,-1,133,128,130,-1,134,132,135,-1,135,132,133,-1,134,135,136,-1,134,136,137,-1,137,136,138,-1,137,138,139,-1,139,138,140,-1,139,140,141,-1,141,140,142,-1,141,142,143,-1,143,142,144,-1,143,144,145,-1,145,144,146,-1,145,146,147,-1,148,147,149,-1,149,147,146,-1,148,149,150,-1,150,149,151,-1,150,151,152,-1,152,151,153,-1,152,153,154,-1,154,153,155,-1,154,155,156,-1,156,155,157,-1,156,157,158,-1,158,157,159,-1,158,159,160,-1,160,159,161,-1,162,160,163,-1,163,160,161,-1,164,165,166,-1,166,165,167,-1,164,166,168,-1,164,168,169,-1,169,168,170,-1,169,170,171,-1,171,170,172,-1,171,172,173,-1,173,172,174,-1,173,174,175,-1,175,174,176,-1,175,176,177,-1,177,176,178,-1,177,178,179,-1,180,179,181,-1,181,179,178,-1,180,181,182,-1,182,181,183,-1,182,183,184,-1,184,183,185,-1,184,185,186,-1,186,185,187,-1,186,187,188,-1,188,187,189,-1,188,189,190,-1,190,189,191,-1,190,191,129,-1,129,191,131,-1,162,165,160,-1,160,165,164,-1,160,164,158,-1,158,164,169,-1,158,169,156,-1,156,169,171,-1,156,171,154,-1,154,171,173,-1,154,173,152,-1,152,173,175,-1,152,175,150,-1,150,175,177,-1,150,177,148,-1,148,177,179,-1,148,179,147,-1,147,179,180,-1,147,180,145,-1,145,180,182,-1,145,182,143,-1,143,182,184,-1,143,184,141,-1,141,184,186,-1,141,186,139,-1,139,186,188,-1,139,188,137,-1,137,188,190,-1,137,190,134,-1,134,190,129,-1,134,129,132,-1,132,129,128,-1,133,130,135,-1,135,130,131,-1,135,131,136,-1,136,131,191,-1,136,191,138,-1,138,191,189,-1,138,189,140,-1,140,189,187,-1,140,187,142,-1,142,187,185,-1,142,185,144,-1,144,185,183,-1,144,183,146,-1,146,183,181,-1,146,181,149,-1,149,181,178,-1,149,178,151,-1,151,178,176,-1,151,176,153,-1,153,176,174,-1,153,174,155,-1,155,174,172,-1,155,172,157,-1,157,172,170,-1,157,170,159,-1,159,170,168,-1,159,168,161,-1,161,168,166,-1,161,166,163,-1,163,166,167,-1,192,193,194,-1,195,196,197,-1,197,196,198,-1,197,198,199,-1,199,198,200,-1,201,202,203,-1,203,202,204,-1,203,204,194,-1,194,204,205,-1,194,205,192,-1,196,206,207,-1,195,208,196,-1,196,208,209,-1,196,209,210,-1,207,211,196,-1,196,211,212,-1,196,212,203,-1,203,212,213,-1,203,213,201,-1,214,215,216,-1,216,215,206,-1,216,206,217,-1,217,206,196,-1,210,218,196,-1,196,218,219,-1,196,219,217,-1,220,221,222,-1,222,221,223,-1,222,223,224,-1,224,223,214,-1,224,214,225,-1,225,214,216,-1,200,198,226,-1,226,198,227,-1,228,229,193,-1,193,229,194,-1,230,231,232,-1,232,231,233,-1,234,235,236,-1,236,235,237,-1,238,233,231,-1,239,240,241,-1,239,241,242,-1,243,244,245,-1,245,244,246,-1,245,246,241,-1,247,248,241,-1,241,248,249,-1,241,249,242,-1,240,250,241,-1,241,250,251,-1,241,251,231,-1,231,251,252,-1,231,252,238,-1,246,253,241,-1,241,253,254,-1,241,254,247,-1,247,254,255,-1,236,256,234,-1,234,256,257,-1,234,257,245,-1,245,257,258,-1,245,258,243,-1,259,260,261,-1,255,262,247,-1,247,262,263,-1,247,263,264,-1,264,263,265,-1,264,265,266,-1,266,265,259,-1,266,259,267,-1,267,259,261,-1,231,230,241,-1,241,230,268,-1,241,268,269,-1,269,268,270,-1,227,198,271,-1,271,198,196,-1,271,196,272,-1,273,274,271,-1,271,274,275,-1,271,275,268,-1,268,275,276,-1,268,276,277,-1,272,278,271,-1,271,278,279,-1,271,279,273,-1,277,280,268,-1,268,280,281,-1,268,281,270,-1,194,229,203,-1,203,229,282,-1,203,282,283,-1,283,282,284,-1,235,234,285,-1,285,234,245,-1,285,286,287,-1,288,289,282,-1,282,289,290,-1,282,290,284,-1,245,291,285,-1,285,291,292,-1,285,292,286,-1,287,293,285,-1,285,293,294,-1,285,294,282,-1,282,294,295,-1,282,295,288,-1,276,294,293,-1,276,293,277,-1,277,293,287,-1,277,287,280,-1,280,287,286,-1,280,286,281,-1,281,286,292,-1,281,292,270,-1,270,292,291,-1,270,291,269,-1,269,291,245,-1,269,245,241,-1,196,203,283,-1,196,283,272,-1,272,283,284,-1,272,284,278,-1,278,284,290,-1,278,290,279,-1,279,290,289,-1,279,289,273,-1,273,289,288,-1,273,288,274,-1,274,288,295,-1,274,295,275,-1,256,236,296,-1,296,236,237,-1,297,298,299,-1,299,298,260,-1,259,300,260,-1,260,300,301,-1,302,303,260,-1,260,303,304,-1,260,304,299,-1,301,305,260,-1,260,305,306,-1,260,306,302,-1,307,232,238,-1,238,232,233,-1,308,309,261,-1,261,309,310,-1,261,310,311,-1,312,267,313,-1,313,267,261,-1,313,261,314,-1,314,261,315,-1,311,316,261,-1,261,316,317,-1,261,317,315,-1,298,308,260,-1,260,308,261,-1,310,309,299,-1,299,309,297,-1,297,309,298,-1,298,309,308,-1,301,313,314,-1,301,314,305,-1,305,314,315,-1,305,315,306,-1,306,315,317,-1,306,317,302,-1,302,317,316,-1,302,316,303,-1,303,316,311,-1,303,311,304,-1,304,311,310,-1,304,310,299,-1,253,318,254,-1,254,318,319,-1,254,319,255,-1,255,319,320,-1,255,320,262,-1,262,320,321,-1,262,321,263,-1,263,321,322,-1,263,322,265,-1,265,322,323,-1,265,323,259,-1,259,323,300,-1,256,296,257,-1,257,296,324,-1,257,324,258,-1,258,324,325,-1,258,325,243,-1,243,325,326,-1,243,326,244,-1,244,326,327,-1,244,327,246,-1,246,327,328,-1,246,328,253,-1,253,328,318,-1,267,312,266,-1,266,312,329,-1,266,329,264,-1,264,329,330,-1,264,330,247,-1,247,330,331,-1,247,331,248,-1,248,331,332,-1,248,332,249,-1,249,332,333,-1,249,333,242,-1,242,333,334,-1,242,334,239,-1,239,334,335,-1,239,335,240,-1,240,335,336,-1,240,336,250,-1,250,336,337,-1,250,337,251,-1,251,337,338,-1,251,338,252,-1,252,338,339,-1,252,339,238,-1,238,339,307,-1,221,340,341,-1,342,343,221,-1,221,343,344,-1,345,223,346,-1,346,223,221,-1,346,221,347,-1,347,221,341,-1,344,348,221,-1,221,348,349,-1,221,349,340,-1,350,228,192,-1,192,228,193,-1,220,351,352,-1,222,353,220,-1,220,353,354,-1,355,356,357,-1,357,356,220,-1,357,220,358,-1,358,220,352,-1,354,359,220,-1,220,359,360,-1,220,360,351,-1,199,200,361,-1,361,200,226,-1,220,356,221,-1,221,356,342,-1,344,343,357,-1,357,343,355,-1,355,343,356,-1,356,343,342,-1,354,346,347,-1,354,347,359,-1,359,347,341,-1,359,341,360,-1,360,341,340,-1,360,340,351,-1,351,340,349,-1,351,349,352,-1,352,349,348,-1,352,348,358,-1,358,348,344,-1,358,344,357,-1,223,345,214,-1,214,345,362,-1,214,362,215,-1,215,362,363,-1,215,363,206,-1,206,363,364,-1,206,364,207,-1,207,364,365,-1,207,365,211,-1,211,365,366,-1,211,366,212,-1,212,366,367,-1,212,367,213,-1,213,367,368,-1,213,368,201,-1,201,368,369,-1,201,369,202,-1,202,369,370,-1,202,370,204,-1,204,370,371,-1,204,371,205,-1,205,371,372,-1,205,372,192,-1,192,372,350,-1,218,373,219,-1,219,373,374,-1,219,374,217,-1,217,374,375,-1,217,375,216,-1,216,375,376,-1,216,376,225,-1,225,376,377,-1,225,377,224,-1,224,377,378,-1,224,378,222,-1,222,378,353,-1,199,361,197,-1,197,361,379,-1,197,379,195,-1,195,379,380,-1,195,380,208,-1,208,380,381,-1,208,381,209,-1,209,381,382,-1,209,382,210,-1,210,382,383,-1,210,383,218,-1,218,383,373,-1,384,385,386,-1,386,385,387,-1,386,387,388,-1,388,387,389,-1,388,389,390,-1,390,389,391,-1,390,391,392,-1,392,391,393,-1,392,393,394,-1,394,393,395,-1,394,395,396,-1,396,395,397,-1,396,397,398,-1,398,397,399,-1,398,399,400,-1,400,399,401,-1,400,401,402,-1,402,401,403,-1,402,403,404,-1,404,403,405,-1,404,405,406,-1,406,405,407,-1,406,407,408,-1,408,407,409,-1,408,409,410,-1,410,409,411,-1,410,411,412,-1,412,411,413,-1,412,413,414,-1,414,413,415,-1,414,415,416,-1,416,415,417,-1,416,417,418,-1,418,417,419,-1,418,419,420,-1,420,419,421,-1,420,421,422,-1,422,421,423,-1,422,423,424,-1,424,423,425,-1,424,425,426,-1,426,425,427,-1,426,427,428,-1,428,427,429,-1,428,429,430,-1,430,429,431,-1,430,431,432,-1,432,431,433,-1,432,433,434,-1,434,433,435,-1,434,435,436,-1,436,435,437,-1,436,437,438,-1,438,437,384,-1,438,384,386,-1,402,404,439,-1,420,440,418,-1,418,440,441,-1,418,441,416,-1,424,426,442,-1,442,443,424,-1,424,443,444,-1,424,444,422,-1,422,444,445,-1,422,445,420,-1,420,445,446,-1,420,446,440,-1,434,447,432,-1,432,447,448,-1,432,448,430,-1,394,449,392,-1,392,449,450,-1,392,450,390,-1,398,451,396,-1,396,451,452,-1,396,452,394,-1,394,452,453,-1,394,453,449,-1,441,454,416,-1,416,454,455,-1,416,455,414,-1,414,455,456,-1,414,456,412,-1,448,457,430,-1,430,457,458,-1,430,458,428,-1,428,458,459,-1,428,459,426,-1,426,459,460,-1,426,460,442,-1,438,461,436,-1,436,461,462,-1,436,462,434,-1,434,462,463,-1,434,463,447,-1,386,464,438,-1,438,464,465,-1,438,465,461,-1,408,466,406,-1,406,466,467,-1,406,467,404,-1,404,467,468,-1,404,468,439,-1,450,469,390,-1,390,469,470,-1,390,470,388,-1,388,470,471,-1,388,471,386,-1,386,471,472,-1,386,472,464,-1,439,473,402,-1,402,473,474,-1,402,474,400,-1,400,474,475,-1,400,475,398,-1,398,475,476,-1,398,476,451,-1,456,477,412,-1,412,477,478,-1,412,478,410,-1,410,478,479,-1,410,479,408,-1,408,479,480,-1,408,480,466,-1,481,482,483,-1,484,485,482,-1,482,485,486,-1,482,486,483,-1,487,488,489,-1,489,488,490,-1,489,490,484,-1,484,490,491,-1,484,491,485,-1,487,489,492,-1,492,489,493,-1,492,493,494,-1,494,493,495,-1,495,493,496,-1,495,496,497,-1,497,496,498,-1,498,496,499,-1,498,499,500,-1,500,499,501,-1,501,499,502,-1,501,502,503,-1,503,502,504,-1,504,502,505,-1,504,505,506,-1,507,508,505,-1,505,508,509,-1,505,509,506,-1,510,511,507,-1,507,511,512,-1,507,512,508,-1,513,514,510,-1,510,514,515,-1,510,515,511,-1,516,517,513,-1,513,517,518,-1,513,518,514,-1,519,520,521,-1,521,520,522,-1,521,522,516,-1,516,522,523,-1,516,523,517,-1,519,521,524,-1,524,521,525,-1,524,525,526,-1,526,525,527,-1,527,525,528,-1,527,528,529,-1,529,528,530,-1,530,528,531,-1,530,531,532,-1,532,531,533,-1,533,531,534,-1,533,534,535,-1,535,534,536,-1,536,534,537,-1,536,537,538,-1,539,540,537,-1,537,540,541,-1,537,541,538,-1,542,543,539,-1,539,543,544,-1,539,544,540,-1,545,546,542,-1,542,546,547,-1,542,547,543,-1,548,549,545,-1,545,549,550,-1,545,550,546,-1,551,552,553,-1,553,552,554,-1,553,554,548,-1,548,554,555,-1,548,555,549,-1,551,553,556,-1,556,553,557,-1,556,557,558,-1,558,557,559,-1,559,557,560,-1,559,560,561,-1,561,560,562,-1,562,560,563,-1,562,563,564,-1,564,563,565,-1,565,563,566,-1,565,566,567,-1,567,566,568,-1,568,566,569,-1,568,569,570,-1,571,572,569,-1,569,572,573,-1,569,573,570,-1,483,574,481,-1,481,574,575,-1,481,575,571,-1,571,575,576,-1,571,576,572,-1,532,533,577,-1,541,540,578,-1,550,549,579,-1,551,556,580,-1,564,565,581,-1,573,572,582,-1,486,485,583,-1,487,492,584,-1,500,501,585,-1,509,508,586,-1,518,517,587,-1,519,524,588,-1,455,454,589,-1,589,454,590,-1,589,590,591,-1,591,590,592,-1,591,592,593,-1,593,592,594,-1,593,594,595,-1,595,594,596,-1,595,596,597,-1,597,596,588,-1,440,446,598,-1,598,446,599,-1,598,599,600,-1,600,599,601,-1,600,601,602,-1,602,601,603,-1,602,603,604,-1,604,603,605,-1,604,605,606,-1,606,605,587,-1,443,442,607,-1,607,442,608,-1,607,608,609,-1,609,608,610,-1,609,610,611,-1,611,610,612,-1,611,612,613,-1,613,612,614,-1,613,614,615,-1,615,614,586,-1,459,458,616,-1,616,458,617,-1,616,617,618,-1,618,617,619,-1,618,619,620,-1,620,619,621,-1,620,621,622,-1,622,621,623,-1,622,623,624,-1,624,623,585,-1,447,463,625,-1,625,463,626,-1,625,626,627,-1,627,626,628,-1,627,628,629,-1,629,628,630,-1,629,630,631,-1,631,630,632,-1,631,632,633,-1,633,632,584,-1,461,465,634,-1,634,465,635,-1,634,635,636,-1,636,635,637,-1,636,637,638,-1,638,637,639,-1,638,639,640,-1,640,639,641,-1,640,641,642,-1,642,641,583,-1,471,470,643,-1,643,470,644,-1,643,644,645,-1,645,644,646,-1,645,646,647,-1,647,646,648,-1,647,648,649,-1,649,648,650,-1,649,650,651,-1,651,650,582,-1,450,449,652,-1,652,449,653,-1,652,653,654,-1,654,653,655,-1,654,655,656,-1,656,655,657,-1,656,657,658,-1,658,657,659,-1,658,659,660,-1,660,659,581,-1,451,476,661,-1,661,476,662,-1,661,662,663,-1,663,662,664,-1,663,664,665,-1,665,664,666,-1,665,666,667,-1,667,666,668,-1,667,668,669,-1,669,668,580,-1,474,473,670,-1,670,473,671,-1,670,671,672,-1,672,671,673,-1,672,673,674,-1,674,673,675,-1,674,675,676,-1,676,675,677,-1,676,677,678,-1,678,677,579,-1,467,466,679,-1,679,466,680,-1,679,680,681,-1,681,680,682,-1,681,682,683,-1,683,682,684,-1,683,684,685,-1,685,684,686,-1,685,686,687,-1,687,686,578,-1,479,478,688,-1,688,478,689,-1,688,689,690,-1,690,689,691,-1,690,691,692,-1,692,691,693,-1,692,693,694,-1,694,693,695,-1,694,695,696,-1,696,695,577,-1,456,455,697,-1,697,455,589,-1,697,589,698,-1,698,589,591,-1,698,591,699,-1,699,591,593,-1,699,593,700,-1,700,593,595,-1,700,595,701,-1,701,595,597,-1,701,597,529,-1,529,597,527,-1,588,524,597,-1,597,524,526,-1,597,526,527,-1,520,519,702,-1,702,519,588,-1,702,588,703,-1,703,588,596,-1,703,596,704,-1,704,596,594,-1,704,594,705,-1,705,594,592,-1,705,592,706,-1,706,592,590,-1,706,590,441,-1,441,590,454,-1,441,440,706,-1,706,440,598,-1,706,598,705,-1,705,598,600,-1,705,600,704,-1,704,600,602,-1,704,602,703,-1,703,602,604,-1,703,604,702,-1,702,604,606,-1,702,606,520,-1,520,606,522,-1,587,517,606,-1,606,517,523,-1,606,523,522,-1,514,518,707,-1,707,518,587,-1,707,587,708,-1,708,587,605,-1,708,605,709,-1,709,605,603,-1,709,603,710,-1,710,603,601,-1,710,601,711,-1,711,601,599,-1,711,599,445,-1,445,599,446,-1,445,444,711,-1,711,444,712,-1,711,712,710,-1,710,712,713,-1,710,713,709,-1,709,713,714,-1,709,714,708,-1,708,714,715,-1,708,715,707,-1,707,715,716,-1,707,716,514,-1,514,716,515,-1,444,443,712,-1,712,443,607,-1,712,607,713,-1,713,607,609,-1,713,609,714,-1,714,609,611,-1,714,611,715,-1,715,611,613,-1,715,613,716,-1,716,613,615,-1,716,615,515,-1,515,615,511,-1,586,508,615,-1,615,508,512,-1,615,512,511,-1,506,509,717,-1,717,509,586,-1,717,586,718,-1,718,586,614,-1,718,614,719,-1,719,614,612,-1,719,612,720,-1,720,612,610,-1,720,610,721,-1,721,610,608,-1,721,608,460,-1,460,608,442,-1,460,459,721,-1,721,459,616,-1,721,616,720,-1,720,616,618,-1,720,618,719,-1,719,618,620,-1,719,620,718,-1,718,620,622,-1,718,622,717,-1,717,622,624,-1,717,624,506,-1,506,624,504,-1,585,501,624,-1,624,501,503,-1,624,503,504,-1,498,500,722,-1,722,500,585,-1,722,585,723,-1,723,585,623,-1,723,623,724,-1,724,623,621,-1,724,621,725,-1,725,621,619,-1,725,619,726,-1,726,619,617,-1,726,617,457,-1,457,617,458,-1,457,448,726,-1,726,448,727,-1,726,727,725,-1,725,727,728,-1,725,728,724,-1,724,728,729,-1,724,729,723,-1,723,729,730,-1,723,730,722,-1,722,730,731,-1,722,731,498,-1,498,731,497,-1,448,447,727,-1,727,447,625,-1,727,625,728,-1,728,625,627,-1,728,627,729,-1,729,627,629,-1,729,629,730,-1,730,629,631,-1,730,631,731,-1,731,631,633,-1,731,633,497,-1,497,633,495,-1,584,492,633,-1,633,492,494,-1,633,494,495,-1,488,487,732,-1,732,487,584,-1,732,584,733,-1,733,584,632,-1,733,632,734,-1,734,632,630,-1,734,630,735,-1,735,630,628,-1,735,628,736,-1,736,628,626,-1,736,626,462,-1,462,626,463,-1,462,461,736,-1,736,461,634,-1,736,634,735,-1,735,634,636,-1,735,636,734,-1,734,636,638,-1,734,638,733,-1,733,638,640,-1,733,640,732,-1,732,640,642,-1,732,642,488,-1,488,642,490,-1,583,485,642,-1,642,485,491,-1,642,491,490,-1,483,486,737,-1,737,486,583,-1,737,583,738,-1,738,583,641,-1,738,641,739,-1,739,641,639,-1,739,639,740,-1,740,639,637,-1,740,637,741,-1,741,637,635,-1,741,635,464,-1,464,635,465,-1,464,472,741,-1,741,472,742,-1,741,742,740,-1,740,742,743,-1,740,743,739,-1,739,743,744,-1,739,744,738,-1,738,744,745,-1,738,745,737,-1,737,745,746,-1,737,746,483,-1,483,746,574,-1,472,471,742,-1,742,471,643,-1,742,643,743,-1,743,643,645,-1,743,645,744,-1,744,645,647,-1,744,647,745,-1,745,647,649,-1,745,649,746,-1,746,649,651,-1,746,651,574,-1,574,651,575,-1,582,572,651,-1,651,572,576,-1,651,576,575,-1,570,573,747,-1,747,573,582,-1,747,582,748,-1,748,582,650,-1,748,650,749,-1,749,650,648,-1,749,648,750,-1,750,648,646,-1,750,646,751,-1,751,646,644,-1,751,644,469,-1,469,644,470,-1,469,450,751,-1,751,450,652,-1,751,652,750,-1,750,652,654,-1,750,654,749,-1,749,654,656,-1,749,656,748,-1,748,656,658,-1,748,658,747,-1,747,658,660,-1,747,660,570,-1,570,660,568,-1,581,565,660,-1,660,565,567,-1,660,567,568,-1,562,564,752,-1,752,564,581,-1,752,581,753,-1,753,581,659,-1,753,659,754,-1,754,659,657,-1,754,657,755,-1,755,657,655,-1,755,655,756,-1,756,655,653,-1,756,653,453,-1,453,653,449,-1,453,452,756,-1,756,452,757,-1,756,757,755,-1,755,757,758,-1,755,758,754,-1,754,758,759,-1,754,759,753,-1,753,759,760,-1,753,760,752,-1,752,760,761,-1,752,761,562,-1,562,761,561,-1,452,451,757,-1,757,451,661,-1,757,661,758,-1,758,661,663,-1,758,663,759,-1,759,663,665,-1,759,665,760,-1,760,665,667,-1,760,667,761,-1,761,667,669,-1,761,669,561,-1,561,669,559,-1,580,556,669,-1,669,556,558,-1,669,558,559,-1,552,551,762,-1,762,551,580,-1,762,580,763,-1,763,580,668,-1,763,668,764,-1,764,668,666,-1,764,666,765,-1,765,666,664,-1,765,664,766,-1,766,664,662,-1,766,662,475,-1,475,662,476,-1,475,474,766,-1,766,474,670,-1,766,670,765,-1,765,670,672,-1,765,672,764,-1,764,672,674,-1,764,674,763,-1,763,674,676,-1,763,676,762,-1,762,676,678,-1,762,678,552,-1,552,678,554,-1,579,549,678,-1,678,549,555,-1,678,555,554,-1,546,550,767,-1,767,550,579,-1,767,579,768,-1,768,579,677,-1,768,677,769,-1,769,677,675,-1,769,675,770,-1,770,675,673,-1,770,673,771,-1,771,673,671,-1,771,671,439,-1,439,671,473,-1,439,468,771,-1,771,468,772,-1,771,772,770,-1,770,772,773,-1,770,773,769,-1,769,773,774,-1,769,774,768,-1,768,774,775,-1,768,775,767,-1,767,775,776,-1,767,776,546,-1,546,776,547,-1,468,467,772,-1,772,467,679,-1,772,679,773,-1,773,679,681,-1,773,681,774,-1,774,681,683,-1,774,683,775,-1,775,683,685,-1,775,685,776,-1,776,685,687,-1,776,687,547,-1,547,687,543,-1,578,540,687,-1,687,540,544,-1,687,544,543,-1,538,541,777,-1,777,541,578,-1,777,578,778,-1,778,578,686,-1,778,686,779,-1,779,686,684,-1,779,684,780,-1,780,684,682,-1,780,682,781,-1,781,682,680,-1,781,680,480,-1,480,680,466,-1,480,479,781,-1,781,479,688,-1,781,688,780,-1,780,688,690,-1,780,690,779,-1,779,690,692,-1,779,692,778,-1,778,692,694,-1,778,694,777,-1,777,694,696,-1,777,696,538,-1,538,696,536,-1,577,533,696,-1,696,533,535,-1,696,535,536,-1,530,532,782,-1,782,532,577,-1,782,577,783,-1,783,577,695,-1,783,695,784,-1,784,695,693,-1,784,693,785,-1,785,693,691,-1,785,691,786,-1,786,691,689,-1,786,689,477,-1,477,689,478,-1,477,456,786,-1,786,456,697,-1,786,697,785,-1,785,697,698,-1,785,698,784,-1,784,698,699,-1,784,699,783,-1,783,699,700,-1,783,700,782,-1,782,700,701,-1,782,701,530,-1,530,701,529,-1,
        ]
    }
}
Shape{
    appearance Appearance {
        material  Material 	{
            diffuseColor 0.20784313725490197 0.20784313725490197 0.20784313725490197
            specularColor 0.01568627450980392 0.01568627450980392 0.01568627450980392
            ambientIntensity 0.298
            transparency 0.0
            shininess 0.5
        }
    }
    geometry IndexedFaceSet {
        ccw TRUE
        solid FALSE
        coord DEF co Coordinate {
            point [
                -0.1673 0.2949 1.2992, -0.2232 0.2749 1.2992, -0.174 0.2285 1.2992, -0.2835 0.5294 1.2992, -0.2913 0.4622 1.2992, 0.1673 0.2949 1.2992, -0.1154 0.1947 1.2992, -0.0506 0.1753 1.2992, 0.1673 0.6295 1.2992, 0.1999 0.6741 1.2992, 0.1457 0.7145 1.2992, 0.2894 0.4284 1.2992, 0.2913 0.4622 1.2992, 0.2894 0.496 1.2992, 0.0169 0.1714 1.2992, 0.0836 0.1831 1.2992, 0.1457 0.2099 1.2992, -0.2835 0.395 1.2992, -0.2603 0.3315 1.2992, -0.1154 0.7297 1.2992, -0.1673 0.6295 1.2992, -0.0506 0.7491 1.2992, 0.0169 0.7531 1.2992, -0.174 0.6959 1.2992, -0.2232 0.6495 1.2992, -0.2603 0.593 1.2992, 0.0836 0.7413 1.2992, 0.2738 0.5619 1.2992, 0.2434 0.6223 1.2992, 0.1999 0.2503 1.2992, 0.2434 0.3021 1.2992, 0.2738 0.3626 1.2992, 0.2913 0.4622 1.1811, 0.2894 0.4284 1.1811, 0.2738 0.3626 1.1811, 0.2434 0.3021 1.1811, 0.1999 0.2503 1.1811, 0.1457 0.2099 1.1811, 0.0836 0.1831 1.1811, 0.0169 0.1714 1.1811, -0.0506 0.1753 1.1811, -0.1154 0.1947 1.1811, -0.174 0.2285 1.1811, -0.2232 0.2749 1.1811, -0.2603 0.3315 1.1811, -0.2835 0.395 1.1811, -0.2913 0.4622 1.1811, -0.2835 0.5294 1.1811, -0.2603 0.593 1.1811, -0.2232 0.6495 1.1811, -0.174 0.6959 1.1811, -0.1154 0.7297 1.1811, -0.0506 0.7491 1.1811, 0.0169 0.7531 1.1811, 0.0836 0.7413 1.1811, 0.1457 0.7145 1.1811, 0.1999 0.6741 1.1811, 0.2434 0.6223 1.1811, 0.2738 0.5619 1.1811, 0.2894 0.496 1.1811, -0.2933 0.4279 1.1811, -0.2775 0.3612 1.1811, -0.2467 0.3 1.1811, -0.2026 0.2474 1.1811, -0.1476 0.2065 1.1811, -0.0847 0.1793 1.1811, -0.0172 0.1674 1.1811, 0.0513 0.1714 1.1811, 0.117 0.1911 1.1811, 0.1763 0.2254 1.1811, 0.2262 0.2724 1.1811, 0.2639 0.3297 1.1811, 0.2873 0.3941 1.1811, 0.2953 0.4622 1.1811, 0.2873 0.5303 1.1811, 0.2639 0.5947 1.1811, 0.2262 0.652 1.1811, 0.1763 0.6991 1.1811, 0.117 0.7333 1.1811, 0.0513 0.753 1.1811, -0.0172 0.757 1.1811, -0.0847 0.7451 1.1811, -0.1476 0.7179 1.1811, -0.2026 0.677 1.1811, -0.2467 0.6245 1.1811, -0.2775 0.5632 1.1811, -0.2933 0.4965 1.1811, -0.2953 0.4622 1.1811, 0.1673 0.6295 0.9055, 0.1673 0.2949 0.9055, -0.1673 0.2949 0.9055, -0.1673 0.6295 0.9055
            ]
        }
        coordIndex [
            0,1,2,-1,3,4,0,-1,0,2,5,-1,5,2,6,-1,5,6,7,-1,8,9,10,-1,11,12,8,-1,8,12,13,-1,7,14,5,-1,5,14,15,-1,5,15,16,-1,4,17,0,-1,0,17,18,-1,0,18,1,-1,19,20,21,-1,21,20,22,-1,19,23,20,-1,20,23,24,-1,20,24,0,-1,0,24,25,-1,0,25,3,-1,8,10,20,-1,20,10,26,-1,20,26,22,-1,13,27,8,-1,8,27,28,-1,8,28,9,-1,16,29,5,-1,5,29,30,-1,5,30,8,-1,8,30,31,-1,8,31,11,-1,13,12,32,-1,32,12,33,-1,12,11,33,-1,33,11,31,-1,33,31,34,-1,34,31,30,-1,34,30,35,-1,35,30,29,-1,35,29,36,-1,36,29,16,-1,36,16,37,-1,37,16,15,-1,37,15,38,-1,38,15,14,-1,38,14,39,-1,39,14,7,-1,39,7,40,-1,40,7,6,-1,40,6,41,-1,41,6,2,-1,41,2,42,-1,42,2,1,-1,42,1,43,-1,43,1,18,-1,43,18,44,-1,44,18,17,-1,44,17,45,-1,45,17,4,-1,45,4,46,-1,46,4,3,-1,46,3,47,-1,47,3,25,-1,47,25,48,-1,48,25,24,-1,48,24,49,-1,49,24,23,-1,49,23,50,-1,50,23,19,-1,50,19,51,-1,51,19,21,-1,51,21,52,-1,52,21,22,-1,52,22,53,-1,53,22,26,-1,53,26,54,-1,54,26,10,-1,54,10,55,-1,55,10,9,-1,55,9,56,-1,56,9,28,-1,56,28,57,-1,57,28,27,-1,57,27,58,-1,58,27,13,-1,58,13,59,-1,59,13,32,-1,46,60,45,-1,45,60,61,-1,45,61,44,-1,44,61,62,-1,44,62,43,-1,43,62,63,-1,43,63,42,-1,42,63,64,-1,42,64,41,-1,41,64,65,-1,41,65,40,-1,40,65,66,-1,40,66,39,-1,39,66,67,-1,39,67,38,-1,38,67,68,-1,38,68,37,-1,37,68,69,-1,37,69,36,-1,36,69,70,-1,36,70,35,-1,35,70,71,-1,35,71,34,-1,34,71,72,-1,34,72,33,-1,33,72,73,-1,33,73,32,-1,32,73,59,-1,59,73,74,-1,59,74,58,-1,58,74,75,-1,58,75,57,-1,57,75,76,-1,57,76,56,-1,56,76,77,-1,56,77,55,-1,55,77,78,-1,55,78,54,-1,54,78,79,-1,54,79,53,-1,53,79,80,-1,53,80,52,-1,52,80,81,-1,52,81,51,-1,51,81,82,-1,51,82,50,-1,50,82,83,-1,50,83,49,-1,49,83,84,-1,49,84,48,-1,48,84,85,-1,48,85,47,-1,47,85,86,-1,47,86,46,-1,46,86,87,-1,46,87,60,-1,88,89,8,-1,8,89,5,-1,89,90,5,-1,5,90,0,-1,90,91,0,-1,0,91,20,-1,91,88,20,-1,20,88,8,-1,91,90,88,-1,88,90,89,-1,
        ]
    }
}
Shape{
    appearance Appearance {
        material  Material 	{
            diffuseColor 0.6666666666666666 0.6666666666666666 0.6666666666666666
            specularColor 0.4666666666666667 0.4666666666666667 0.4666666666666667
            ambientIntensity 0.6667
            transparency 0.0
            shininess 0.5
        }
    }
    geometry IndexedFaceSet {
        ccw TRUE
        solid FALSE
        coord DEF co Coordinate {
            point [
                0.2264 -0.3842 0.039, 0.2264 -0.4039 0.039, 0.3642 -0.3842 0.039, 0.3642 -0.4039 0.039, 0.2264 -0.1677 -0.0, 0.2264 -0.1677 -0.0004, 0.2264 -0.3842 -0.0, 0.2264 -0.4039 -0.0004, 0.3642 -0.1677 -0.0004, 0.3642 -0.1677 -0.0, 0.3642 -0.3842 -0.0, 0.3642 -0.4039 -0.0004, -0.3642 -0.3842 0.039, -0.3642 -0.4039 0.039, -0.2264 -0.3842 0.039, -0.2264 -0.4039 0.039, -0.2264 -0.1677 -0.0004, -0.2264 -0.1677 -0.0, -0.2264 -0.3842 -0.0, -0.2264 -0.4039 -0.0004, -0.3642 -0.1677 -0.0, -0.3642 -0.1677 -0.0004, -0.3642 -0.3842 -0.0, -0.3642 -0.4039 -0.0004
            ]
        }
        coordIndex [
            0,1,2,-1,2,1,3,-1,4,5,6,-1,6,5,7,-1,6,7,0,-1,0,7,1,-1,8,9,10,-1,2,3,10,-1,10,3,11,-1,10,11,8,-1,11,3,7,-1,7,3,1,-1,9,8,4,-1,4,8,5,-1,8,11,5,-1,5,11,7,-1,12,13,14,-1,14,13,15,-1,16,17,18,-1,14,15,18,-1,18,15,19,-1,18,19,16,-1,20,21,22,-1,22,21,23,-1,22,23,12,-1,12,23,13,-1,16,21,17,-1,17,21,20,-1,19,15,23,-1,23,15,13,-1,23,21,19,-1,19,21,16,-1,
        ]
    }
}
Shape{
    appearance Appearance {
        material  Material 	{
            diffuseColor 0.20784313725490197 0.20784313725490197 0.20784313725490197
            specularColor 0.01568627450980392 0.01568627450980392 0.01568627450980392
            ambientIntensity 0.298
            transparency 0.0
            shininess 0.5
        }
    }
    geometry IndexedFaceSet {
        ccw TRUE
        solid FALSE
        coord DEF co Coordinate {
            point [
                0.689 -0.089 -0.0, 0.6856 -0.0635 -0.1378, 0.6856 -0.0635 -0.0, 0.6758 -0.0398 -0.1378, 0.6758 -0.0398 -0.0, 0.6601 -0.0194 -0.1378, 0.6601 -0.0194 -0.0, 0.6398 -0.0037 -0.1378, 0.6398 -0.0037 -0.0, 0.616 0.0061 -0.1378, 0.616 0.0061 -0.0, 0.5906 0.0095 -0.1378, 0.5906 0.0095 -0.0, 0.5651 0.0061 -0.1378, 0.5651 0.0061 -0.0, 0.5413 -0.0037 -0.1378, 0.5413 -0.0037 -0.0, 0.521 -0.0194 -0.1378, 0.521 -0.0194 -0.0, 0.5053 -0.0398 -0.1378, 0.5053 -0.0398 -0.0, 0.4955 -0.0635 -0.1378, 0.4955 -0.0635 -0.0, 0.4921 -0.089 -0.1378, 0.4921 -0.089 -0.0, 0.4955 -0.1144 -0.1378, 0.4955 -0.1144 -0.0, 0.5053 -0.1382 -0.1378, 0.5053 -0.1382 -0.0, 0.521 -0.1586 -0.1378, 0.521 -0.1586 -0.0, 0.5413 -0.1742 -0.1378, 0.5413 -0.1742 -0.0, 0.5651 -0.184 -0.1378, 0.5651 -0.184 -0.0, 0.5906 -0.1874 -0.1378, 0.5906 -0.1874 -0.0, 0.616 -0.184 -0.1378, 0.616 -0.184 -0.0, 0.6398 -0.1742 -0.1378, 0.6398 -0.1742 -0.0, 0.6601 -0.1586 -0.1378, 0.6601 -0.1586 -0.0, 0.6758 -0.1382 -0.1378, 0.6758 -0.1382 -0.0, 0.6856 -0.1144 -0.1378, 0.6856 -0.1144 -0.0, 0.689 -0.089 -0.1378, 0.5394 -0.1185 -0.1772, 0.5335 -0.1043 -0.1772, 0.5906 -0.089 -0.1772, 0.5315 -0.089 -0.1772, 0.5335 -0.0737 -0.1772, 0.5753 -0.146 -0.1772, 0.561 -0.1401 -0.1772, 0.5488 -0.1307 -0.1772, 0.6201 -0.1401 -0.1772, 0.6058 -0.146 -0.1772, 0.5906 -0.148 -0.1772, 0.6476 -0.1043 -0.1772, 0.6417 -0.1185 -0.1772, 0.6323 -0.1307 -0.1772, 0.6417 -0.0594 -0.1772, 0.6476 -0.0737 -0.1772, 0.6496 -0.089 -0.1772, 0.6058 -0.0319 -0.1772, 0.6201 -0.0378 -0.1772, 0.6323 -0.0472 -0.1772, 0.561 -0.0378 -0.1772, 0.5753 -0.0319 -0.1772, 0.5906 -0.0299 -0.1772, 0.5394 -0.0594 -0.1772, 0.5488 -0.0472 -0.1772, -0.689 -0.089 -0.0, -0.6856 -0.1144 -0.1378, -0.6856 -0.1144 -0.0, -0.6758 -0.1382 -0.1378, -0.6758 -0.1382 -0.0, -0.6601 -0.1586 -0.1378, -0.6601 -0.1586 -0.0, -0.6398 -0.1742 -0.1378, -0.6398 -0.1742 -0.0, -0.616 -0.184 -0.1378, -0.616 -0.184 -0.0, -0.5906 -0.1874 -0.1378, -0.5906 -0.1874 -0.0, -0.5651 -0.184 -0.1378, -0.5651 -0.184 -0.0, -0.5413 -0.1742 -0.1378, -0.5413 -0.1742 -0.0, -0.521 -0.1586 -0.1378, -0.521 -0.1586 -0.0, -0.5053 -0.1382 -0.1378, -0.5053 -0.1382 -0.0, -0.4955 -0.1144 -0.1378, -0.4955 -0.1144 -0.0, -0.4921 -0.089 -0.1378, -0.4921 -0.089 -0.0, -0.4955 -0.0635 -0.1378, -0.4955 -0.0635 -0.0, -0.5053 -0.0398 -0.1378, -0.5053 -0.0398 -0.0, -0.521 -0.0194 -0.1378, -0.521 -0.0194 -0.0, -0.5413 -0.0037 -0.1378, -0.5413 -0.0037 -0.0, -0.5651 0.0061 -0.1378, -0.5651 0.0061 -0.0, -0.5906 0.0095 -0.1378, -0.5906 0.0095 -0.0, -0.616 0.0061 -0.1378, -0.616 0.0061 -0.0, -0.6398 -0.0037 -0.1378, -0.6398 -0.0037 -0.0, -0.6601 -0.0194 -0.1378, -0.6601 -0.0194 -0.0, -0.6758 -0.0398 -0.1378, -0.6758 -0.0398 -0.0, -0.6856 -0.0635 -0.1378, -0.6856 -0.0635 -0.0, -0.689 -0.089 -0.1378, -0.5394 -0.0594 -0.1772, -0.5335 -0.0737 -0.1772, -0.5906 -0.089 -0.1772, -0.5315 -0.089 -0.1772, -0.5335 -0.1043 -0.1772, -0.5753 -0.0319 -0.1772, -0.561 -0.0378 -0.1772, -0.5488 -0.0472 -0.1772, -0.6201 -0.0378 -0.1772, -0.6058 -0.0319 -0.1772, -0.5906 -0.0299 -0.1772, -0.6476 -0.0737 -0.1772, -0.6417 -0.0594 -0.1772, -0.6323 -0.0472 -0.1772, -0.6417 -0.1185 -0.1772, -0.6476 -0.1043 -0.1772, -0.6496 -0.089 -0.1772, -0.6058 -0.146 -0.1772, -0.6201 -0.1401 -0.1772, -0.6323 -0.1307 -0.1772, -0.561 -0.1401 -0.1772, -0.5753 -0.146 -0.1772, -0.5906 -0.148 -0.1772, -0.5394 -0.1185 -0.1772, -0.5488 -0.1307 -0.1772
            ]
        }
        coordIndex [
            0,1,2,-1,2,1,3,-1,2,3,4,-1,4,3,5,-1,4,5,6,-1,6,5,7,-1,6,7,8,-1,8,7,9,-1,8,9,10,-1,10,9,11,-1,10,11,12,-1,12,11,13,-1,12,13,14,-1,14,13,15,-1,14,15,16,-1,16,15,17,-1,16,17,18,-1,18,17,19,-1,18,19,20,-1,20,19,21,-1,20,21,22,-1,22,21,23,-1,22,23,24,-1,24,23,25,-1,24,25,26,-1,26,25,27,-1,26,27,28,-1,28,27,29,-1,28,29,30,-1,30,29,31,-1,30,31,32,-1,32,31,33,-1,32,33,34,-1,34,33,35,-1,34,35,36,-1,36,35,37,-1,36,37,38,-1,38,37,39,-1,38,39,40,-1,40,39,41,-1,40,41,42,-1,42,41,43,-1,42,43,44,-1,44,43,45,-1,44,45,46,-1,46,45,47,-1,46,47,0,-1,0,47,1,-1,48,49,50,-1,50,49,51,-1,50,51,52,-1,53,54,50,-1,50,54,55,-1,50,55,48,-1,56,57,50,-1,50,57,58,-1,50,58,53,-1,59,60,50,-1,50,60,61,-1,50,61,56,-1,62,63,50,-1,50,63,64,-1,50,64,59,-1,65,66,50,-1,50,66,67,-1,50,67,62,-1,68,69,50,-1,50,69,70,-1,50,70,65,-1,52,71,50,-1,50,71,72,-1,50,72,68,-1,47,63,1,-1,1,63,62,-1,1,62,3,-1,3,62,67,-1,3,67,5,-1,5,67,66,-1,5,66,7,-1,7,66,65,-1,7,65,9,-1,9,65,70,-1,9,70,11,-1,11,70,69,-1,11,69,13,-1,13,69,68,-1,13,68,15,-1,15,68,72,-1,15,72,17,-1,17,72,71,-1,17,71,19,-1,19,71,52,-1,19,52,21,-1,21,52,51,-1,21,51,23,-1,23,51,49,-1,23,49,25,-1,25,49,48,-1,25,48,27,-1,27,48,55,-1,27,55,29,-1,29,55,54,-1,29,54,31,-1,31,54,53,-1,31,53,33,-1,33,53,58,-1,33,58,35,-1,35,58,57,-1,35,57,37,-1,37,57,56,-1,37,56,39,-1,39,56,61,-1,39,61,41,-1,41,61,60,-1,41,60,43,-1,43,60,59,-1,43,59,45,-1,45,59,64,-1,45,64,47,-1,47,64,63,-1,73,74,75,-1,75,74,76,-1,75,76,77,-1,77,76,78,-1,77,78,79,-1,79,78,80,-1,79,80,81,-1,81,80,82,-1,81,82,83,-1,83,82,84,-1,83,84,85,-1,85,84,86,-1,85,86,87,-1,87,86,88,-1,87,88,89,-1,89,88,90,-1,89,90,91,-1,91,90,92,-1,91,92,93,-1,93,92,94,-1,93,94,95,-1,95,94,96,-1,95,96,97,-1,97,96,98,-1,97,98,99,-1,99,98,100,-1,99,100,101,-1,101,100,102,-1,101,102,103,-1,103,102,104,-1,103,104,105,-1,105,104,106,-1,105,106,107,-1,107,106,108,-1,107,108,109,-1,109,108,110,-1,109,110,111,-1,111,110,112,-1,111,112,113,-1,113,112,114,-1,113,114,115,-1,115,114,116,-1,115,116,117,-1,117,116,118,-1,117,118,119,-1,119,118,120,-1,119,120,73,-1,73,120,74,-1,121,122,123,-1,123,122,124,-1,123,124,125,-1,126,127,123,-1,123,127,128,-1,123,128,121,-1,129,130,123,-1,123,130,131,-1,123,131,126,-1,132,133,123,-1,123,133,134,-1,123,134,129,-1,135,136,123,-1,123,136,137,-1,123,137,132,-1,138,139,123,-1,123,139,140,-1,123,140,135,-1,141,142,123,-1,123,142,143,-1,123,143,138,-1,125,144,123,-1,123,144,145,-1,123,145,141,-1,120,136,74,-1,74,136,135,-1,74,135,76,-1,76,135,140,-1,76,140,78,-1,78,140,139,-1,78,139,80,-1,80,139,138,-1,80,138,82,-1,82,138,143,-1,82,143,84,-1,84,143,142,-1,84,142,86,-1,86,142,141,-1,86,141,88,-1,88,141,145,-1,88,145,90,-1,90,145,144,-1,90,144,92,-1,92,144,125,-1,92,125,94,-1,94,125,124,-1,94,124,96,-1,96,124,122,-1,96,122,98,-1,98,122,121,-1,98,121,100,-1,100,121,128,-1,100,128,102,-1,102,128,127,-1,102,127,104,-1,104,127,126,-1,104,126,106,-1,106,126,131,-1,106,131,108,-1,108,131,130,-1,108,130,110,-1,110,130,129,-1,110,129,112,-1,112,129,134,-1,112,134,114,-1,114,134,133,-1,114,133,116,-1,116,133,132,-1,116,132,118,-1,118,132,137,-1,118,137,120,-1,120,137,136,-1,
        ]
    }
}
Shape{
    appearance Appearance {
        material  Material 	{
            diffuseColor 0.0 0.0 0.0
            specularColor 0.0 0.0 0.0
            ambientIntensity 0.0
            transparency 0.0
            shininess 0.5
        }
    }
    geometry IndexedFaceSet {
        ccw TRUE
        solid FALSE
        coord DEF co Coordinate {
            point [
                0.171 -0.2502 1.2638, 0.1752 -0.2476 1.2638, 0.1697 -0.2489 1.2638, 0.1735 -0.2458 1.2638, 0.1667 -0.2469 1.2638, 0.1698 -0.2432 1.2638, 0.1632 -0.2457 1.2638, 0.165 -0.2414 1.2638, 0.1583 -0.2451 1.2638, 0.1585 -0.2406 1.2638, 0.1523 -0.2451 1.2638, 0.1471 -0.2406 1.2638, 0.1523 -0.2758 1.2638, 0.1471 -0.2803 1.2638, 0.158 -0.2758 1.2638, 0.1581 -0.2803 1.2638, 0.1629 -0.2753 1.2638, 0.1647 -0.2795 1.2638, 0.1664 -0.2741 1.2638, 0.1693 -0.2777 1.2638, 0.169 -0.2724 1.2638, 0.1731 -0.2751 1.2638, 0.1698 -0.2716 1.2638, 0.1735 -0.2747 1.2638, 0.1719 -0.269 1.2638, 0.1763 -0.2714 1.2638, 0.1732 -0.266 1.2638, 0.1783 -0.2673 1.2638, 0.174 -0.2623 1.2638, 0.1793 -0.2627 1.2638, 0.1741 -0.2601 1.2638, 0.1795 -0.2599 1.2638, 0.1736 -0.2554 1.2638, 0.179 -0.2551 1.2638, 0.1725 -0.2524 1.2638, 0.1776 -0.2512 1.2638, 0.1735 -0.2747 1.2598, 0.1736 -0.2746 1.2598, 0.1763 -0.2714 1.2598, 0.1783 -0.2673 1.2598, 0.1793 -0.2627 1.2598, 0.1795 -0.2599 1.2598, 0.1735 -0.2458 1.2598, 0.1736 -0.2459 1.2598, 0.1752 -0.2476 1.2598, 0.1776 -0.2512 1.2598, 0.179 -0.2551 1.2598, 0.1698 -0.2432 1.2598, 0.165 -0.2414 1.2598, 0.1585 -0.2406 1.2598, 0.1471 -0.2406 1.2598, 0.1471 -0.2803 1.2598, 0.1581 -0.2803 1.2598, 0.1647 -0.2795 1.2598, 0.1693 -0.2777 1.2598, 0.1731 -0.2751 1.2598, 0.1697 -0.2489 1.2598, 0.171 -0.2502 1.2598, 0.1725 -0.2524 1.2598, 0.1736 -0.2554 1.2598, 0.1741 -0.2601 1.2598, 0.1583 -0.2451 1.2598, 0.1632 -0.2457 1.2598, 0.1667 -0.2469 1.2598, 0.1523 -0.2451 1.2598, 0.1523 -0.2758 1.2598, 0.158 -0.2758 1.2598, 0.1698 -0.2716 1.2598, 0.169 -0.2724 1.2598, 0.1664 -0.2741 1.2598, 0.1629 -0.2753 1.2598, 0.174 -0.2623 1.2598, 0.1732 -0.266 1.2598, 0.1719 -0.269 1.2598
            ]
        }
        coordIndex [
            0,1,2,-1,2,1,3,-1,2,3,4,-1,4,3,5,-1,4,5,6,-1,6,5,7,-1,6,7,8,-1,8,7,9,-1,8,9,10,-1,10,9,11,-1,10,11,12,-1,12,11,13,-1,12,13,14,-1,14,13,15,-1,14,15,16,-1,16,15,17,-1,16,17,18,-1,18,17,19,-1,18,19,20,-1,20,19,21,-1,20,21,22,-1,22,21,23,-1,22,23,24,-1,24,23,25,-1,24,25,26,-1,26,25,27,-1,26,27,28,-1,28,27,29,-1,28,29,30,-1,30,29,31,-1,30,31,32,-1,32,31,33,-1,32,33,34,-1,34,33,35,-1,34,35,0,-1,0,35,1,-1,23,36,37,-1,23,37,25,-1,37,38,25,-1,25,38,39,-1,25,39,27,-1,27,39,40,-1,27,40,29,-1,29,40,41,-1,29,41,31,-1,42,3,43,-1,43,3,1,-1,43,1,44,-1,44,1,35,-1,44,35,45,-1,45,35,33,-1,45,33,46,-1,46,33,31,-1,46,31,41,-1,3,42,47,-1,3,47,5,-1,5,47,48,-1,5,48,7,-1,7,48,49,-1,7,49,9,-1,11,9,50,-1,50,9,49,-1,13,11,51,-1,51,11,50,-1,15,13,52,-1,52,13,51,-1,15,52,53,-1,15,53,17,-1,17,53,54,-1,17,54,19,-1,19,54,55,-1,19,55,21,-1,21,55,36,-1,21,36,23,-1,2,56,57,-1,2,57,0,-1,0,57,58,-1,0,58,34,-1,34,58,59,-1,34,59,32,-1,32,59,60,-1,32,60,30,-1,8,61,62,-1,8,62,6,-1,6,62,63,-1,6,63,4,-1,4,63,56,-1,4,56,2,-1,8,10,61,-1,61,10,64,-1,10,12,64,-1,64,12,65,-1,12,14,65,-1,65,14,66,-1,22,67,68,-1,22,68,20,-1,20,68,69,-1,20,69,18,-1,18,69,70,-1,18,70,16,-1,16,70,66,-1,16,66,14,-1,30,60,71,-1,30,71,28,-1,28,71,72,-1,28,72,26,-1,26,72,73,-1,26,73,24,-1,24,73,67,-1,24,67,22,-1,
        ]
    }
}
Shape{
    appearance Appearance {
        material  Material 	{
            diffuseColor 0.6666666666666666 0.6666666666666666 0.6666666666666666
            specularColor 0.4666666666666667 0.4666666666666667 0.4666666666666667
            ambientIntensity 0.6667
            transparency 0.0
            shininess 0.5
        }
    }
    geometry IndexedFaceSet {
        ccw TRUE
        solid FALSE
        coord DEF co Coordinate {
            point [
                0.1523 -0.2451 1.2598, 0.1523 -0.2758 1.2598, 0.1583 -0.2451 1.2598, 0.158 -0.2758 1.2598, 0.1629 -0.2753 1.2598, 0.1664 -0.2741 1.2598, 0.169 -0.2724 1.2598, 0.1698 -0.2716 1.2598, 0.1719 -0.269 1.2598, 0.1732 -0.266 1.2598, 0.174 -0.2623 1.2598, 0.1741 -0.2601 1.2598, 0.1736 -0.2554 1.2598, 0.1725 -0.2524 1.2598, 0.171 -0.2502 1.2598, 0.1697 -0.2489 1.2598, 0.1632 -0.2457 1.2598, 0.1667 -0.2469 1.2598
            ]
        }
        coordIndex [
            0,1,2,-1,2,1,3,-1,2,3,4,-1,4,5,2,-1,2,5,6,-1,2,6,7,-1,7,8,2,-1,2,8,9,-1,2,9,10,-1,10,11,2,-1,2,11,12,-1,2,12,13,-1,13,14,2,-1,2,14,15,-1,2,15,16,-1,16,15,17,-1,
        ]
    }
}
Shape{
    appearance Appearance {
        material  Material 	{
            diffuseColor 0.0 0.0 0.0
            specularColor 0.0 0.0 0.0
            ambientIntensity 0.0
            transparency 0.0
            shininess 0.5
        }
    }
    geometry IndexedFaceSet {
        ccw TRUE
        solid FALSE
        coord DEF co Coordinate {
            point [
                0.1 -0.2733 1.2638, 0.1 -0.2733 1.2598, 0.0996 -0.2746 1.2598, 0.0996 -0.2746 1.2638, 0.0994 -0.2756 1.2598, 0.0994 -0.2756 1.2638, 0.0993 -0.2756 1.2638, 0.0993 -0.2756 1.2598, 0.0986 -0.2733 1.2638, 0.0986 -0.2733 1.2598, 0.0912 -0.2519 1.2638, 0.0936 -0.2588 1.2598, 0.0912 -0.2519 1.2598, 0.0857 -0.2519 1.2638, 0.0857 -0.2519 1.2598, 0.0968 -0.2802 1.2638, 0.0936 -0.2722 1.2598, 0.0968 -0.2802 1.2598, 0.0946 -0.2854 1.2598, 0.0946 -0.2854 1.2638, 0.0966 -0.2806 1.2598, 0.0936 -0.2872 1.2598, 0.0936 -0.2872 1.2598, 0.0927 -0.2882 1.2638, 0.0936 -0.2872 1.2638, 0.0927 -0.2882 1.2598, 0.0918 -0.2889 1.2598, 0.0918 -0.2889 1.2638, 0.0907 -0.2893 1.2598, 0.0907 -0.2893 1.2638, 0.0895 -0.2894 1.2598, 0.0895 -0.2894 1.2638, 0.0877 -0.2892 1.2598, 0.0877 -0.2892 1.2638, 0.0867 -0.2888 1.2598, 0.0867 -0.2888 1.2638, 0.0867 -0.2933 1.2638, 0.0867 -0.2933 1.2598, 0.0888 -0.2936 1.2598, 0.0888 -0.2936 1.2638, 0.0899 -0.2937 1.2598, 0.0899 -0.2937 1.2638, 0.0919 -0.2934 1.2598, 0.0919 -0.2934 1.2638, 0.0936 -0.2928 1.2598, 0.0939 -0.2927 1.2638, 0.0939 -0.2927 1.2598, 0.0956 -0.2915 1.2598, 0.0956 -0.2915 1.2638, 0.096 -0.2912 1.2598, 0.096 -0.2912 1.2638, 0.0978 -0.289 1.2598, 0.0978 -0.289 1.2638, 0.1 -0.2846 1.2598, 0.1 -0.2846 1.2638, 0.1129 -0.2519 1.2598, 0.1129 -0.2519 1.2638, 0.1016 -0.2806 1.2598, 0.1077 -0.2519 1.2638, 0.1077 -0.2519 1.2598, 0.0716 -0.281 1.2598, 0.0745 -0.2806 1.2598, 0.0716 -0.281 1.2638, 0.076 -0.2805 1.2638, 0.076 -0.2805 1.2598, 0.0786 -0.2795 1.2598, 0.0786 -0.2795 1.2638, 0.0799 -0.2787 1.2598, 0.0799 -0.2787 1.2638, 0.0813 -0.2775 1.2598, 0.0813 -0.2775 1.2638, 0.0822 -0.2762 1.2598, 0.0822 -0.2762 1.2638, 0.0828 -0.2746 1.2598, 0.0828 -0.2746 1.2638, 0.0831 -0.2726 1.2598, 0.0831 -0.2726 1.2638, 0.0829 -0.2707 1.2598, 0.0829 -0.2707 1.2638, 0.0823 -0.2693 1.2598, 0.0823 -0.2693 1.2638, 0.0814 -0.2679 1.2598, 0.0814 -0.2679 1.2638, 0.0802 -0.2668 1.2598, 0.0802 -0.2668 1.2638, 0.0769 -0.265 1.2598, 0.0769 -0.265 1.2638, 0.075 -0.2642 1.2598, 0.075 -0.2642 1.2638, 0.0719 -0.2629 1.2598, 0.0719 -0.2629 1.2638, 0.0702 -0.2618 1.2598, 0.0702 -0.2618 1.2638, 0.0697 -0.2612 1.2598, 0.0697 -0.2612 1.2638, 0.0693 -0.2606 1.2598, 0.0693 -0.2606 1.2638, 0.0691 -0.2598 1.2598, 0.0691 -0.2598 1.2638, 0.0691 -0.2591 1.2598, 0.0691 -0.2591 1.2638, 0.0692 -0.2583 1.2598, 0.0692 -0.2583 1.2638, 0.0694 -0.2577 1.2598, 0.0694 -0.2577 1.2638, 0.0698 -0.257 1.2598, 0.0698 -0.257 1.2638, 0.0706 -0.2564 1.2598, 0.0706 -0.2564 1.2638, 0.0717 -0.2558 1.2598, 0.0717 -0.2558 1.2638, 0.073 -0.2554 1.2598, 0.073 -0.2554 1.2638, 0.0745 -0.2553 1.2598, 0.0745 -0.2553 1.2638, 0.0778 -0.2557 1.2598, 0.0778 -0.2557 1.2638, 0.0806 -0.2567 1.2598, 0.0806 -0.2567 1.2638, 0.0817 -0.2574 1.2598, 0.0817 -0.2574 1.2638, 0.0817 -0.2525 1.2638, 0.0817 -0.2525 1.2598, 0.0779 -0.2515 1.2598, 0.0779 -0.2515 1.2638, 0.075 -0.2513 1.2598, 0.075 -0.2513 1.2638, 0.0709 -0.2518 1.2598, 0.0709 -0.2518 1.2638, 0.0683 -0.2528 1.2598, 0.0683 -0.2528 1.2638, 0.0671 -0.2535 1.2598, 0.0671 -0.2535 1.2638, 0.0657 -0.2549 1.2598, 0.0657 -0.2549 1.2638, 0.0647 -0.2562 1.2598, 0.0647 -0.2562 1.2638, 0.0642 -0.2578 1.2598, 0.0642 -0.2578 1.2638, 0.064 -0.2596 1.2598, 0.064 -0.2596 1.2638, 0.0642 -0.2615 1.2598, 0.0642 -0.2615 1.2638, 0.0647 -0.263 1.2598, 0.0647 -0.263 1.2638, 0.0654 -0.2641 1.2598, 0.0654 -0.2641 1.2638, 0.0662 -0.2649 1.2598, 0.0662 -0.2649 1.2638, 0.0685 -0.2665 1.2598, 0.0685 -0.2665 1.2638, 0.0715 -0.2678 1.2598, 0.0715 -0.2678 1.2638, 0.0748 -0.2692 1.2598, 0.0748 -0.2692 1.2638, 0.0767 -0.2704 1.2598, 0.0767 -0.2704 1.2638, 0.0773 -0.271 1.2598, 0.0773 -0.271 1.2638, 0.0777 -0.2717 1.2598, 0.0777 -0.2717 1.2638, 0.0779 -0.2724 1.2598, 0.0779 -0.2724 1.2638, 0.078 -0.2731 1.2598, 0.078 -0.2731 1.2638, 0.0779 -0.274 1.2598, 0.0779 -0.274 1.2638, 0.0776 -0.2747 1.2598, 0.0776 -0.2747 1.2638, 0.0772 -0.2754 1.2598, 0.0772 -0.2754 1.2638, 0.0766 -0.2759 1.2598, 0.0766 -0.2759 1.2638, 0.0762 -0.2761 1.2598, 0.0762 -0.2761 1.2638, 0.0749 -0.2766 1.2598, 0.0749 -0.2766 1.2638, 0.0723 -0.2769 1.2598, 0.0723 -0.2769 1.2638, 0.0721 -0.2769 1.2598, 0.0721 -0.2769 1.2638, 0.069 -0.2765 1.2598, 0.069 -0.2765 1.2638, 0.0659 -0.2754 1.2598, 0.0659 -0.2754 1.2638, 0.0639 -0.2742 1.2598, 0.0639 -0.2742 1.2638, 0.0639 -0.2793 1.2638, 0.0639 -0.2793 1.2598, 0.0683 -0.2806 1.2598, 0.0675 -0.2805 1.2638, 0.0675 -0.2805 1.2598, 0.0522 -0.2803 1.2638, 0.0572 -0.2803 1.2638, 0.0522 -0.2759 1.2638, 0.0572 -0.262 1.2638, 0.0522 -0.2623 1.2638, 0.0415 -0.2682 1.2638, 0.0427 -0.2676 1.2638, 0.0521 -0.2759 1.2638, 0.0495 -0.2752 1.2638, 0.0513 -0.2771 1.2638, 0.048 -0.2761 1.2638, 0.0456 -0.267 1.2638, 0.0522 -0.2661 1.2638, 0.0522 -0.2688 1.2638, 0.0522 -0.2691 1.2638, 0.0519 -0.2713 1.2638, 0.0512 -0.2731 1.2638, 0.0501 -0.2746 1.2638, 0.052 -0.2601 1.2638, 0.0568 -0.2582 1.2638, 0.0515 -0.2583 1.2638, 0.056 -0.256 1.2638, 0.0509 -0.2573 1.2638, 0.055 -0.2544 1.2638, 0.0502 -0.2565 1.2638, 0.0536 -0.2531 1.2638, 0.0493 -0.2559 1.2638, 0.052 -0.2522 1.2638, 0.0481 -0.2555 1.2638, 0.0499 -0.2515 1.2638, 0.0465 -0.2553 1.2638, 0.0469 -0.2513 1.2638, 0.0438 -0.2556 1.2638, 0.0423 -0.2518 1.2638, 0.0406 -0.2566 1.2638, 0.0385 -0.2531 1.2638, 0.0372 -0.2588 1.2638, 0.0372 -0.2539 1.2638, 0.0405 -0.2752 1.2638, 0.0368 -0.2787 1.2638, 0.0409 -0.2756 1.2638, 0.0385 -0.2799 1.2638, 0.0419 -0.2763 1.2638, 0.0404 -0.2806 1.2638, 0.043 -0.2767 1.2638, 0.0434 -0.281 1.2638, 0.0447 -0.2769 1.2638, 0.0459 -0.2807 1.2638, 0.0465 -0.2767 1.2638, 0.048 -0.28 1.2638, 0.0497 -0.2788 1.2638, 0.0395 -0.2715 1.2638, 0.0344 -0.2721 1.2638, 0.0394 -0.2723 1.2638, 0.0344 -0.2727 1.2638, 0.0396 -0.2734 1.2638, 0.0346 -0.275 1.2638, 0.0399 -0.2743 1.2638, 0.0352 -0.2766 1.2638, 0.0363 -0.2782 1.2638, 0.0438 -0.2634 1.2638, 0.04 -0.2644 1.2638, 0.0408 -0.2687 1.2638, 0.0379 -0.2655 1.2638, 0.0402 -0.2694 1.2638, 0.0364 -0.2668 1.2638, 0.0397 -0.2704 1.2638, 0.0354 -0.2682 1.2638, 0.0347 -0.27 1.2638, 0.0465 -0.2553 1.2598, 0.0481 -0.2555 1.2598, 0.0493 -0.2559 1.2598, 0.0502 -0.2565 1.2598, 0.0509 -0.2573 1.2598, 0.0515 -0.2583 1.2598, 0.052 -0.2601 1.2598, 0.0522 -0.2623 1.2598, 0.0438 -0.2634 1.2598, 0.04 -0.2644 1.2598, 0.0379 -0.2655 1.2598, 0.0364 -0.2668 1.2598, 0.0354 -0.2682 1.2598, 0.0347 -0.27 1.2598, 0.0344 -0.2721 1.2598, 0.0344 -0.2727 1.2598, 0.0346 -0.275 1.2598, 0.0352 -0.2766 1.2598, 0.0363 -0.2782 1.2598, 0.0368 -0.2787 1.2598, 0.0434 -0.281 1.2598, 0.0405 -0.2806 1.2598, 0.0404 -0.2806 1.2598, 0.0385 -0.2799 1.2598, 0.0459 -0.2807 1.2598, 0.0461 -0.2806 1.2598, 0.048 -0.28 1.2598, 0.0497 -0.2788 1.2598, 0.0513 -0.2771 1.2598, 0.0521 -0.2759 1.2598, 0.0522 -0.2759 1.2598, 0.0522 -0.2803 1.2598, 0.0572 -0.2803 1.2598, 0.0572 -0.262 1.2598, 0.0568 -0.2582 1.2598, 0.056 -0.256 1.2598, 0.055 -0.2544 1.2598, 0.0536 -0.2531 1.2598, 0.052 -0.2522 1.2598, 0.0499 -0.2515 1.2598, 0.0469 -0.2513 1.2598, 0.0423 -0.2518 1.2598, 0.0385 -0.2531 1.2598, 0.0372 -0.2539 1.2598, 0.0372 -0.2588 1.2598, 0.0406 -0.2566 1.2598, 0.0438 -0.2556 1.2598, 0.0501 -0.2746 1.2598, 0.0495 -0.2752 1.2598, 0.048 -0.2761 1.2598, 0.0465 -0.2767 1.2598, 0.0447 -0.2769 1.2598, 0.0522 -0.2688 1.2598, 0.0522 -0.2691 1.2598, 0.0519 -0.2713 1.2598, 0.0512 -0.2731 1.2598, 0.0522 -0.2661 1.2598, 0.0456 -0.267 1.2598, 0.0408 -0.2687 1.2598, 0.0415 -0.2682 1.2598, 0.0427 -0.2676 1.2598, 0.0394 -0.2723 1.2598, 0.0395 -0.2715 1.2598, 0.0397 -0.2704 1.2598, 0.0402 -0.2694 1.2598, 0.0409 -0.2756 1.2598, 0.0405 -0.2752 1.2598, 0.0399 -0.2743 1.2598, 0.0396 -0.2734 1.2598, 0.043 -0.2767 1.2598, 0.0419 -0.2763 1.2598
            ]
        }
        coordIndex [
            0,1,2,-1,0,2,3,-1,3,2,4,-1,3,4,5,-1,6,5,7,-1,7,5,4,-1,8,6,9,-1,9,6,7,-1,8,9,10,-1,10,9,11,-1,10,11,12,-1,13,10,14,-1,14,10,12,-1,13,14,15,-1,15,14,16,-1,15,16,17,-1,18,19,20,-1,20,19,15,-1,20,15,17,-1,19,18,21,-1,22,23,21,-1,21,23,24,-1,21,24,19,-1,22,25,23,-1,23,25,26,-1,23,26,27,-1,27,26,28,-1,27,28,29,-1,29,28,30,-1,29,30,31,-1,31,30,32,-1,31,32,33,-1,33,32,34,-1,33,34,35,-1,36,35,37,-1,37,35,34,-1,36,37,38,-1,36,38,39,-1,39,38,40,-1,39,40,41,-1,41,40,42,-1,41,42,43,-1,43,42,44,-1,43,44,45,-1,44,46,45,-1,45,46,47,-1,45,47,48,-1,48,47,49,-1,48,49,50,-1,50,49,51,-1,50,51,52,-1,52,51,53,-1,52,53,54,-1,55,56,57,-1,57,56,54,-1,57,54,53,-1,58,56,59,-1,59,56,55,-1,0,58,1,-1,1,58,59,-1,3,5,54,-1,56,58,54,-1,54,58,0,-1,54,0,3,-1,10,13,8,-1,8,13,15,-1,8,15,6,-1,52,24,50,-1,50,24,23,-1,35,36,33,-1,33,36,39,-1,33,39,31,-1,31,39,41,-1,31,41,29,-1,29,41,43,-1,29,43,27,-1,27,43,45,-1,27,45,23,-1,23,45,48,-1,23,48,50,-1,5,6,54,-1,54,6,15,-1,54,15,52,-1,52,15,19,-1,52,19,24,-1,60,61,62,-1,62,61,63,-1,61,64,63,-1,63,64,65,-1,63,65,66,-1,66,65,67,-1,66,67,68,-1,68,67,69,-1,68,69,70,-1,70,69,71,-1,70,71,72,-1,72,71,73,-1,72,73,74,-1,74,73,75,-1,74,75,76,-1,76,75,77,-1,76,77,78,-1,78,77,79,-1,78,79,80,-1,80,79,81,-1,80,81,82,-1,82,81,83,-1,82,83,84,-1,84,83,85,-1,84,85,86,-1,86,85,87,-1,86,87,88,-1,88,87,89,-1,88,89,90,-1,90,89,91,-1,90,91,92,-1,92,91,93,-1,92,93,94,-1,94,93,95,-1,94,95,96,-1,96,95,97,-1,96,97,98,-1,98,97,99,-1,98,99,100,-1,100,99,101,-1,100,101,102,-1,102,101,103,-1,102,103,104,-1,104,103,105,-1,104,105,106,-1,106,105,107,-1,106,107,108,-1,108,107,109,-1,108,109,110,-1,110,109,111,-1,110,111,112,-1,112,111,113,-1,112,113,114,-1,114,113,115,-1,114,115,116,-1,116,115,117,-1,116,117,118,-1,118,117,119,-1,118,119,120,-1,121,120,122,-1,122,120,119,-1,121,122,123,-1,121,123,124,-1,124,123,125,-1,124,125,126,-1,126,125,127,-1,126,127,128,-1,128,127,129,-1,128,129,130,-1,130,129,131,-1,130,131,132,-1,132,131,133,-1,132,133,134,-1,134,133,135,-1,134,135,136,-1,136,135,137,-1,136,137,138,-1,138,137,139,-1,138,139,140,-1,140,139,141,-1,140,141,142,-1,142,141,143,-1,142,143,144,-1,144,143,145,-1,144,145,146,-1,146,145,147,-1,146,147,148,-1,148,147,149,-1,148,149,150,-1,150,149,151,-1,150,151,152,-1,152,151,153,-1,152,153,154,-1,154,153,155,-1,154,155,156,-1,156,155,157,-1,156,157,158,-1,158,157,159,-1,158,159,160,-1,160,159,161,-1,160,161,162,-1,162,161,163,-1,162,163,164,-1,164,163,165,-1,164,165,166,-1,166,165,167,-1,166,167,168,-1,168,167,169,-1,168,169,170,-1,170,169,171,-1,170,171,172,-1,172,171,173,-1,172,173,174,-1,174,173,175,-1,174,175,176,-1,176,175,177,-1,176,177,178,-1,178,177,179,-1,178,179,180,-1,180,179,181,-1,180,181,182,-1,182,181,183,-1,182,183,184,-1,184,183,185,-1,184,185,186,-1,187,186,188,-1,188,186,185,-1,60,62,189,-1,189,62,190,-1,189,190,191,-1,191,190,187,-1,191,187,188,-1,106,108,130,-1,130,108,128,-1,154,88,152,-1,152,88,90,-1,66,68,170,-1,170,68,70,-1,170,70,168,-1,168,70,72,-1,168,72,166,-1,166,72,74,-1,166,74,164,-1,164,74,76,-1,164,76,162,-1,162,76,78,-1,162,78,160,-1,160,78,80,-1,160,80,158,-1,158,80,82,-1,158,82,156,-1,156,82,84,-1,156,84,154,-1,154,84,86,-1,154,86,88,-1,62,180,190,-1,190,180,182,-1,190,182,187,-1,187,182,184,-1,187,184,186,-1,108,110,128,-1,128,110,112,-1,128,112,126,-1,126,112,114,-1,126,114,124,-1,124,114,116,-1,124,116,121,-1,121,116,118,-1,121,118,120,-1,170,172,66,-1,66,172,174,-1,66,174,63,-1,63,174,176,-1,63,176,62,-1,62,176,178,-1,62,178,180,-1,130,132,106,-1,106,132,134,-1,106,134,104,-1,104,134,136,-1,104,136,102,-1,102,136,138,-1,102,138,100,-1,100,138,140,-1,100,140,98,-1,98,140,142,-1,98,142,96,-1,96,142,144,-1,96,144,94,-1,94,144,146,-1,94,146,92,-1,92,146,148,-1,92,148,90,-1,90,148,150,-1,90,150,152,-1,192,193,194,-1,194,193,195,-1,196,197,198,-1,199,200,201,-1,201,200,202,-1,203,204,195,-1,195,204,205,-1,205,206,195,-1,195,206,207,-1,195,207,194,-1,194,207,208,-1,194,208,199,-1,199,208,209,-1,199,209,200,-1,198,203,196,-1,196,203,195,-1,196,195,210,-1,210,195,211,-1,210,211,212,-1,212,211,213,-1,212,213,214,-1,214,213,215,-1,214,215,216,-1,216,215,217,-1,216,217,218,-1,218,217,219,-1,218,219,220,-1,220,219,221,-1,220,221,222,-1,222,221,223,-1,222,223,224,-1,224,223,225,-1,224,225,226,-1,226,225,227,-1,226,227,228,-1,228,227,229,-1,230,231,232,-1,232,231,233,-1,232,233,234,-1,234,233,235,-1,234,235,236,-1,236,235,237,-1,236,237,238,-1,238,237,239,-1,238,239,240,-1,240,239,241,-1,240,241,202,-1,202,241,242,-1,202,242,201,-1,243,244,245,-1,245,244,246,-1,245,246,247,-1,247,246,248,-1,247,248,249,-1,249,248,250,-1,249,250,230,-1,230,250,251,-1,230,251,231,-1,196,252,197,-1,197,252,253,-1,197,253,254,-1,254,253,255,-1,254,255,256,-1,256,255,257,-1,256,257,258,-1,258,257,259,-1,258,259,243,-1,243,259,260,-1,243,260,244,-1,222,261,262,-1,222,262,220,-1,220,262,263,-1,220,263,218,-1,218,263,264,-1,218,264,216,-1,216,264,265,-1,216,265,214,-1,214,265,266,-1,214,266,212,-1,212,266,267,-1,212,267,210,-1,210,267,268,-1,210,268,196,-1,252,196,269,-1,269,196,268,-1,252,269,270,-1,252,270,253,-1,253,270,271,-1,253,271,255,-1,255,271,272,-1,255,272,257,-1,257,272,273,-1,257,273,259,-1,259,273,274,-1,259,274,260,-1,260,274,275,-1,260,275,244,-1,244,275,276,-1,244,276,246,-1,246,276,277,-1,246,277,248,-1,248,277,278,-1,248,278,250,-1,250,278,279,-1,250,279,251,-1,251,279,280,-1,251,280,231,-1,281,237,282,-1,282,237,235,-1,282,235,283,-1,283,235,233,-1,283,233,284,-1,284,233,231,-1,284,231,280,-1,237,281,285,-1,237,285,239,-1,239,285,286,-1,239,286,241,-1,286,287,241,-1,241,287,288,-1,241,288,242,-1,242,288,289,-1,242,289,201,-1,201,289,290,-1,201,290,199,-1,194,199,291,-1,291,199,290,-1,192,194,292,-1,292,194,291,-1,193,192,293,-1,293,192,292,-1,195,193,294,-1,294,193,293,-1,195,294,295,-1,195,295,211,-1,211,295,296,-1,211,296,213,-1,213,296,297,-1,213,297,215,-1,215,297,298,-1,215,298,217,-1,217,298,299,-1,217,299,219,-1,219,299,300,-1,219,300,221,-1,221,300,301,-1,221,301,223,-1,223,301,302,-1,223,302,225,-1,225,302,303,-1,225,303,227,-1,227,303,304,-1,227,304,229,-1,228,229,305,-1,305,229,304,-1,228,305,306,-1,228,306,226,-1,226,306,307,-1,226,307,224,-1,224,307,261,-1,224,261,222,-1,209,308,309,-1,209,309,200,-1,200,309,310,-1,200,310,202,-1,202,310,311,-1,202,311,240,-1,240,311,312,-1,240,312,238,-1,205,313,314,-1,205,314,206,-1,206,314,315,-1,206,315,207,-1,207,315,316,-1,207,316,208,-1,208,316,308,-1,208,308,209,-1,205,204,313,-1,313,204,317,-1,204,203,317,-1,317,203,318,-1,254,319,320,-1,254,320,197,-1,197,320,321,-1,197,321,198,-1,198,321,318,-1,198,318,203,-1,245,322,323,-1,245,323,243,-1,243,323,324,-1,243,324,258,-1,258,324,325,-1,258,325,256,-1,256,325,319,-1,256,319,254,-1,232,326,327,-1,232,327,230,-1,230,327,328,-1,230,328,249,-1,249,328,329,-1,249,329,247,-1,247,329,322,-1,247,322,245,-1,238,312,330,-1,238,330,236,-1,236,330,331,-1,236,331,234,-1,234,331,326,-1,234,326,232,-1,
        ]
    }
}
Shape{
    appearance Appearance {
        material  Material 	{
            diffuseColor 0.6666666666666666 0.6666666666666666 0.6666666666666666
            specularColor 0.4666666666666667 0.4666666666666667 0.4666666666666667
            ambientIntensity 0.6667
            transparency 0.0
            shininess 0.5
        }
    }
    geometry IndexedFaceSet {
        ccw TRUE
        solid FALSE
        coord DEF co Coordinate {
            point [
                0.0522 -0.2661 1.2598, 0.0456 -0.267 1.2598, 0.0522 -0.2688 1.2598, 0.0427 -0.2676 1.2598, 0.0415 -0.2682 1.2598, 0.0408 -0.2687 1.2598, 0.0522 -0.2691 1.2598, 0.0519 -0.2713 1.2598, 0.0402 -0.2694 1.2598, 0.0512 -0.2731 1.2598, 0.0405 -0.2752 1.2598, 0.0409 -0.2756 1.2598, 0.0495 -0.2752 1.2598, 0.0399 -0.2743 1.2598, 0.048 -0.2761 1.2598, 0.0465 -0.2767 1.2598, 0.0447 -0.2769 1.2598, 0.0397 -0.2704 1.2598, 0.0395 -0.2715 1.2598, 0.0501 -0.2746 1.2598, 0.0394 -0.2723 1.2598, 0.0396 -0.2734 1.2598, 0.0419 -0.2763 1.2598, 0.043 -0.2767 1.2598
            ]
        }
        coordIndex [
            0,1,2,-1,2,1,3,-1,3,4,2,-1,2,4,5,-1,2,5,6,-1,6,5,7,-1,7,5,8,-1,7,8,9,-1,10,11,12,-1,10,12,13,-1,14,12,15,-1,15,12,16,-1,8,17,9,-1,9,17,18,-1,9,18,19,-1,19,18,20,-1,19,20,12,-1,12,20,21,-1,12,21,13,-1,11,22,12,-1,12,22,23,-1,12,23,16,-1,
        ]
    }
}
Shape{
    appearance Appearance {
        material  Material 	{
            diffuseColor 0.0 0.0 0.0
            specularColor 0.0 0.0 0.0
            ambientIntensity 0.0
            transparency 0.0
            shininess 0.5
        }
    }
    geometry IndexedFaceSet {
        ccw TRUE
        solid FALSE
        coord DEF co Coordinate {
            point [
                -0.1671 -0.2859 1.2638, -0.1629 -0.2911 1.2638, -0.1697 -0.2609 1.2638, -0.1747 -0.2119 1.2638, -0.1684 -0.2086 1.2638, -0.1698 -0.1912 1.2638, -0.1522 -0.1903 1.2638, -0.1434 -0.211 1.2638, -0.1391 -0.202 1.2638, -0.1759 -0.2571 1.2638, -0.1736 -0.2788 1.2638, -0.17 -0.2799 1.2638, -0.1587 -0.1898 1.2638, -0.1411 -0.2604 1.2638, -0.1385 -0.2613 1.2638, -0.1149 -0.268 1.2638, -0.1362 -0.2628 1.2638, -0.1344 -0.2649 1.2638, -0.0754 -0.2471 1.2638, -0.0841 -0.2321 1.2638, -0.122 -0.2519 1.2638, -0.1434 -0.2601 1.2638, -0.1462 -0.2605 1.2638, -0.1499 -0.2431 1.2638, -0.1487 -0.2614 1.2638, -0.1562 -0.2455 1.2638, -0.1509 -0.263 1.2638, -0.1619 -0.2496 1.2638, -0.152 -0.2642 1.2638, -0.1666 -0.2549 1.2638, -0.1535 -0.2665 1.2638, -0.1543 -0.2692 1.2638, -0.1544 -0.2719 1.2638, -0.1329 -0.2442 1.2638, -0.1397 -0.2425 1.2638, -0.1432 -0.2423 1.2638, -0.1331 -0.2672 1.2638, -0.1325 -0.2698 1.2638, -0.1149 -0.2708 1.2638, -0.1325 -0.2724 1.2638, -0.1151 -0.2738 1.2638, -0.1464 -0.1836 1.2638, -0.1328 -0.1945 1.2638, -0.1398 -0.1779 1.2638, -0.1252 -0.1889 1.2638, -0.1329 -0.1737 1.2638, -0.1614 -0.2069 1.2638, -0.1584 -0.2067 1.2638, -0.1554 -0.19 1.2638, -0.1517 -0.2076 1.2638, -0.1454 -0.2099 1.2638, -0.1269 -0.2474 1.2638, -0.0604 -0.2804 1.2638, -0.0621 -0.2632 1.2638, -0.0771 -0.2804 1.2638, -0.0748 -0.2632 1.2638, -0.0787 -0.2802 1.2638, -0.1539 -0.2746 1.2638, -0.1528 -0.2769 1.2638, -0.0661 -0.2192 1.2638, -0.0638 -0.2192 1.2638, -0.0522 -0.2039 1.2638, -0.0592 -0.2196 1.2638, -0.0509 -0.2044 1.2638, -0.0542 -0.2214 1.2638, -0.0425 -0.2085 1.2638, -0.0497 -0.2243 1.2638, -0.0348 -0.215 1.2638, -0.046 -0.2283 1.2638, -0.029 -0.223 1.2638, -0.0433 -0.2331 1.2638, -0.0256 -0.2317 1.2638, -0.0419 -0.2385 1.2638, -0.0243 -0.2409 1.2638, -0.0418 -0.2412 1.2638, -0.0256 -0.251 1.2638, -0.0423 -0.2459 1.2638, -0.0291 -0.2599 1.2638, -0.044 -0.251 1.2638, -0.0347 -0.2677 1.2638, -0.0469 -0.2555 1.2638, -0.0424 -0.2742 1.2638, -0.0497 -0.2583 1.2638, -0.051 -0.2784 1.2638, -0.0543 -0.2612 1.2638, -0.0596 -0.2629 1.2638, -0.0675 -0.1816 1.2638, -0.0786 -0.1945 1.2638, -0.0581 -0.1924 1.2638, -0.0722 -0.2021 1.2638, -0.0678 -0.2112 1.2638, -0.1858 -0.2281 1.2638, -0.2044 -0.2328 1.2638, -0.1866 -0.235 1.2638, -0.2044 -0.2355 1.2638, -0.1863 -0.2394 1.2638, -0.2031 -0.2466 1.2638, -0.1843 -0.2463 1.2638, -0.199 -0.2571 1.2638, -0.1809 -0.2519 1.2638, -0.1926 -0.2663 1.2638, -0.1838 -0.2738 1.2638, -0.1167 -0.2808 1.2638, -0.1332 -0.2751 1.2638, -0.1201 -0.2871 1.2638, -0.1345 -0.2775 1.2638, -0.1244 -0.2919 1.2638, -0.136 -0.2792 1.2638, -0.13 -0.2958 1.2638, -0.1382 -0.2808 1.2638, -0.1363 -0.2982 1.2638, -0.1406 -0.2818 1.2638, -0.1432 -0.2991 1.2638, -0.1434 -0.2821 1.2638, -0.1442 -0.2991 1.2638, -0.1439 -0.2821 1.2638, -0.1509 -0.298 1.2638, -0.1465 -0.2817 1.2638, -0.1574 -0.2953 1.2638, -0.149 -0.2806 1.2638, -0.1512 -0.279 1.2638, -0.0762 -0.2629 1.2638, -0.083 -0.2775 1.2638, -0.0824 -0.2781 1.2638, -0.1198 -0.1686 1.2638, -0.116 -0.1852 1.2638, -0.1059 -0.1669 1.2638, -0.1056 -0.1839 1.2638, -0.0942 -0.1681 1.2638, -0.096 -0.185 1.2638, -0.0801 -0.1731 1.2638, -0.0871 -0.1884 1.2638, -0.0792 -0.1939 1.2638, -0.1803 -0.1952 1.2638, -0.1893 -0.2015 1.2638, -0.1795 -0.2162 1.2638, -0.1912 -0.2033 1.2638, -0.1834 -0.2218 1.2638, -0.198 -0.2121 1.2638, -0.2025 -0.2222 1.2638, -0.0754 -0.2631 1.2638, -0.0805 -0.2794 1.2638, -0.0853 -0.2717 1.2638, -0.085 -0.2738 1.2638, -0.0843 -0.2757 1.2638, -0.0787 -0.2632 1.2638, -0.0806 -0.264 1.2638, -0.0852 -0.2706 1.2638, -0.0824 -0.2652 1.2638, -0.0835 -0.2665 1.2638, -0.0846 -0.2684 1.2638, -0.0765 -0.2629 1.2638, -0.0329 -0.2176 1.2598, -0.029 -0.223 1.2598, -0.0265 -0.2293 1.2598, -0.0256 -0.2317 1.2598, -0.0243 -0.2409 1.2598, -0.0348 -0.215 1.2598, -0.0425 -0.2085 1.2598, -0.0509 -0.2044 1.2598, -0.0522 -0.2039 1.2598, -0.0581 -0.1924 1.2598, -0.0675 -0.1816 1.2598, -0.074 -0.1772 1.2598, -0.0801 -0.1731 1.2598, -0.0942 -0.1681 1.2598, -0.1059 -0.1669 1.2598, -0.1398 -0.1779 1.2598, -0.1387 -0.1772 1.2598, -0.1329 -0.1737 1.2598, -0.1198 -0.1686 1.2598, -0.1464 -0.1836 1.2598, -0.1522 -0.1903 1.2598, -0.1554 -0.19 1.2598, -0.1587 -0.1898 1.2598, -0.1698 -0.1912 1.2598, -0.1803 -0.1952 1.2598, -0.1893 -0.2015 1.2598, -0.1912 -0.2033 1.2598, -0.198 -0.2121 1.2598, -0.2004 -0.2176 1.2598, -0.2025 -0.2222 1.2598, -0.2037 -0.2293 1.2598, -0.2044 -0.2328 1.2598, -0.2044 -0.2355 1.2598, -0.2031 -0.2466 1.2598, -0.199 -0.2571 1.2598, -0.1926 -0.2663 1.2598, -0.1838 -0.2738 1.2598, -0.1736 -0.2788 1.2598, -0.17 -0.2799 1.2598, -0.1696 -0.2806 1.2598, -0.1671 -0.2859 1.2598, -0.1629 -0.2911 1.2598, -0.1574 -0.2953 1.2598, -0.1548 -0.2964 1.2598, -0.1509 -0.298 1.2598, -0.1442 -0.2991 1.2598, -0.1432 -0.2991 1.2598, -0.1149 -0.2708 1.2598, -0.1363 -0.2982 1.2598, -0.1315 -0.2964 1.2598, -0.13 -0.2958 1.2598, -0.1244 -0.2919 1.2598, -0.1201 -0.2871 1.2598, -0.1167 -0.2808 1.2598, -0.1167 -0.2806 1.2598, -0.1151 -0.2738 1.2598, -0.1149 -0.268 1.2598, -0.0754 -0.2471 1.2598, -0.0841 -0.2321 1.2598, -0.122 -0.2519 1.2598, -0.1269 -0.2474 1.2598, -0.1329 -0.2442 1.2598, -0.1397 -0.2425 1.2598, -0.1432 -0.2423 1.2598, -0.1499 -0.2431 1.2598, -0.1562 -0.2455 1.2598, -0.1619 -0.2496 1.2598, -0.1666 -0.2549 1.2598, -0.1697 -0.2609 1.2598, -0.1759 -0.2571 1.2598, -0.1809 -0.2519 1.2598, -0.1843 -0.2463 1.2598, -0.1863 -0.2394 1.2598, -0.1866 -0.235 1.2598, -0.1859 -0.2293 1.2598, -0.1858 -0.2281 1.2598, -0.1834 -0.2218 1.2598, -0.1805 -0.2176 1.2598, -0.1795 -0.2162 1.2598, -0.1747 -0.2119 1.2598, -0.1684 -0.2086 1.2598, -0.1614 -0.2069 1.2598, -0.1584 -0.2067 1.2598, -0.1517 -0.2076 1.2598, -0.1454 -0.2099 1.2598, -0.1434 -0.211 1.2598, -0.1391 -0.202 1.2598, -0.1328 -0.1945 1.2598, -0.1252 -0.1889 1.2598, -0.116 -0.1852 1.2598, -0.1056 -0.1839 1.2598, -0.0661 -0.2192 1.2598, -0.0664 -0.2176 1.2598, -0.0678 -0.2112 1.2598, -0.0722 -0.2021 1.2598, -0.0786 -0.1945 1.2598, -0.0792 -0.1939 1.2598, -0.0871 -0.1884 1.2598, -0.096 -0.185 1.2598, -0.0638 -0.2192 1.2598, -0.0592 -0.2196 1.2598, -0.0542 -0.2214 1.2598, -0.0497 -0.2243 1.2598, -0.046 -0.2283 1.2598, -0.0454 -0.2293 1.2598, -0.0433 -0.2331 1.2598, -0.0419 -0.2385 1.2598, -0.0418 -0.2412 1.2598, -0.0423 -0.2459 1.2598, -0.044 -0.251 1.2598, -0.0469 -0.2555 1.2598, -0.0497 -0.2583 1.2598, -0.0543 -0.2612 1.2598, -0.0596 -0.2629 1.2598, -0.0621 -0.2632 1.2598, -0.0748 -0.2632 1.2598, -0.0754 -0.2631 1.2598, -0.0762 -0.2629 1.2598, -0.0765 -0.2629 1.2598, -0.0787 -0.2632 1.2598, -0.0806 -0.264 1.2598, -0.0824 -0.2652 1.2598, -0.0835 -0.2665 1.2598, -0.0846 -0.2684 1.2598, -0.0852 -0.2706 1.2598, -0.0853 -0.2717 1.2598, -0.085 -0.2738 1.2598, -0.0843 -0.2757 1.2598, -0.083 -0.2775 1.2598, -0.0824 -0.2781 1.2598, -0.0805 -0.2794 1.2598, -0.0787 -0.2802 1.2598, -0.0771 -0.2804 1.2598, -0.0604 -0.2804 1.2598, -0.051 -0.2784 1.2598, -0.0424 -0.2742 1.2598, -0.0347 -0.2677 1.2598, -0.0291 -0.2599 1.2598, -0.0256 -0.251 1.2598, -0.1434 -0.2601 1.2598, -0.1411 -0.2604 1.2598, -0.1385 -0.2613 1.2598, -0.1362 -0.2628 1.2598, -0.1344 -0.2649 1.2598, -0.1331 -0.2672 1.2598, -0.1325 -0.2698 1.2598, -0.1325 -0.2724 1.2598, -0.1332 -0.2751 1.2598, -0.1345 -0.2775 1.2598, -0.136 -0.2792 1.2598, -0.1382 -0.2808 1.2598, -0.1406 -0.2818 1.2598, -0.1434 -0.2821 1.2598, -0.1439 -0.2821 1.2598, -0.1465 -0.2817 1.2598, -0.149 -0.2806 1.2598, -0.1512 -0.279 1.2598, -0.1528 -0.2769 1.2598, -0.1539 -0.2746 1.2598, -0.1544 -0.2719 1.2598, -0.1543 -0.2692 1.2598, -0.1535 -0.2665 1.2598, -0.152 -0.2642 1.2598, -0.1509 -0.263 1.2598, -0.1487 -0.2614 1.2598, -0.1462 -0.2605 1.2598
            ]
        }
        coordIndex [
            0,1,2,-1,3,4,5,-1,6,7,8,-1,9,10,2,-1,2,10,11,-1,2,11,0,-1,5,4,12,-1,13,14,15,-1,15,14,16,-1,15,16,17,-1,18,19,15,-1,15,19,20,-1,15,20,13,-1,13,20,21,-1,22,23,24,-1,24,23,25,-1,24,25,26,-1,26,25,27,-1,26,27,28,-1,28,27,29,-1,28,29,30,-1,30,29,2,-1,30,2,31,-1,31,2,32,-1,33,34,22,-1,22,34,35,-1,22,35,23,-1,17,36,15,-1,15,36,37,-1,15,37,38,-1,38,37,39,-1,38,39,40,-1,6,8,41,-1,41,8,42,-1,41,42,43,-1,43,42,44,-1,43,44,45,-1,4,46,12,-1,12,46,47,-1,12,47,48,-1,48,47,49,-1,48,49,6,-1,6,49,50,-1,6,50,7,-1,21,20,22,-1,22,20,51,-1,22,51,33,-1,52,53,54,-1,54,53,55,-1,54,55,56,-1,32,2,57,-1,57,2,1,-1,57,1,58,-1,59,60,61,-1,61,60,62,-1,61,62,63,-1,63,62,64,-1,63,64,65,-1,65,64,66,-1,65,66,67,-1,67,66,68,-1,67,68,69,-1,69,68,70,-1,69,70,71,-1,71,70,72,-1,71,72,73,-1,73,72,74,-1,73,74,75,-1,75,74,76,-1,75,76,77,-1,77,76,78,-1,77,78,79,-1,79,78,80,-1,79,80,81,-1,81,80,82,-1,81,82,83,-1,83,82,84,-1,83,84,52,-1,52,84,85,-1,52,85,53,-1,86,87,88,-1,88,87,89,-1,88,89,61,-1,61,89,90,-1,61,90,59,-1,91,92,93,-1,93,92,94,-1,93,94,95,-1,95,94,96,-1,95,96,97,-1,97,96,98,-1,97,98,99,-1,99,98,100,-1,99,100,9,-1,9,100,101,-1,9,101,10,-1,40,39,102,-1,102,39,103,-1,102,103,104,-1,104,103,105,-1,104,105,106,-1,106,105,107,-1,106,107,108,-1,108,107,109,-1,108,109,110,-1,110,109,111,-1,110,111,112,-1,112,111,113,-1,112,113,114,-1,114,113,115,-1,114,115,116,-1,116,115,117,-1,116,117,118,-1,118,117,119,-1,118,119,1,-1,1,119,120,-1,1,120,58,-1,121,122,123,-1,45,44,124,-1,124,44,125,-1,124,125,126,-1,126,125,127,-1,126,127,128,-1,128,127,129,-1,128,129,130,-1,130,129,131,-1,130,131,86,-1,86,131,132,-1,86,132,87,-1,5,133,3,-1,3,133,134,-1,3,134,135,-1,135,134,136,-1,135,136,137,-1,137,136,138,-1,137,138,91,-1,91,138,139,-1,91,139,92,-1,55,140,56,-1,56,140,121,-1,56,121,141,-1,141,121,123,-1,142,143,121,-1,121,143,144,-1,121,144,122,-1,145,146,147,-1,146,148,147,-1,147,148,149,-1,147,149,150,-1,142,121,147,-1,147,121,151,-1,147,151,145,-1,152,67,153,-1,153,67,69,-1,153,69,154,-1,154,69,71,-1,154,71,155,-1,155,71,73,-1,155,73,156,-1,152,157,67,-1,67,157,158,-1,67,158,65,-1,65,158,159,-1,65,159,63,-1,63,159,160,-1,63,160,61,-1,61,160,161,-1,61,161,88,-1,88,161,162,-1,88,162,86,-1,86,162,130,-1,130,162,163,-1,163,164,130,-1,130,164,165,-1,130,165,128,-1,128,165,166,-1,128,166,126,-1,167,43,168,-1,168,43,45,-1,168,45,169,-1,169,45,124,-1,169,124,170,-1,170,124,126,-1,170,126,166,-1,43,167,171,-1,43,171,41,-1,41,171,172,-1,41,172,6,-1,6,172,173,-1,6,173,48,-1,48,173,174,-1,48,174,12,-1,12,174,175,-1,12,175,5,-1,5,175,176,-1,5,176,133,-1,133,176,177,-1,133,177,134,-1,134,177,178,-1,134,178,136,-1,139,138,179,-1,179,138,136,-1,179,136,178,-1,179,180,139,-1,139,180,181,-1,139,181,92,-1,92,181,182,-1,182,183,92,-1,92,183,184,-1,92,184,94,-1,94,184,185,-1,94,185,96,-1,96,185,186,-1,96,186,98,-1,98,186,187,-1,98,187,100,-1,100,187,188,-1,100,188,101,-1,101,188,189,-1,101,189,10,-1,10,189,190,-1,10,190,11,-1,11,190,191,-1,11,191,0,-1,191,192,0,-1,0,192,193,-1,0,193,1,-1,1,193,194,-1,1,194,118,-1,118,194,195,-1,118,195,116,-1,195,196,116,-1,116,196,197,-1,116,197,114,-1,114,197,198,-1,114,198,112,-1,199,38,40,-1,112,198,200,-1,112,200,110,-1,110,200,201,-1,110,201,108,-1,201,202,108,-1,108,202,203,-1,108,203,106,-1,106,203,204,-1,106,204,104,-1,104,204,205,-1,104,205,102,-1,102,205,206,-1,102,206,40,-1,40,206,207,-1,40,207,199,-1,15,38,208,-1,208,38,199,-1,18,15,209,-1,209,15,208,-1,19,18,210,-1,210,18,209,-1,20,19,211,-1,211,19,210,-1,20,211,212,-1,20,212,51,-1,51,212,213,-1,51,213,33,-1,33,213,214,-1,33,214,34,-1,34,214,215,-1,34,215,35,-1,35,215,216,-1,35,216,23,-1,23,216,217,-1,23,217,25,-1,25,217,218,-1,25,218,27,-1,27,218,219,-1,27,219,29,-1,29,219,220,-1,29,220,2,-1,2,220,221,-1,2,221,9,-1,9,221,222,-1,9,222,99,-1,99,222,223,-1,99,223,97,-1,97,223,224,-1,97,224,95,-1,95,224,225,-1,95,225,93,-1,225,226,93,-1,93,226,91,-1,226,227,91,-1,91,227,228,-1,91,228,137,-1,137,228,229,-1,137,229,135,-1,229,230,135,-1,135,230,231,-1,135,231,3,-1,3,231,232,-1,3,232,4,-1,4,232,233,-1,4,233,46,-1,46,233,234,-1,46,234,47,-1,47,234,235,-1,47,235,49,-1,49,235,236,-1,49,236,50,-1,50,236,237,-1,50,237,7,-1,7,237,238,-1,7,238,8,-1,8,238,239,-1,8,239,42,-1,42,239,240,-1,42,240,44,-1,44,240,241,-1,44,241,125,-1,125,241,242,-1,125,242,127,-1,243,59,244,-1,244,59,90,-1,244,90,245,-1,245,90,89,-1,245,89,246,-1,246,89,87,-1,246,87,247,-1,247,87,132,-1,247,132,248,-1,248,132,131,-1,248,131,249,-1,249,131,129,-1,249,129,250,-1,250,129,127,-1,250,127,242,-1,60,59,251,-1,251,59,243,-1,60,251,252,-1,60,252,62,-1,62,252,253,-1,62,253,64,-1,64,253,254,-1,64,254,66,-1,66,254,255,-1,66,255,68,-1,68,255,256,-1,68,256,70,-1,256,257,70,-1,70,257,258,-1,70,258,72,-1,72,258,259,-1,72,259,74,-1,74,259,260,-1,74,260,76,-1,76,260,261,-1,76,261,78,-1,78,261,262,-1,78,262,80,-1,80,262,263,-1,80,263,82,-1,82,263,264,-1,82,264,84,-1,84,264,265,-1,84,265,85,-1,85,265,266,-1,85,266,53,-1,55,53,267,-1,267,53,266,-1,55,267,268,-1,55,268,140,-1,140,268,269,-1,140,269,121,-1,121,269,270,-1,121,270,151,-1,151,270,271,-1,151,271,145,-1,145,271,272,-1,145,272,146,-1,146,272,273,-1,146,273,148,-1,148,273,274,-1,148,274,149,-1,149,274,275,-1,149,275,150,-1,150,275,276,-1,150,276,147,-1,147,276,277,-1,147,277,142,-1,142,277,278,-1,142,278,143,-1,143,278,279,-1,143,279,144,-1,144,279,280,-1,144,280,122,-1,122,280,281,-1,122,281,123,-1,123,281,282,-1,123,282,141,-1,141,282,283,-1,141,283,56,-1,56,283,284,-1,56,284,54,-1,52,54,285,-1,285,54,284,-1,52,285,286,-1,52,286,83,-1,83,286,287,-1,83,287,81,-1,81,287,288,-1,81,288,79,-1,79,288,289,-1,79,289,77,-1,77,289,290,-1,77,290,75,-1,75,290,156,-1,75,156,73,-1,21,291,292,-1,21,292,13,-1,13,292,293,-1,13,293,14,-1,14,293,294,-1,14,294,16,-1,16,294,295,-1,16,295,17,-1,17,295,296,-1,17,296,36,-1,36,296,297,-1,36,297,37,-1,37,297,298,-1,37,298,39,-1,39,298,299,-1,39,299,103,-1,103,299,300,-1,103,300,105,-1,105,300,301,-1,105,301,107,-1,107,301,302,-1,107,302,109,-1,109,302,303,-1,109,303,111,-1,111,303,304,-1,111,304,113,-1,113,304,305,-1,113,305,115,-1,115,305,306,-1,115,306,117,-1,117,306,307,-1,117,307,119,-1,119,307,308,-1,119,308,120,-1,120,308,309,-1,120,309,58,-1,58,309,310,-1,58,310,57,-1,57,310,311,-1,57,311,32,-1,32,311,312,-1,32,312,31,-1,31,312,313,-1,31,313,30,-1,30,313,314,-1,30,314,28,-1,28,314,315,-1,28,315,26,-1,26,315,316,-1,26,316,24,-1,24,316,317,-1,24,317,22,-1,22,317,291,-1,22,291,21,-1,
        ]
    }
}
Shape{
    appearance Appearance {
        material  Material 	{
            diffuseColor 0.6666666666666666 0.6666666666666666 0.6666666666666666
            specularColor 0.4666666666666667 0.4666666666666667 0.4666666666666667
            ambientIntensity 0.6667
            transparency 0.0
            shininess 0.5
        }
    }
    geometry IndexedFaceSet {
        ccw TRUE
        solid FALSE
        coord DEF co Coordinate {
            point [
                -0.1439 -0.2821 1.2598, -0.1509 -0.263 1.2598, -0.152 -0.2642 1.2598, -0.1406 -0.2818 1.2598, -0.1382 -0.2808 1.2598, -0.1411 -0.2604 1.2598, -0.1434 -0.2601 1.2598, -0.1462 -0.2605 1.2598, -0.1487 -0.2614 1.2598, -0.1539 -0.2746 1.2598, -0.1528 -0.2769 1.2598, -0.1512 -0.279 1.2598, -0.1434 -0.2821 1.2598, -0.1535 -0.2665 1.2598, -0.1543 -0.2692 1.2598, -0.1544 -0.2719 1.2598, -0.149 -0.2806 1.2598, -0.1465 -0.2817 1.2598, -0.136 -0.2792 1.2598, -0.1345 -0.2775 1.2598, -0.1332 -0.2751 1.2598, -0.1325 -0.2724 1.2598, -0.1325 -0.2698 1.2598, -0.1331 -0.2672 1.2598, -0.1344 -0.2649 1.2598, -0.1362 -0.2628 1.2598, -0.1385 -0.2613 1.2598
            ]
        }
        coordIndex [
            0,1,2,-1,3,4,5,-1,6,7,0,-1,0,7,8,-1,0,8,1,-1,9,10,2,-1,2,10,11,-1,6,0,5,-1,5,0,12,-1,5,12,3,-1,13,14,2,-1,2,14,15,-1,2,15,9,-1,11,16,2,-1,2,16,17,-1,2,17,0,-1,4,18,5,-1,5,18,19,-1,5,19,20,-1,20,21,5,-1,5,21,22,-1,5,22,23,-1,23,24,5,-1,5,24,25,-1,5,25,26,-1,
        ]
    }
}
Shape{
    appearance Appearance {
        material  Material 	{
            diffuseColor 0.0 0.0 0.0
            specularColor 0.0 0.0 0.0
            ambientIntensity 0.0
            transparency 0.0
            shininess 0.5
        }
    }
    geometry IndexedFaceSet {
        ccw TRUE
        solid FALSE
        coord DEF co Coordinate {
            point [
                0.1213 -0.1872 1.2638, 0.1255 -0.1846 1.2638, 0.12 -0.1859 1.2638, 0.1237 -0.1828 1.2638, 0.1169 -0.1839 1.2638, 0.12 -0.1802 1.2638, 0.1134 -0.1827 1.2638, 0.1153 -0.1784 1.2638, 0.1085 -0.1821 1.2638, 0.1087 -0.1776 1.2638, 0.1025 -0.1821 1.2638, 0.0974 -0.1776 1.2638, 0.1025 -0.2128 1.2638, 0.0974 -0.2173 1.2638, 0.1083 -0.2128 1.2638, 0.1083 -0.2173 1.2638, 0.1132 -0.2123 1.2638, 0.115 -0.2165 1.2638, 0.1166 -0.2111 1.2638, 0.1195 -0.2147 1.2638, 0.1193 -0.2094 1.2638, 0.1233 -0.2121 1.2638, 0.1201 -0.2086 1.2638, 0.1237 -0.2117 1.2638, 0.1222 -0.206 1.2638, 0.1266 -0.2084 1.2638, 0.1235 -0.203 1.2638, 0.1286 -0.2043 1.2638, 0.1242 -0.1993 1.2638, 0.1296 -0.1997 1.2638, 0.1243 -0.1971 1.2638, 0.1297 -0.1969 1.2638, 0.1238 -0.1924 1.2638, 0.1292 -0.1921 1.2638, 0.1228 -0.1894 1.2638, 0.1279 -0.1882 1.2638, 0.1237 -0.2117 1.2598, 0.1266 -0.2084 1.2598, 0.1286 -0.2043 1.2598, 0.1296 -0.1997 1.2598, 0.1297 -0.1969 1.2598, 0.1292 -0.1921 1.2598, 0.1279 -0.1882 1.2598, 0.1255 -0.1846 1.2598, 0.1237 -0.1828 1.2598, 0.12 -0.1802 1.2598, 0.1153 -0.1784 1.2598, 0.1087 -0.1776 1.2598, 0.0974 -0.1776 1.2598, 0.0974 -0.2173 1.2598, 0.1083 -0.2173 1.2598, 0.115 -0.2165 1.2598, 0.1195 -0.2147 1.2598, 0.1233 -0.2121 1.2598, 0.12 -0.1859 1.2598, 0.1213 -0.1872 1.2598, 0.1228 -0.1894 1.2598, 0.1238 -0.1924 1.2598, 0.1243 -0.1971 1.2598, 0.1085 -0.1821 1.2598, 0.1134 -0.1827 1.2598, 0.1169 -0.1839 1.2598, 0.1025 -0.1821 1.2598, 0.1025 -0.2128 1.2598, 0.1083 -0.2128 1.2598, 0.1201 -0.2086 1.2598, 0.1193 -0.2094 1.2598, 0.1166 -0.2111 1.2598, 0.1132 -0.2123 1.2598, 0.1242 -0.1993 1.2598, 0.1235 -0.203 1.2598, 0.1222 -0.206 1.2598
            ]
        }
        coordIndex [
            0,1,2,-1,2,1,3,-1,2,3,4,-1,4,3,5,-1,4,5,6,-1,6,5,7,-1,6,7,8,-1,8,7,9,-1,8,9,10,-1,10,9,11,-1,10,11,12,-1,12,11,13,-1,12,13,14,-1,14,13,15,-1,14,15,16,-1,16,15,17,-1,16,17,18,-1,18,17,19,-1,18,19,20,-1,20,19,21,-1,20,21,22,-1,22,21,23,-1,22,23,24,-1,24,23,25,-1,24,25,26,-1,26,25,27,-1,26,27,28,-1,28,27,29,-1,28,29,30,-1,30,29,31,-1,30,31,32,-1,32,31,33,-1,32,33,34,-1,34,33,35,-1,34,35,0,-1,0,35,1,-1,23,36,37,-1,23,37,25,-1,25,37,38,-1,25,38,27,-1,27,38,39,-1,27,39,29,-1,29,39,40,-1,29,40,31,-1,31,40,41,-1,31,41,33,-1,33,41,42,-1,33,42,35,-1,35,42,43,-1,35,43,1,-1,1,43,44,-1,1,44,3,-1,3,44,45,-1,3,45,5,-1,5,45,46,-1,5,46,7,-1,7,46,47,-1,7,47,9,-1,11,9,48,-1,48,9,47,-1,13,11,49,-1,49,11,48,-1,15,13,50,-1,50,13,49,-1,15,50,51,-1,15,51,17,-1,17,51,52,-1,17,52,19,-1,19,52,53,-1,19,53,21,-1,21,53,36,-1,21,36,23,-1,2,54,55,-1,2,55,0,-1,0,55,56,-1,0,56,34,-1,34,56,57,-1,34,57,32,-1,32,57,58,-1,32,58,30,-1,8,59,60,-1,8,60,6,-1,6,60,61,-1,6,61,4,-1,4,61,54,-1,4,54,2,-1,8,10,59,-1,59,10,62,-1,10,12,62,-1,62,12,63,-1,12,14,63,-1,63,14,64,-1,22,65,66,-1,22,66,20,-1,20,66,67,-1,20,67,18,-1,18,67,68,-1,18,68,16,-1,16,68,64,-1,16,64,14,-1,30,58,69,-1,30,69,28,-1,28,69,70,-1,28,70,26,-1,26,70,71,-1,26,71,24,-1,24,71,65,-1,24,65,22,-1,
        ]
    }
}
Shape{
    appearance Appearance {
        material  Material 	{
            diffuseColor 0.6666666666666666 0.6666666666666666 0.6666666666666666
            specularColor 0.4666666666666667 0.4666666666666667 0.4666666666666667
            ambientIntensity 0.6667
            transparency 0.0
            shininess 0.5
        }
    }
    geometry IndexedFaceSet {
        ccw TRUE
        solid FALSE
        coord DEF co Coordinate {
            point [
                0.1025 -0.1821 1.2598, 0.1025 -0.2128 1.2598, 0.1085 -0.1821 1.2598, 0.1083 -0.2128 1.2598, 0.1132 -0.2123 1.2598, 0.1166 -0.2111 1.2598, 0.1193 -0.2094 1.2598, 0.1201 -0.2086 1.2598, 0.1222 -0.206 1.2598, 0.1235 -0.203 1.2598, 0.1242 -0.1993 1.2598, 0.1243 -0.1971 1.2598, 0.1238 -0.1924 1.2598, 0.1228 -0.1894 1.2598, 0.1213 -0.1872 1.2598, 0.12 -0.1859 1.2598, 0.1134 -0.1827 1.2598, 0.1169 -0.1839 1.2598
            ]
        }
        coordIndex [
            0,1,2,-1,2,1,3,-1,2,3,4,-1,4,5,2,-1,2,5,6,-1,2,6,7,-1,7,8,2,-1,2,8,9,-1,2,9,10,-1,10,11,2,-1,2,11,12,-1,2,12,13,-1,13,14,2,-1,2,14,15,-1,2,15,16,-1,16,15,17,-1,
        ]
    }
}
Shape{
    appearance Appearance {
        material  Material 	{
            diffuseColor 0.0 0.0 0.0
            specularColor 0.0 0.0 0.0
            ambientIntensity 0.0
            transparency 0.0
            shininess 0.5
        }
    }
    geometry IndexedFaceSet {
        ccw TRUE
        solid FALSE
        coord DEF co Coordinate {
            point [
                0.0503 -0.2134 1.2638, 0.0503 -0.2134 1.2598, 0.0463 -0.2129 1.2598, 0.0463 -0.2129 1.2638, 0.0434 -0.2118 1.2598, 0.0434 -0.2118 1.2638, 0.0409 -0.2099 1.2598, 0.0409 -0.2099 1.2638, 0.0401 -0.2092 1.2598, 0.0401 -0.2092 1.2638, 0.0381 -0.2064 1.2598, 0.0381 -0.2064 1.2638, 0.0368 -0.2031 1.2598, 0.0368 -0.2031 1.2638, 0.0362 -0.1982 1.2598, 0.0362 -0.1982 1.2638, 0.0362 -0.1979 1.2598, 0.0362 -0.1979 1.2638, 0.0367 -0.193 1.2598, 0.0367 -0.193 1.2638, 0.038 -0.1894 1.2598, 0.038 -0.1894 1.2638, 0.0398 -0.1866 1.2598, 0.0398 -0.1866 1.2638, 0.0404 -0.1859 1.2598, 0.0404 -0.1859 1.2638, 0.0429 -0.1838 1.2598, 0.0429 -0.1838 1.2638, 0.046 -0.1823 1.2598, 0.046 -0.1823 1.2638, 0.0495 -0.1816 1.2598, 0.0495 -0.1816 1.2638, 0.0512 -0.1815 1.2598, 0.0512 -0.1815 1.2638, 0.0606 -0.1839 1.2598, 0.0606 -0.1839 1.2638, 0.0598 -0.1835 1.2638, 0.0558 -0.182 1.2598, 0.0558 -0.182 1.2638, 0.0589 -0.1831 1.2598, 0.0598 -0.1835 1.2598, 0.0606 -0.1785 1.2638, 0.0606 -0.1785 1.2598, 0.0512 -0.1769 1.2598, 0.0512 -0.1769 1.2638, 0.0515 -0.1769 1.2638, 0.0589 -0.178 1.2598, 0.0567 -0.1774 1.2638, 0.0567 -0.1774 1.2598, 0.0552 -0.1772 1.2598, 0.0515 -0.1769 1.2598, 0.0479 -0.1772 1.2598, 0.0462 -0.1774 1.2638, 0.0462 -0.1774 1.2598, 0.0419 -0.1789 1.2598, 0.0419 -0.1789 1.2638, 0.038 -0.1814 1.2598, 0.038 -0.1814 1.2638, 0.0366 -0.1827 1.2598, 0.0366 -0.1827 1.2638, 0.0339 -0.1862 1.2598, 0.0339 -0.1862 1.2638, 0.0319 -0.1906 1.2598, 0.0319 -0.1906 1.2638, 0.0309 -0.1957 1.2598, 0.0309 -0.1957 1.2638, 0.0308 -0.1982 1.2598, 0.0308 -0.1982 1.2638, 0.0316 -0.2045 1.2598, 0.0316 -0.2045 1.2638, 0.0332 -0.2087 1.2598, 0.0332 -0.2087 1.2638, 0.0355 -0.2121 1.2598, 0.0355 -0.2121 1.2638, 0.0359 -0.2125 1.2598, 0.0359 -0.2125 1.2638, 0.0496 -0.218 1.2598, 0.0496 -0.218 1.2638, 0.0471 -0.2178 1.2638, 0.0391 -0.2152 1.2598, 0.0391 -0.2152 1.2638, 0.0428 -0.2169 1.2598, 0.0428 -0.2169 1.2638, 0.0461 -0.2176 1.2598, 0.0471 -0.2178 1.2598, 0.0606 -0.2156 1.2598, 0.0606 -0.2156 1.2638, 0.0599 -0.216 1.2638, 0.0556 -0.2174 1.2638, 0.0531 -0.2176 1.2598, 0.0556 -0.2174 1.2598, 0.0589 -0.2163 1.2598, 0.0599 -0.216 1.2598, 0.0606 -0.2107 1.2638, 0.0606 -0.2107 1.2598, 0.0589 -0.2115 1.2598, 0.0568 -0.2124 1.2638, 0.0568 -0.2124 1.2598, 0.0523 -0.2133 1.2598, 0.0523 -0.2133 1.2638, 0.1928 -0.2649 1.2638, 0.1912 -0.2694 1.2638, 0.2061 -0.2649 1.2638, 0.2077 -0.2694 1.2638, 0.1987 -0.2484 1.2638, 0.1968 -0.2406 1.2638, 0.1817 -0.2803 1.2638, 0.1873 -0.2803 1.2638, 0.1991 -0.2473 1.2638, 0.1994 -0.2457 1.2638, 0.2023 -0.2406 1.2638, 0.1995 -0.2457 1.2638, 0.1998 -0.2473 1.2638, 0.2001 -0.2484 1.2638, 0.2174 -0.2803 1.2638, 0.2117 -0.2803 1.2638, 0.1968 -0.2406 1.2598, 0.2023 -0.2406 1.2598, 0.1817 -0.2803 1.2598, 0.1873 -0.2803 1.2598, 0.1912 -0.2694 1.2598, 0.2077 -0.2694 1.2598, 0.2117 -0.2803 1.2598, 0.2174 -0.2803 1.2598, 0.1987 -0.2484 1.2598, 0.1991 -0.2473 1.2598, 0.1994 -0.2457 1.2598, 0.1928 -0.2649 1.2598, 0.2061 -0.2649 1.2598, 0.2001 -0.2484 1.2598, 0.1995 -0.2457 1.2598, 0.1998 -0.2473 1.2598
            ]
        }
        coordIndex [
            0,1,2,-1,0,2,3,-1,3,2,4,-1,3,4,5,-1,5,4,6,-1,5,6,7,-1,7,6,8,-1,7,8,9,-1,9,8,10,-1,9,10,11,-1,11,10,12,-1,11,12,13,-1,13,12,14,-1,13,14,15,-1,15,14,16,-1,15,16,17,-1,17,16,18,-1,17,18,19,-1,19,18,20,-1,19,20,21,-1,21,20,22,-1,21,22,23,-1,23,22,24,-1,23,24,25,-1,25,24,26,-1,25,26,27,-1,27,26,28,-1,27,28,29,-1,29,28,30,-1,29,30,31,-1,31,30,32,-1,31,32,33,-1,34,35,36,-1,33,32,37,-1,33,37,38,-1,38,37,39,-1,38,39,36,-1,36,39,40,-1,36,40,34,-1,41,35,42,-1,42,35,34,-1,43,44,45,-1,41,42,46,-1,41,46,47,-1,46,48,47,-1,47,48,49,-1,47,49,45,-1,45,49,50,-1,45,50,43,-1,43,51,44,-1,44,51,52,-1,51,53,52,-1,52,53,54,-1,52,54,55,-1,55,54,56,-1,55,56,57,-1,57,56,58,-1,57,58,59,-1,59,58,60,-1,59,60,61,-1,61,60,62,-1,61,62,63,-1,63,62,64,-1,63,64,65,-1,65,64,66,-1,65,66,67,-1,67,66,68,-1,67,68,69,-1,69,68,70,-1,69,70,71,-1,71,70,72,-1,71,72,73,-1,73,72,74,-1,73,74,75,-1,76,77,78,-1,75,74,79,-1,75,79,80,-1,80,79,81,-1,80,81,82,-1,82,81,83,-1,82,83,78,-1,78,83,84,-1,78,84,76,-1,85,86,87,-1,77,76,88,-1,88,76,89,-1,89,90,88,-1,88,90,91,-1,88,91,87,-1,87,91,92,-1,87,92,85,-1,93,86,94,-1,94,86,85,-1,93,94,95,-1,93,95,96,-1,95,97,96,-1,96,97,98,-1,96,98,99,-1,99,98,1,-1,99,1,0,-1,36,35,41,-1,19,21,61,-1,86,93,87,-1,87,93,96,-1,87,96,88,-1,88,96,99,-1,88,99,77,-1,77,99,0,-1,77,0,78,-1,78,0,3,-1,78,3,82,-1,82,3,5,-1,82,5,80,-1,80,5,7,-1,80,7,75,-1,75,7,9,-1,75,9,73,-1,73,9,11,-1,73,11,71,-1,71,11,69,-1,69,11,13,-1,69,13,67,-1,61,21,59,-1,36,41,38,-1,38,41,47,-1,38,47,33,-1,33,47,45,-1,33,45,31,-1,31,45,44,-1,31,44,29,-1,29,44,52,-1,29,52,27,-1,52,55,27,-1,27,55,57,-1,27,57,25,-1,25,57,59,-1,25,59,23,-1,23,59,21,-1,13,15,67,-1,67,15,17,-1,67,17,65,-1,65,17,19,-1,65,19,63,-1,63,19,61,-1,100,101,102,-1,102,101,103,-1,104,105,100,-1,100,105,106,-1,100,106,101,-1,101,106,107,-1,104,108,105,-1,105,108,109,-1,105,109,110,-1,110,109,111,-1,110,111,112,-1,112,113,110,-1,110,113,102,-1,110,102,114,-1,114,102,103,-1,114,103,115,-1,105,110,116,-1,116,110,117,-1,106,105,118,-1,118,105,116,-1,107,106,119,-1,119,106,118,-1,101,107,120,-1,120,107,119,-1,103,101,121,-1,121,101,120,-1,115,103,122,-1,122,103,121,-1,114,115,123,-1,123,115,122,-1,110,114,117,-1,117,114,123,-1,104,124,125,-1,104,125,108,-1,108,125,126,-1,108,126,109,-1,104,100,124,-1,124,100,127,-1,100,102,127,-1,127,102,128,-1,102,113,128,-1,128,113,129,-1,111,130,131,-1,111,131,112,-1,112,131,129,-1,112,129,113,-1,111,109,130,-1,130,109,126,-1,
        ]
    }
}
Shape{
    appearance Appearance {
        material  Material 	{
            diffuseColor 0.6666666666666666 0.6666666666666666 0.6666666666666666
            specularColor 0.4666666666666667 0.4666666666666667 0.4666666666666667
            ambientIntensity 0.6667
            transparency 0.0
            shininess 0.5
        }
    }
    geometry IndexedFaceSet {
        ccw TRUE
        solid FALSE
        coord DEF co Coordinate {
            point [
                0.1995 -0.2457 1.2598, 0.1994 -0.2457 1.2598, 0.1998 -0.2473 1.2598, 0.1991 -0.2473 1.2598, 0.2001 -0.2484 1.2598, 0.1987 -0.2484 1.2598, 0.2061 -0.2649 1.2598, 0.1928 -0.2649 1.2598
            ]
        }
        coordIndex [
            0,1,2,-1,2,1,3,-1,2,3,4,-1,4,3,5,-1,4,5,6,-1,6,5,7,-1,
        ]
    }
}
Shape{
    appearance Appearance {
        material  Material 	{
            diffuseColor 0.0 0.0 0.0
            specularColor 0.0 0.0 0.0
            ambientIntensity 0.0
            transparency 0.0
            shininess 0.5
        }
    }
    geometry IndexedFaceSet {
        ccw TRUE
        solid FALSE
        coord DEF co Coordinate {
            point [
                0.1396 -0.2758 1.2638, 0.1396 -0.2758 1.2598, 0.1234 -0.2758 1.2638, 0.1308 -0.2758 1.2598, 0.1234 -0.2758 1.2598, 0.1234 -0.2624 1.2638, 0.1234 -0.2624 1.2598, 0.1376 -0.2624 1.2638, 0.1308 -0.2624 1.2598, 0.1376 -0.2624 1.2598, 0.1376 -0.2579 1.2638, 0.1376 -0.2579 1.2598, 0.1234 -0.2579 1.2598, 0.1234 -0.2579 1.2638, 0.1308 -0.2579 1.2598, 0.1234 -0.2451 1.2638, 0.1234 -0.2451 1.2598, 0.1387 -0.2451 1.2598, 0.1387 -0.2451 1.2638, 0.1308 -0.2451 1.2598, 0.1387 -0.2406 1.2638, 0.1387 -0.2406 1.2598, 0.1183 -0.2406 1.2598, 0.1183 -0.2406 1.2638, 0.1308 -0.2406 1.2598, 0.1183 -0.2803 1.2638, 0.1183 -0.2803 1.2598, 0.1396 -0.2803 1.2638, 0.1308 -0.2803 1.2598, 0.1396 -0.2803 1.2598, 0.0134 -0.2758 1.2638, 0.0296 -0.2758 1.2638, 0.0134 -0.2758 1.2598, 0.0296 -0.2758 1.2598, 0.0134 -0.2624 1.2638, 0.0134 -0.2624 1.2598, 0.0276 -0.2624 1.2638, 0.0276 -0.2624 1.2598, 0.0276 -0.2579 1.2638, 0.0276 -0.2579 1.2598, 0.0134 -0.2579 1.2638, 0.0134 -0.2579 1.2598, 0.0134 -0.2451 1.2638, 0.0134 -0.2451 1.2598, 0.0287 -0.2451 1.2638, 0.0287 -0.2451 1.2598, 0.0287 -0.2406 1.2638, 0.0287 -0.2406 1.2598, 0.0083 -0.2406 1.2638, 0.0083 -0.2406 1.2598, 0.0083 -0.2803 1.2638, 0.0083 -0.2803 1.2598, 0.0296 -0.2803 1.2638, 0.0296 -0.2803 1.2598, 0.143 -0.2019 1.2638, 0.1414 -0.2064 1.2638, 0.1564 -0.2019 1.2638, 0.158 -0.2064 1.2638, 0.149 -0.1854 1.2638, 0.1471 -0.1776 1.2638, 0.1319 -0.2173 1.2638, 0.1376 -0.2173 1.2638, 0.1493 -0.1842 1.2638, 0.1496 -0.1826 1.2638, 0.1525 -0.1776 1.2638, 0.1497 -0.1826 1.2638, 0.1501 -0.1843 1.2638, 0.1504 -0.1854 1.2638, 0.1677 -0.2173 1.2638, 0.162 -0.2173 1.2638, 0.1471 -0.1776 1.2598, 0.1525 -0.1776 1.2598, 0.1319 -0.2173 1.2598, 0.1434 -0.1872 1.2598, 0.1376 -0.2173 1.2598, 0.1414 -0.2064 1.2598, 0.158 -0.2064 1.2598, 0.1434 -0.2064 1.2598, 0.162 -0.2173 1.2598, 0.1677 -0.2173 1.2598, 0.149 -0.1854 1.2598, 0.1493 -0.1842 1.2598, 0.1496 -0.1826 1.2598, 0.143 -0.2019 1.2598, 0.1564 -0.2019 1.2598, 0.1504 -0.1854 1.2598, 0.1497 -0.1826 1.2598, 0.1501 -0.1843 1.2598
            ]
        }
        coordIndex [
            0,1,2,-1,2,1,3,-1,2,3,4,-1,5,2,6,-1,6,2,4,-1,5,6,7,-1,7,6,8,-1,7,8,9,-1,10,7,11,-1,11,7,9,-1,12,13,14,-1,14,13,10,-1,14,10,11,-1,15,13,16,-1,16,13,12,-1,17,18,19,-1,19,18,15,-1,19,15,16,-1,20,18,21,-1,21,18,17,-1,22,23,24,-1,24,23,20,-1,24,20,21,-1,25,23,26,-1,26,23,22,-1,25,26,27,-1,27,26,28,-1,27,28,29,-1,0,27,1,-1,1,27,29,-1,25,27,0,-1,0,2,25,-1,25,2,5,-1,25,5,23,-1,18,20,15,-1,15,20,23,-1,15,23,13,-1,13,23,5,-1,13,5,10,-1,10,5,7,-1,30,31,32,-1,32,31,33,-1,34,30,35,-1,35,30,32,-1,36,34,37,-1,37,34,35,-1,38,36,39,-1,39,36,37,-1,40,38,41,-1,41,38,39,-1,42,40,43,-1,43,40,41,-1,44,42,45,-1,45,42,43,-1,46,44,47,-1,47,44,45,-1,48,46,49,-1,49,46,47,-1,50,48,51,-1,51,48,49,-1,52,50,53,-1,53,50,51,-1,31,52,33,-1,33,52,53,-1,50,52,31,-1,31,30,50,-1,50,30,34,-1,50,34,48,-1,44,46,42,-1,42,46,48,-1,42,48,40,-1,40,48,34,-1,40,34,38,-1,38,34,36,-1,54,55,56,-1,56,55,57,-1,58,59,54,-1,54,59,60,-1,54,60,55,-1,55,60,61,-1,58,62,59,-1,59,62,63,-1,59,63,64,-1,64,63,65,-1,64,65,66,-1,66,67,64,-1,64,67,56,-1,64,56,68,-1,68,56,57,-1,68,57,69,-1,59,64,70,-1,70,64,71,-1,72,60,73,-1,73,60,59,-1,73,59,70,-1,61,60,74,-1,74,60,72,-1,55,61,75,-1,75,61,74,-1,76,57,77,-1,77,57,55,-1,77,55,75,-1,69,57,78,-1,78,57,76,-1,68,69,79,-1,79,69,78,-1,64,68,71,-1,71,68,79,-1,58,80,81,-1,58,81,62,-1,62,81,82,-1,62,82,63,-1,58,54,80,-1,80,54,83,-1,54,56,83,-1,83,56,84,-1,56,67,84,-1,84,67,85,-1,65,86,87,-1,65,87,66,-1,66,87,85,-1,66,85,67,-1,65,63,86,-1,86,63,82,-1,
        ]
    }
}
Shape{
    appearance Appearance {
        material  Material 	{
            diffuseColor 0.6666666666666666 0.6666666666666666 0.6666666666666666
            specularColor 0.4666666666666667 0.4666666666666667 0.4666666666666667
            ambientIntensity 0.6667
            transparency 0.0
            shininess 0.5
        }
    }
    geometry IndexedFaceSet {
        ccw TRUE
        solid FALSE
        coord DEF co Coordinate {
            point [
                0.1497 -0.1826 1.2598, 0.1496 -0.1826 1.2598, 0.1501 -0.1843 1.2598, 0.1493 -0.1842 1.2598, 0.1504 -0.1854 1.2598, 0.149 -0.1854 1.2598, 0.1564 -0.2019 1.2598, 0.143 -0.2019 1.2598
            ]
        }
        coordIndex [
            0,1,2,-1,2,1,3,-1,2,3,4,-1,4,3,5,-1,4,5,6,-1,6,5,7,-1,
        ]
    }
}
Shape{
    appearance Appearance {
        material  Material 	{
            diffuseColor 0.0 0.0 0.0
            specularColor 0.0 0.0 0.0
            ambientIntensity 0.0
            transparency 0.0
            shininess 0.5
        }
    }
    geometry IndexedFaceSet {
        ccw TRUE
        solid FALSE
        coord DEF co Coordinate {
            point [
                0.0737 -0.2128 1.2598, 0.0737 -0.2128 1.2638, 0.0844 -0.2128 1.2598, 0.0899 -0.2128 1.2638, 0.0899 -0.2128 1.2598, 0.0737 -0.1994 1.2638, 0.0737 -0.1994 1.2598, 0.0879 -0.1994 1.2638, 0.0844 -0.1994 1.2598, 0.0879 -0.1994 1.2598, 0.0879 -0.1948 1.2638, 0.0879 -0.1948 1.2598, 0.0737 -0.1948 1.2598, 0.0737 -0.1948 1.2638, 0.0844 -0.1948 1.2598, 0.0737 -0.1821 1.2638, 0.0737 -0.1821 1.2598, 0.089 -0.1821 1.2638, 0.0844 -0.1821 1.2598, 0.089 -0.1821 1.2598, 0.089 -0.1776 1.2638, 0.089 -0.1776 1.2598, 0.0685 -0.1776 1.2598, 0.0685 -0.1776 1.2638, 0.0844 -0.1776 1.2598, 0.0685 -0.2173 1.2638, 0.0685 -0.2173 1.2598, 0.0899 -0.2173 1.2638, 0.0844 -0.2173 1.2598, 0.0899 -0.2173 1.2598, 0.0134 -0.2128 1.2638, 0.0292 -0.2128 1.2638, 0.0134 -0.2128 1.2598, 0.0292 -0.2128 1.2598, 0.0134 -0.1776 1.2638, 0.0134 -0.1776 1.2598, 0.0083 -0.1776 1.2638, 0.0083 -0.1776 1.2598, 0.0083 -0.2173 1.2638, 0.0083 -0.2173 1.2598, 0.0292 -0.2173 1.2638, 0.0292 -0.2173 1.2598
            ]
        }
        coordIndex [
            0,1,2,-1,2,1,3,-1,2,3,4,-1,5,1,6,-1,6,1,0,-1,5,6,7,-1,7,6,8,-1,7,8,9,-1,10,7,11,-1,11,7,9,-1,12,13,14,-1,14,13,10,-1,14,10,11,-1,15,13,16,-1,16,13,12,-1,15,16,17,-1,17,16,18,-1,17,18,19,-1,20,17,21,-1,21,17,19,-1,22,23,24,-1,24,23,20,-1,24,20,21,-1,25,23,26,-1,26,23,22,-1,25,26,27,-1,27,26,28,-1,27,28,29,-1,3,27,4,-1,4,27,29,-1,25,27,3,-1,3,1,25,-1,25,1,5,-1,25,5,23,-1,17,20,15,-1,15,20,23,-1,15,23,13,-1,13,23,5,-1,13,5,10,-1,10,5,7,-1,30,31,32,-1,32,31,33,-1,34,30,35,-1,35,30,32,-1,36,34,37,-1,37,34,35,-1,38,36,39,-1,39,36,37,-1,40,38,41,-1,41,38,39,-1,31,40,33,-1,33,40,41,-1,34,36,30,-1,30,36,38,-1,30,38,31,-1,31,38,40,-1,
        ]
    }
}