ISO-10303-21;
HEADER;
FILE_DESCRIPTION (( 'STEP AP214' ),
    '1' );
FILE_NAME ('NRS5024T2R2NMGJ.STEP',
    '2024-02-07T18:47:48',
    ( '' ),
    ( '' ),
    'SwSTEP 2.0',
    'SolidWorks 2021',
    '' );
FILE_SCHEMA (( 'AUTOMOTIVE_DESIGN' ));
ENDSEC;

DATA;
#1 = ORIENTED_EDGE ( 'NONE', *, *, #3235, .T. ) ;
#2 = EDGE_CURVE ( 'NONE', #73, #2927, #1954, .T. ) ;
#3 = SURFACE_STYLE_USAGE ( .BOTH. , #2713 ) ;
#4 = ADVANCED_FACE ( 'NONE', ( #3123 ), #998, .T. ) ;
#5 = DIRECTION ( 'NONE',  ( 0.000000000000000000, 0.000000000000000000, -1.000000000000000000 ) ) ;
#6 = AXIS2_PLACEMENT_3D ( 'NONE', #348, #708, #1916 ) ;
#7 =( NAMED_UNIT ( * ) SI_UNIT ( $, .STERADIAN. ) SOLID_ANGLE_UNIT ( ) );
#8 = COLOUR_RGB ( '',0.2509803921568627416, 0.2509803921568627416, 0.2509803921568627416 ) ;
#9 = DIRECTION ( 'NONE',  ( 0.000000000000000000, 0.000000000000000000, -1.000000000000000000 ) ) ;
#10 = PRESENTATION_LAYER_ASSIGNMENT (  '', '', ( #3482 ) ) ;
#11 = COLOUR_RGB ( '',0.2509803921568627416, 0.2509803921568627416, 0.2509803921568627416 ) ;
#12 = FILL_AREA_STYLE ('',( #2973 ) ) ;
#13 = VECTOR ( 'NONE', #2005, 1000.000000000000000 ) ;
#14 = ORIENTED_EDGE ( 'NONE', *, *, #2477, .F. ) ;
#15 = STYLED_ITEM ( 'NONE', ( #3521 ), #159 ) ;
#16 = VERTEX_POINT ( 'NONE', #3360 ) ;
#17 = CIRCLE ( 'NONE', #1088, 0.7349999999999999867 ) ;
#18 = VECTOR ( 'NONE', #2618, 1000.000000000000000 ) ;
#19 =( LENGTH_UNIT ( ) NAMED_UNIT ( * ) SI_UNIT ( .MILLI., .METRE. ) );
#20 = AXIS2_PLACEMENT_3D ( 'NONE', #453, #3431, #768 ) ;
#21 = DIRECTION ( 'NONE',  ( 0.000000000000000000, 0.000000000000000000, -1.000000000000000000 ) ) ;
#22 = EDGE_LOOP ( 'NONE', ( #3793, #3494, #2961, #2170 ) ) ;
#23 = CIRCLE ( 'NONE', #970, 1.199999999999999734 ) ;
#24 = PRESENTATION_LAYER_ASSIGNMENT (  '', '', ( #3498 ) ) ;
#25 = VECTOR ( 'NONE', #1539, 999.9999999999998863 ) ;
#26 = ADVANCED_FACE ( 'NONE', ( #689 ), #2795, .F. ) ;
#27 = FACE_OUTER_BOUND ( 'NONE', #3421, .T. ) ;
#28 = FACE_OUTER_BOUND ( 'NONE', #2076, .T. ) ;
#29 = CARTESIAN_POINT ( 'NONE',  ( -1.188333333333333686, 0.6399999999999996803, -1.188333333333333686 ) ) ;
#30 = SURFACE_STYLE_FILL_AREA ( #2660 ) ;
#31 = SURFACE_STYLE_FILL_AREA ( #2677 ) ;
#32 = PRESENTATION_LAYER_ASSIGNMENT (  '', '', ( #220 ) ) ;
#33 = FILL_AREA_STYLE ('',( #1826 ) ) ;
#34 = ORIENTED_EDGE ( 'NONE', *, *, #550, .F. ) ;
#35 =( LENGTH_UNIT ( ) NAMED_UNIT ( * ) SI_UNIT ( .MILLI., .METRE. ) );
#36 = EDGE_LOOP ( 'NONE', ( #1505, #2449, #1482, #1294, #3501, #975, #1762, #883 ) ) ;
#37 = CARTESIAN_POINT ( 'NONE',  ( -1.797345841757090668, 0.3827213078750212882, -3.716629054470328430 ) ) ;
#38 = MECHANICAL_DESIGN_GEOMETRIC_PRESENTATION_REPRESENTATION (  '', ( #3210 ), #2221 ) ;
#39 = FILL_AREA_STYLE ('',( #3256 ) ) ;
#40 =( NAMED_UNIT ( * ) SI_UNIT ( $, .STERADIAN. ) SOLID_ANGLE_UNIT ( ) );
#41 = ORIENTED_EDGE ( 'NONE', *, *, #1275, .T. ) ;
#42 = LINE ( 'NONE', #2153, #982 ) ;
#43 = EDGE_LOOP ( 'NONE', ( #1643, #1251, #3712, #65 ) ) ;
#44 = ADVANCED_FACE ( 'NONE', ( #2315 ), #541, .F. ) ;
#45 = DIRECTION ( 'NONE',  ( 6.123233995736766036E-17, -0.000000000000000000, 1.000000000000000000 ) ) ;
#46 = ADVANCED_FACE ( 'NONE', ( #792 ), #1080, .F. ) ;
#47 = LINE ( 'NONE', #2448, #3075 ) ;
#48 = CARTESIAN_POINT ( 'NONE',  ( -1.469999999999999973, 0.2399999999999997691, 2.123333333333333517 ) ) ;
#49 = CARTESIAN_POINT ( 'NONE',  ( -2.374999999999998668, 2.000000000000000000, 1.218333333333334156 ) ) ;
#50 = EDGE_LOOP ( 'NONE', ( #1687, #3714, #594, #1804 ) ) ;
#51 = SURFACE_STYLE_FILL_AREA ( #927 ) ;
#52 = DIRECTION ( 'NONE',  ( 0.9537169507482290420, -0.3007057995042664023, 4.570262938950188936E-16 ) ) ;
#53 = LINE ( 'NONE', #2911, #3278 ) ;
#54 = ORIENTED_EDGE ( 'NONE', *, *, #3291, .F. ) ;
#55 = DIRECTION ( 'NONE',  ( 1.000000000000000000, -0.000000000000000000, -0.000000000000000000 ) ) ;
#56 = DIRECTION ( 'NONE',  ( -0.7071067811865454633, 0.000000000000000000, 0.7071067811865496822 ) ) ;
#57 = ORIENTED_EDGE ( 'NONE', *, *, #1934, .T. ) ;
#58 =( LENGTH_UNIT ( ) NAMED_UNIT ( * ) SI_UNIT ( .MILLI., .METRE. ) );
#59 = COLOUR_RGB ( '',0.2509803921568627416, 0.2509803921568627416, 0.2509803921568627416 ) ;
#60 = DIRECTION ( 'NONE',  ( -0.9537169507482291531, -0.3007057995042662912, 4.570262938950189922E-16 ) ) ;
#61 = CARTESIAN_POINT ( 'NONE',  ( 1.714999999999999414, 0.6399999999999996803, 1.923333333333334227 ) ) ;
#62 = DIRECTION ( 'NONE',  ( -0.9537169507482291531, -0.3007057995042662912, 0.000000000000000000 ) ) ;
#63 = EDGE_CURVE ( 'NONE', #287, #1439, #3226, .T. ) ;
#64 = VECTOR ( 'NONE', #1760, 1000.000000000000000 ) ;
#65 = ORIENTED_EDGE ( 'NONE', *, *, #119, .T. ) ;
#66 = DIRECTION ( 'NONE',  ( 0.000000000000000000, 0.000000000000000000, 1.000000000000000000 ) ) ;
#67 = AXIS2_PLACEMENT_3D ( 'NONE', #1725, #1382, #2567 ) ;
#68 = VECTOR ( 'NONE', #177, 1000.000000000000000 ) ;
#69 = CARTESIAN_POINT ( 'NONE',  ( -4.268811806619149607, 1.254887464256365215, -0.6754784732857896934 ) ) ;
#70 = MECHANICAL_DESIGN_GEOMETRIC_PRESENTATION_REPRESENTATION (  '', ( #2261 ), #257 ) ;
#71 = DIRECTION ( 'NONE',  ( -1.000000000000000000, 0.000000000000000000, -4.792053801040901909E-16 ) ) ;
#72 = FILL_AREA_STYLE_COLOUR ( '', #3397 ) ;
#73 = VERTEX_POINT ( 'NONE', #1070 ) ;
#74 = AXIS2_PLACEMENT_3D ( 'NONE', #1735, #2594, #3755 ) ;
#75 = MECHANICAL_DESIGN_GEOMETRIC_PRESENTATION_REPRESENTATION (  '', ( #1772 ), #139 ) ;
#76 = AXIS2_PLACEMENT_3D ( 'NONE', #2223, #1306, #2179 ) ;
#77 = CARTESIAN_POINT ( 'NONE',  ( 1.143333333333329094, 2.399999999999999911, 2.450000000000000622 ) ) ;
#78 = DIRECTION ( 'NONE',  ( -1.000000000000000000, 0.000000000000000000, -8.850629979473505765E-16 ) ) ;
#79 = CARTESIAN_POINT ( 'NONE',  ( -2.374999999999998668, 2.399999999999999911, 1.218333333333334156 ) ) ;
#80 = EDGE_LOOP ( 'NONE', ( #913, #2346, #1570, #1196, #3518, #2482, #1882 ) ) ;
#81 = ORIENTED_EDGE ( 'NONE', *, *, #564, .T. ) ;
#82 = CIRCLE ( 'NONE', #2276, 0.1224999999999999978 ) ;
#83 = PLANE ( 'NONE',  #2638 ) ;
#84 = FILL_AREA_STYLE_COLOUR ( '', #1253 ) ;
#85 = CIRCLE ( 'NONE', #598, 0.1225000000000006500 ) ;
#86 = CARTESIAN_POINT ( 'NONE',  ( 1.143333333333329094, -2.168404344971008868E-16, -2.450000000000000622 ) ) ;
#87 = FACE_OUTER_BOUND ( 'NONE', #2435, .T. ) ;
#88 = DIRECTION ( 'NONE',  ( -1.000000000000000000, 0.000000000000000000, 4.792053801040901909E-16 ) ) ;
#89 = ORIENTED_EDGE ( 'NONE', *, *, #2345, .T. ) ;
#90 = DIRECTION ( 'NONE',  ( -1.000000000000000000, 0.000000000000000000, -4.792053801040900923E-16 ) ) ;
#91 =( GEOMETRIC_REPRESENTATION_CONTEXT ( 3 ) GLOBAL_UNCERTAINTY_ASSIGNED_CONTEXT ( ( #1434 ) ) GLOBAL_UNIT_ASSIGNED_CONTEXT ( ( #3440, #2060, #2099 ) ) REPRESENTATION_CONTEXT ( 'NONE', 'WORKASPACE' ) );
#92 = EDGE_CURVE ( 'NONE', #2922, #2925, #2260, .T. ) ;
#93 = FACE_OUTER_BOUND ( 'NONE', #2481, .T. ) ;
#94 = DIRECTION ( 'NONE',  ( -1.000000000000000000, -0.000000000000000000, -0.000000000000000000 ) ) ;
#95 = STYLED_ITEM ( 'NONE', ( #358 ), #2555 ) ;
#96 = UNCERTAINTY_MEASURE_WITH_UNIT (LENGTH_MEASURE( 1.000000000000000082E-05 ), #2763, 'distance_accuracy_value', 'NONE');
#97 =( LENGTH_UNIT ( ) NAMED_UNIT ( * ) SI_UNIT ( .MILLI., .METRE. ) );
#98 = ORIENTED_EDGE ( 'NONE', *, *, #431, .T. ) ;
#99 = COLOUR_RGB ( '',0.7921568627450980005, 0.8196078431372548767, 0.9333333333333333481 ) ;
#100 = CARTESIAN_POINT ( 'NONE',  ( 1.469999999999999973, 0.3724254913291695224, -2.123333333333333961 ) ) ;
#101 =( NAMED_UNIT ( * ) PLANE_ANGLE_UNIT ( ) SI_UNIT ( $, .RADIAN. ) );
#102 = SURFACE_SIDE_STYLE ('',( #3596 ) ) ;
#103 = DIRECTION ( 'NONE',  ( -1.770125995894701153E-15, 1.000000000000000000, 9.400038124026605330E-30 ) ) ;
#104 = VERTEX_POINT ( 'NONE', #3287 ) ;
#105 = ORIENTED_EDGE ( 'NONE', *, *, #868, .T. ) ;
#106 = FILL_AREA_STYLE_COLOUR ( '', #2524 ) ;
#107 = UNCERTAINTY_MEASURE_WITH_UNIT (LENGTH_MEASURE( 1.000000000000000082E-05 ), #1693, 'distance_accuracy_value', 'NONE');
#108 = SURFACE_STYLE_USAGE ( .BOTH. , #1567 ) ;
#109 = DIRECTION ( 'NONE',  ( 0.000000000000000000, 0.000000000000000000, -1.000000000000000000 ) ) ;
#110 = DIRECTION ( 'NONE',  ( 0.000000000000000000, 1.000000000000000000, 0.000000000000000000 ) ) ;
#111 = DIRECTION ( 'NONE',  ( 0.000000000000000000, 0.000000000000000000, -1.000000000000000000 ) ) ;
#112 = VERTEX_POINT ( 'NONE', #331 ) ;
#113 = DIRECTION ( 'NONE',  ( -1.000000000000000000, 0.000000000000000000, 0.000000000000000000 ) ) ;
#114 = CYLINDRICAL_SURFACE ( 'NONE', #442, 1.200000000000000178 ) ;
#115 = CARTESIAN_POINT ( 'NONE',  ( 2.375000000000000444, 0.2399999999999997691, -2.123333333333333517 ) ) ;
#116 = ORIENTED_EDGE ( 'NONE', *, *, #3086, .F. ) ;
#117 = ORIENTED_EDGE ( 'NONE', *, *, #388, .T. ) ;
#118 = EDGE_CURVE ( 'NONE', #1437, #1914, #2398, .T. ) ;
#119 = EDGE_CURVE ( 'NONE', #3441, #615, #3367, .T. ) ;
#120 = ADVANCED_FACE ( 'NONE', ( #3563 ), #3023, .T. ) ;
#121 = PRESENTATION_STYLE_ASSIGNMENT (( #974 ) ) ;
#122 = ORIENTED_EDGE ( 'NONE', *, *, #3112, .T. ) ;
#123 = EDGE_LOOP ( 'NONE', ( #1665, #1217, #299, #3840 ) ) ;
#124 = FILL_AREA_STYLE ('',( #670 ) ) ;
#125 = SURFACE_STYLE_FILL_AREA ( #2792 ) ;
#126 = DIRECTION ( 'NONE',  ( -1.000000000000000000, -0.000000000000000000, -0.000000000000000000 ) ) ;
#127 = EDGE_CURVE ( 'NONE', #2226, #2103, #1819, .T. ) ;
#128 = AXIS2_PLACEMENT_3D ( 'NONE', #2662, #3247, #901 ) ;
#129 =( NAMED_UNIT ( * ) PLANE_ANGLE_UNIT ( ) SI_UNIT ( $, .RADIAN. ) );
#130 = UNCERTAINTY_MEASURE_WITH_UNIT (LENGTH_MEASURE( 1.000000000000000082E-05 ), #138, 'distance_accuracy_value', 'NONE');
#131 = FACE_OUTER_BOUND ( 'NONE', #1191, .T. ) ;
#132 = CARTESIAN_POINT ( 'NONE',  ( 1.469999999999999973, 0.01882434245333334394, 2.123333333333333961 ) ) ;
#133 = CLOSED_SHELL ( 'NONE', ( #2904, #282, #1055, #3265, #3580, #2080, #3041, #2692, #2113, #501 ) ) ;
#134 = ORIENTED_EDGE ( 'NONE', *, *, #204, .F. ) ;
#135 = VECTOR ( 'NONE', #1583, 1000.000000000000000 ) ;
#136 = AXIS2_PLACEMENT_3D ( 'NONE', #2578, #2614, #3476 ) ;
#137 = COLOUR_RGB ( '',0.7294117647058823151, 0.3568627450980392246, 0.02352941176470588203 ) ;
#138 =( LENGTH_UNIT ( ) NAMED_UNIT ( * ) SI_UNIT ( .MILLI., .METRE. ) );
#139 =( GEOMETRIC_REPRESENTATION_CONTEXT ( 3 ) GLOBAL_UNCERTAINTY_ASSIGNED_CONTEXT ( ( #2853 ) ) GLOBAL_UNIT_ASSIGNED_CONTEXT ( ( #3736, #3114, #1114 ) ) REPRESENTATION_CONTEXT ( 'NONE', 'WORKASPACE' ) );
#140 = EDGE_CURVE ( 'NONE', #465, #667, #1707, .T. ) ;
#141 = ORIENTED_EDGE ( 'NONE', *, *, #2878, .F. ) ;
#142 = UNCERTAINTY_MEASURE_WITH_UNIT (LENGTH_MEASURE( 1.000000000000000082E-05 ), #1429, 'distance_accuracy_value', 'NONE');
#143 =( GEOMETRIC_REPRESENTATION_CONTEXT ( 3 ) GLOBAL_UNCERTAINTY_ASSIGNED_CONTEXT ( ( #1002 ) ) GLOBAL_UNIT_ASSIGNED_CONTEXT ( ( #2558, #1706, #1990 ) ) REPRESENTATION_CONTEXT ( 'NONE', 'WORKASPACE' ) );
#144 = AXIS2_PLACEMENT_3D ( 'NONE', #1393, #930, #3589 ) ;
#145 = PRESENTATION_LAYER_ASSIGNMENT (  '', '', ( #3129 ) ) ;
#146 = DIRECTION ( 'NONE',  ( 4.792053801040901909E-16, 0.000000000000000000, 1.000000000000000000 ) ) ;
#147 = MECHANICAL_DESIGN_GEOMETRIC_PRESENTATION_REPRESENTATION (  '', ( #2092 ), #3323 ) ;
#148 =( LENGTH_UNIT ( ) NAMED_UNIT ( * ) SI_UNIT ( .MILLI., .METRE. ) );
#149 = FILL_AREA_STYLE_COLOUR ( '', #1908 ) ;
#150 = ORIENTED_EDGE ( 'NONE', *, *, #2637, .F. ) ;
#151 =( GEOMETRIC_REPRESENTATION_CONTEXT ( 3 ) GLOBAL_UNCERTAINTY_ASSIGNED_CONTEXT ( ( #96 ) ) GLOBAL_UNIT_ASSIGNED_CONTEXT ( ( #2763, #1902, #3630 ) ) REPRESENTATION_CONTEXT ( 'NONE', 'WORKASPACE' ) );
#152 = CARTESIAN_POINT ( 'NONE',  ( -2.250000000000002220, 0.2399999999999989364, 2.123333333333333073 ) ) ;
#153 = LINE ( 'NONE', #1354, #1278 ) ;
#154 = VECTOR ( 'NONE', #3344, 999.9999999999998863 ) ;
#155 = ORIENTED_EDGE ( 'NONE', *, *, #1342, .F. ) ;
#156 = PRESENTATION_STYLE_ASSIGNMENT (( #779 ) ) ;
#157 = EDGE_CURVE ( 'NONE', #3610, #1708, #1501, .T. ) ;
#158 = CARTESIAN_POINT ( 'NONE',  ( -1.502654158242909377, 0.3827213078750212882, 2.123333333333333073 ) ) ;
#159 = ADVANCED_FACE ( 'NONE', ( #2958 ), #346, .T. ) ;
#160 = ADVANCED_FACE ( 'NONE', ( #3538 ), #870, .T. ) ;
#161 = FILL_AREA_STYLE ('',( #488 ) ) ;
#162 = CARTESIAN_POINT ( 'NONE',  ( 1.480366940786431051, 0.6989806164760764551, 1.884894146501785661 ) ) ;
#163 = PLANE ( 'NONE',  #535 ) ;
#164 = VERTEX_POINT ( 'NONE', #549 ) ;
#165 = DIRECTION ( 'NONE',  ( 0.000000000000000000, 0.000000000000000000, 1.000000000000000000 ) ) ;
#166 = DIRECTION ( 'NONE',  ( 0.000000000000000000, 0.000000000000000000, 1.000000000000000000 ) ) ;
#167 = CARTESIAN_POINT ( 'NONE',  ( -1.797345841757090668, 0.3827213078750212882, 2.123333333333333073 ) ) ;
#168 = UNCERTAINTY_MEASURE_WITH_UNIT (LENGTH_MEASURE( 1.000000000000000082E-05 ), #983, 'distance_accuracy_value', 'NONE');
#169 = DIRECTION ( 'NONE',  ( 0.000000000000000000, 0.000000000000000000, 1.000000000000000000 ) ) ;
#170 = ADVANCED_FACE ( 'NONE', ( #484 ), #1753, .F. ) ;
#171 = VERTEX_POINT ( 'NONE', #2598 ) ;
#172 =( NAMED_UNIT ( * ) PLANE_ANGLE_UNIT ( ) SI_UNIT ( $, .RADIAN. ) );
#173 = CARTESIAN_POINT ( 'NONE',  ( -1.050000000000000044, 0.2399999999999997691, -3.716629054470328430 ) ) ;
#174 =( NAMED_UNIT ( * ) PLANE_ANGLE_UNIT ( ) SI_UNIT ( $, .RADIAN. ) );
#175 =( NAMED_UNIT ( * ) SI_UNIT ( $, .STERADIAN. ) SOLID_ANGLE_UNIT ( ) );
#176 = FACE_OUTER_BOUND ( 'NONE', #1931, .T. ) ;
#177 = DIRECTION ( 'NONE',  ( 0.000000000000000000, 0.000000000000000000, -1.000000000000000000 ) ) ;
#178 = FACE_OUTER_BOUND ( 'NONE', #3789, .T. ) ;
#179 = LINE ( 'NONE', #3206, #2146 ) ;
#180 =( LENGTH_UNIT ( ) NAMED_UNIT ( * ) SI_UNIT ( .MILLI., .METRE. ) );
#181 = ADVANCED_FACE ( 'NONE', ( #2926 ), #3238, .T. ) ;
#182 = CARTESIAN_POINT ( 'NONE',  ( 1.502654158242909377, 0.3827213078750212882, 2.450000000000000622 ) ) ;
#183 = VECTOR ( 'NONE', #1612, 1000.000000000000000 ) ;
#184 = ORIENTED_EDGE ( 'NONE', *, *, #680, .F. ) ;
#185 = DIRECTION ( 'NONE',  ( -0.000000000000000000, 1.000000000000000000, -0.000000000000000000 ) ) ;
#186 = ORIENTED_EDGE ( 'NONE', *, *, #3034, .T. ) ;
#187 =( NAMED_UNIT ( * ) SI_UNIT ( $, .STERADIAN. ) SOLID_ANGLE_UNIT ( ) );
#188 = CIRCLE ( 'NONE', #687, 0.8699999999999996625 ) ;
#189 = LINE ( 'NONE', #1084, #3611 ) ;
#190 = ORIENTED_EDGE ( 'NONE', *, *, #1971, .T. ) ;
#191 = DIRECTION ( 'NONE',  ( -0.000000000000000000, -0.000000000000000000, -1.000000000000000000 ) ) ;
#192 = VERTEX_POINT ( 'NONE', #3530 ) ;
#193 = CIRCLE ( 'NONE', #260, 0.7349999999999999867 ) ;
#194 = PRESENTATION_STYLE_ASSIGNMENT (( #3408 ) ) ;
#195 = CARTESIAN_POINT ( 'NONE',  ( -1.188333333333333686, 2.000000000000000000, -1.923333333333334449 ) ) ;
#196 = LINE ( 'NONE', #3718, #1631 ) ;
#197 = PRESENTATION_LAYER_ASSIGNMENT (  '', '', ( #1893 ) ) ;
#198 = PRESENTATION_LAYER_ASSIGNMENT (  '', '', ( #1087 ) ) ;
#199 = CIRCLE ( 'NONE', #1208, 1.200000000000000622 ) ;
#200 = CARTESIAN_POINT ( 'NONE',  ( -1.469999999999999973, 0.2399999999999997691, -2.123333333333333517 ) ) ;
#201 = COLOUR_RGB ( '',0.2509803921568627416, 0.2509803921568627416, 0.2509803921568627416 ) ;
#202 = DIRECTION ( 'NONE',  ( 0.000000000000000000, 0.000000000000000000, -1.000000000000000000 ) ) ;
#203 = VECTOR ( 'NONE', #2045, 1000.000000000000000 ) ;
#204 = EDGE_CURVE ( 'NONE', #2006, #2226, #2050, .T. ) ;
#205 = SURFACE_SIDE_STYLE ('',( #477 ) ) ;
#206 =( GEOMETRIC_REPRESENTATION_CONTEXT ( 3 ) GLOBAL_UNCERTAINTY_ASSIGNED_CONTEXT ( ( #990 ) ) GLOBAL_UNIT_ASSIGNED_CONTEXT ( ( #2450, #2715, #1379 ) ) REPRESENTATION_CONTEXT ( 'NONE', 'WORKASPACE' ) );
#207 =( GEOMETRIC_REPRESENTATION_CONTEXT ( 3 ) GLOBAL_UNCERTAINTY_ASSIGNED_CONTEXT ( ( #2557 ) ) GLOBAL_UNIT_ASSIGNED_CONTEXT ( ( #746, #2239, #1959 ) ) REPRESENTATION_CONTEXT ( 'NONE', 'WORKASPACE' ) );
#208 = UNCERTAINTY_MEASURE_WITH_UNIT (LENGTH_MEASURE( 1.000000000000000082E-05 ), #2039, 'distance_accuracy_value', 'NONE');
#209 = DIRECTION ( 'NONE',  ( 0.000000000000000000, 1.000000000000000000, 0.000000000000000000 ) ) ;
#210 = ORIENTED_EDGE ( 'NONE', *, *, #2596, .T. ) ;
#211 = DIRECTION ( 'NONE',  ( -1.000000000000000000, 0.000000000000000000, 1.896563567030044345E-16 ) ) ;
#212 = ORIENTED_EDGE ( 'NONE', *, *, #2385, .F. ) ;
#213 = MECHANICAL_DESIGN_GEOMETRIC_PRESENTATION_REPRESENTATION (  '', ( #1097 ), #915 ) ;
#214 = SURFACE_STYLE_USAGE ( .BOTH. , #1125 ) ;
#215 = CARTESIAN_POINT ( 'NONE',  ( -1.714999999999999414, 0.6399999999999996803, 2.123333333333334405 ) ) ;
#216 = ORIENTED_EDGE ( 'NONE', *, *, #1499, .F. ) ;
#217 = CARTESIAN_POINT ( 'NONE',  ( 1.592499999999997806, 0.6399999999999996803, 2.123333333333334405 ) ) ;
#218 = EDGE_LOOP ( 'NONE', ( #1933, #2421, #1099, #3253 ) ) ;
#219 =( NAMED_UNIT ( * ) PLANE_ANGLE_UNIT ( ) SI_UNIT ( $, .RADIAN. ) );
#220 = STYLED_ITEM ( 'NONE', ( #1675 ), #2497 ) ;
#221 = PRESENTATION_LAYER_ASSIGNMENT (  '', '', ( #3016 ) ) ;
#222 = PLANE ( 'NONE',  #1662 ) ;
#223 = EDGE_CURVE ( 'NONE', #1813, #2965, #1401, .T. ) ;
#224 = DIRECTION ( 'NONE',  ( -0.7071067811865517916, 0.000000000000000000, -0.7071067811865433539 ) ) ;
#225 = VECTOR ( 'NONE', #1932, 999.9999999999998863 ) ;
#226 =( NAMED_UNIT ( * ) PLANE_ANGLE_UNIT ( ) SI_UNIT ( $, .RADIAN. ) );
#227 = FILL_AREA_STYLE_COLOUR ( '', #2706 ) ;
#228 = ORIENTED_EDGE ( 'NONE', *, *, #680, .T. ) ;
#229 = EDGE_LOOP ( 'NONE', ( #1495, #320, #932, #1078 ) ) ;
#230 = DIRECTION ( 'NONE',  ( -4.792053801040900923E-16, 0.000000000000000000, 1.000000000000000000 ) ) ;
#231 = ORIENTED_EDGE ( 'NONE', *, *, #3802, .F. ) ;
#232 = VERTEX_POINT ( 'NONE', #1129 ) ;
#233 = EDGE_CURVE ( 'NONE', #1439, #287, #832, .T. ) ;
#234 = MANIFOLD_SOLID_BREP ( 'Cut-Extrude3[1]', #133 ) ;
#235 = SURFACE_STYLE_FILL_AREA ( #323 ) ;
#236 = FACE_OUTER_BOUND ( 'NONE', #2332, .T. ) ;
#237 = DIRECTION ( 'NONE',  ( 0.000000000000000000, 0.000000000000000000, 1.000000000000000000 ) ) ;
#238 = DIRECTION ( 'NONE',  ( 1.000000000000000000, 0.000000000000000000, 0.000000000000000000 ) ) ;
#239 =( LENGTH_UNIT ( ) NAMED_UNIT ( * ) SI_UNIT ( .MILLI., .METRE. ) );
#240 = CARTESIAN_POINT ( 'NONE',  ( 1.143333333333329094, 0.2399999999999997691, -2.450000000000000622 ) ) ;
#241 = FACE_OUTER_BOUND ( 'NONE', #1283, .T. ) ;
#242 = DIRECTION ( 'NONE',  ( 4.792053801040900923E-16, -0.000000000000000000, 1.000000000000000000 ) ) ;
#243 = EDGE_LOOP ( 'NONE', ( #3252, #1287, #663, #745 ) ) ;
#244 = PLANE ( 'NONE',  #1210 ) ;
#245 = ORIENTED_EDGE ( 'NONE', *, *, #2785, .F. ) ;
#246 =( NAMED_UNIT ( * ) SI_UNIT ( $, .STERADIAN. ) SOLID_ANGLE_UNIT ( ) );
#247 = CARTESIAN_POINT ( 'NONE',  ( -1.502654158242912041, 0.3827213078750221209, 2.123333333333333073 ) ) ;
#248 = ORIENTED_EDGE ( 'NONE', *, *, #1034, .T. ) ;
#249 =( LENGTH_UNIT ( ) NAMED_UNIT ( * ) SI_UNIT ( .MILLI., .METRE. ) );
#250 = ORIENTED_EDGE ( 'NONE', *, *, #2267, .T. ) ;
#251 =( GEOMETRIC_REPRESENTATION_CONTEXT ( 3 ) GLOBAL_UNCERTAINTY_ASSIGNED_CONTEXT ( ( #402 ) ) GLOBAL_UNIT_ASSIGNED_CONTEXT ( ( #334, #1825, #903 ) ) REPRESENTATION_CONTEXT ( 'NONE', 'WORKASPACE' ) );
#252 = STYLED_ITEM ( 'NONE', ( #3379 ), #813 ) ;
#253 = CARTESIAN_POINT ( 'NONE',  ( -1.502654158242909377, 0.3827213078750212882, -2.123333333333333517 ) ) ;
#254 =( GEOMETRIC_REPRESENTATION_CONTEXT ( 3 ) GLOBAL_UNCERTAINTY_ASSIGNED_CONTEXT ( ( #573 ) ) GLOBAL_UNIT_ASSIGNED_CONTEXT ( ( #1580, #1938, #3705 ) ) REPRESENTATION_CONTEXT ( 'NONE', 'WORKASPACE' ) );
#255 = ADVANCED_FACE ( 'NONE', ( #87 ), #398, .F. ) ;
#256 = AXIS2_PLACEMENT_3D ( 'NONE', #2918, #1451, #796 ) ;
#257 =( GEOMETRIC_REPRESENTATION_CONTEXT ( 3 ) GLOBAL_UNCERTAINTY_ASSIGNED_CONTEXT ( ( #3834 ) ) GLOBAL_UNIT_ASSIGNED_CONTEXT ( ( #249, #2294, #2908 ) ) REPRESENTATION_CONTEXT ( 'NONE', 'WORKASPACE' ) );
#258 =( NAMED_UNIT ( * ) PLANE_ANGLE_UNIT ( ) SI_UNIT ( $, .RADIAN. ) );
#259 = FILL_AREA_STYLE_COLOUR ( '', #1484 ) ;
#260 = AXIS2_PLACEMENT_3D ( 'NONE', #3445, #2026, #781 ) ;
#261 = DIRECTION ( 'NONE',  ( 0.000000000000000000, 0.000000000000000000, 1.000000000000000000 ) ) ;
#262 = CARTESIAN_POINT ( 'NONE',  ( -1.188333333333333686, 0.6399999999999996803, -1.923333333333334449 ) ) ;
#263 = MECHANICAL_DESIGN_GEOMETRIC_PRESENTATION_REPRESENTATION (  '', ( #3612 ), #758 ) ;
#264 = CIRCLE ( 'NONE', #1464, 0.1225000000000002198 ) ;
#265 = FACE_OUTER_BOUND ( 'NONE', #2275, .T. ) ;
#266 = VERTEX_POINT ( 'NONE', #1264 ) ;
#267 = EDGE_LOOP ( 'NONE', ( #544, #2361, #3219, #2597, #3474, #2980, #778, #2004, #248, #250, #210, #3377, #588, #2976, #1213, #1632 ) ) ;
#268 =( GEOMETRIC_REPRESENTATION_CONTEXT ( 3 ) GLOBAL_UNCERTAINTY_ASSIGNED_CONTEXT ( ( #168 ) ) GLOBAL_UNIT_ASSIGNED_CONTEXT ( ( #983, #2222, #3085 ) ) REPRESENTATION_CONTEXT ( 'NONE', 'WORKASPACE' ) );
#269 = LINE ( 'NONE', #3551, #853 ) ;
#270 = FACE_OUTER_BOUND ( 'NONE', #2290, .T. ) ;
#271 = COLOUR_RGB ( '',0.7294117647058823151, 0.3568627450980392246, 0.02352941176470588203 ) ;
#272 = SURFACE_STYLE_USAGE ( .BOTH. , #1459 ) ;
#273 = ORIENTED_EDGE ( 'NONE', *, *, #988, .T. ) ;
#274 = COLOUR_RGB ( '',0.7294117647058823151, 0.3568627450980392246, 0.02352941176470588203 ) ;
#275 = DIRECTION ( 'NONE',  ( 0.000000000000000000, 0.000000000000000000, 1.000000000000000000 ) ) ;
#276 = ADVANCED_FACE ( 'NONE', ( #409 ), #2199, .F. ) ;
#277 = TOROIDAL_SURFACE ( 'NONE', #1910, 1.723736567544661424, 1.200000000000000178 ) ;
#278 = SURFACE_SIDE_STYLE ('',( #2338 ) ) ;
#279 = CIRCLE ( 'NONE', #1038, 0.1225000000000002198 ) ;
#280 =( NAMED_UNIT ( * ) PLANE_ANGLE_UNIT ( ) SI_UNIT ( $, .RADIAN. ) );
#281 =( NAMED_UNIT ( * ) SI_UNIT ( $, .STERADIAN. ) SOLID_ANGLE_UNIT ( ) );
#282 = ADVANCED_FACE ( 'NONE', ( #2512 ), #658, .T. ) ;
#283 = MECHANICAL_DESIGN_GEOMETRIC_PRESENTATION_REPRESENTATION (  '', ( #3765 ), #921 ) ;
#284 = DIRECTION ( 'NONE',  ( 0.000000000000000000, -0.000000000000000000, 1.000000000000000000 ) ) ;
#285 = CARTESIAN_POINT ( 'NONE',  ( -2.912069900877995998, 1.320000000000000062, 1.188333333333333242 ) ) ;
#286 = EDGE_CURVE ( 'NONE', #2592, #2858, #2055, .T. ) ;
#287 = VERTEX_POINT ( 'NONE', #2552 ) ;
#288 = ORIENTED_EDGE ( 'NONE', *, *, #3217, .F. ) ;
#289 = CARTESIAN_POINT ( 'NONE',  ( 1.050000000000000266, 0.2399999999999995470, -2.450000000000000622 ) ) ;
#290 = VERTEX_POINT ( 'NONE', #1955 ) ;
#291 = EDGE_CURVE ( 'NONE', #2495, #318, #815, .T. ) ;
#292 = CYLINDRICAL_SURFACE ( 'NONE', #1029, 0.1225000000000006500 ) ;
#293 = ORIENTED_EDGE ( 'NONE', *, *, #3844, .T. ) ;
#294 = CARTESIAN_POINT ( 'NONE',  ( -2.250000000000000000, 0.2399999999999997691, -2.123333333333333073 ) ) ;
#295 =( NAMED_UNIT ( * ) SI_UNIT ( $, .STERADIAN. ) SOLID_ANGLE_UNIT ( ) );
#296 = LINE ( 'NONE', #1502, #3621 ) ;
#297 = LINE ( 'NONE', #1821, #64 ) ;
#298 = DIRECTION ( 'NONE',  ( 1.000000000000000000, 0.000000000000000000, 4.792053801040901909E-16 ) ) ;
#299 = ORIENTED_EDGE ( 'NONE', *, *, #2729, .T. ) ;
#300 = VERTEX_POINT ( 'NONE', #2281 ) ;
#301 = LINE ( 'NONE', #1806, #2636 ) ;
#302 = EDGE_LOOP ( 'NONE', ( #1498, #3255, #2101, #3032 ) ) ;
#303 = ADVANCED_FACE ( 'NONE', ( #178 ), #2257, .T. ) ;
#304 = LINE ( 'NONE', #69, #755 ) ;
#305 = EDGE_LOOP ( 'NONE', ( #926, #3368, #1474, #3513 ) ) ;
#306 = FILL_AREA_STYLE ('',( #1815 ) ) ;
#307 = DIRECTION ( 'NONE',  ( 4.792053801040901909E-16, 0.000000000000000000, 1.000000000000000000 ) ) ;
#308 = PRESENTATION_LAYER_ASSIGNMENT (  '', '', ( #252 ) ) ;
#309 = SURFACE_SIDE_STYLE ('',( #2984 ) ) ;
#310 = CARTESIAN_POINT ( 'NONE',  ( 2.912069900877995110, 1.320000000000000062, 1.188333333333333686 ) ) ;
#311 = FILL_AREA_STYLE_COLOUR ( '', #446 ) ;
#312 = VECTOR ( 'NONE', #801, 1000.000000000000000 ) ;
#313 = DIRECTION ( 'NONE',  ( 0.000000000000000000, 0.000000000000000000, 1.000000000000000000 ) ) ;
#314 = COLOUR_RGB ( '',0.7294117647058823151, 0.3568627450980392246, 0.02352941176470588203 ) ;
#315 =( NAMED_UNIT ( * ) SI_UNIT ( $, .STERADIAN. ) SOLID_ANGLE_UNIT ( ) );
#316 = AXIS2_PLACEMENT_3D ( 'NONE', #3294, #2967, #3529 ) ;
#317 = FILL_AREA_STYLE_COLOUR ( '', #1979 ) ;
#318 = VERTEX_POINT ( 'NONE', #1980 ) ;
#319 = CARTESIAN_POINT ( 'NONE',  ( -2.374999999999998668, 2.000000000000000000, 1.218333333333334156 ) ) ;
#320 = ORIENTED_EDGE ( 'NONE', *, *, #928, .F. ) ;
#321 = AXIS2_PLACEMENT_3D ( 'NONE', #1170, #1199, #1465 ) ;
#322 = DIRECTION ( 'NONE',  ( 0.3007057995042664023, 0.9537169507482290420, -0.000000000000000000 ) ) ;
#323 = FILL_AREA_STYLE ('',( #353 ) ) ;
#324 = VERTEX_POINT ( 'NONE', #2870 ) ;
#325 = EDGE_CURVE ( 'NONE', #360, #1526, #1411, .T. ) ;
#326 = AXIS2_PLACEMENT_3D ( 'NONE', #3462, #2003, #211 ) ;
#327 = CARTESIAN_POINT ( 'NONE',  ( 2.449999999999998845, 0.6399999999999996803, 2.048333333333334227 ) ) ;
#328 =( NAMED_UNIT ( * ) PLANE_ANGLE_UNIT ( ) SI_UNIT ( $, .RADIAN. ) );
#329 = EDGE_CURVE ( 'NONE', #1786, #3102, #199, .T. ) ;
#330 = DIRECTION ( 'NONE',  ( 0.000000000000000000, 1.000000000000000000, 0.000000000000000000 ) ) ;
#331 = CARTESIAN_POINT ( 'NONE',  ( -1.050000000000000044, 0.2399999999999997691, 2.450000000000000622 ) ) ;
#332 = LINE ( 'NONE', #3539, #25 ) ;
#333 = AXIS2_PLACEMENT_3D ( 'NONE', #1776, #896, #3562 ) ;
#334 =( LENGTH_UNIT ( ) NAMED_UNIT ( * ) SI_UNIT ( .MILLI., .METRE. ) );
#335 = CARTESIAN_POINT ( 'NONE',  ( 0.000000000000000000, 2.399999999999999911, 0.000000000000000000 ) ) ;
#336 = DIRECTION ( 'NONE',  ( 1.000000000000000000, 0.000000000000000000, -0.000000000000000000 ) ) ;
#337 =( NAMED_UNIT ( * ) PLANE_ANGLE_UNIT ( ) SI_UNIT ( $, .RADIAN. ) );
#338 = PRESENTATION_LAYER_ASSIGNMENT (  '', '', ( #3210 ) ) ;
#339 = PRESENTATION_STYLE_ASSIGNMENT (( #2686 ) ) ;
#340 =( LENGTH_UNIT ( ) NAMED_UNIT ( * ) SI_UNIT ( .MILLI., .METRE. ) );
#341 = ORIENTED_EDGE ( 'NONE', *, *, #2530, .F. ) ;
#342 = ADVANCED_FACE ( 'NONE', ( #1723 ), #3767, .T. ) ;
#343 = EDGE_CURVE ( 'NONE', #905, #3752, #554, .T. ) ;
#344 = CARTESIAN_POINT ( 'NONE',  ( 1.469999999999999973, 0.01882434245333334394, 2.123333333333333961 ) ) ;
#345 = SURFACE_STYLE_FILL_AREA ( #2789 ) ;
#346 = CYLINDRICAL_SURFACE ( 'NONE', #2505, 0.1224999999999999978 ) ;
#347 = DIRECTION ( 'NONE',  ( -1.000000000000000000, 0.000000000000000000, 1.896563567030044345E-16 ) ) ;
#348 = CARTESIAN_POINT ( 'NONE',  ( 1.649999999999999911, -0.08459999799161091460, 2.123333333333333961 ) ) ;
#349 = PLANE ( 'NONE',  #144 ) ;
#350 = EDGE_LOOP ( 'NONE', ( #1236, #969, #1641, #2635 ) ) ;
#351 = PLANE ( 'NONE',  #2949 ) ;
#352 = CARTESIAN_POINT ( 'NONE',  ( 1.592499999999997806, 0.2399999999999997968, 2.123333333333334405 ) ) ;
#353 = FILL_AREA_STYLE_COLOUR ( '', #782 ) ;
#354 = ORIENTED_EDGE ( 'NONE', *, *, #2370, .T. ) ;
#355 =( NAMED_UNIT ( * ) SI_UNIT ( $, .STERADIAN. ) SOLID_ANGLE_UNIT ( ) );
#356 = CARTESIAN_POINT ( 'NONE',  ( 1.592499999999997806, 0.6399999999999996803, 2.123333333333334405 ) ) ;
#357 = VECTOR ( 'NONE', #2507, 1000.000000000000000 ) ;
#358 = PRESENTATION_STYLE_ASSIGNMENT (( #3648 ) ) ;
#359 = ORIENTED_EDGE ( 'NONE', *, *, #3208, .T. ) ;
#360 = VERTEX_POINT ( 'NONE', #1314 ) ;
#361 = PRESENTATION_STYLE_ASSIGNMENT (( #2216 ) ) ;
#362 = EDGE_CURVE ( 'NONE', #753, #2061, #2881, .T. ) ;
#363 = CARTESIAN_POINT ( 'NONE',  ( -2.375000000000000444, 0.2399999999999997691, 2.123333333333333073 ) ) ;
#364 = COLOUR_RGB ( '',0.2509803921568627416, 0.2509803921568627416, 0.2509803921568627416 ) ;
#365 = DIRECTION ( 'NONE',  ( 0.7071067811865496822, -0.000000000000000000, 0.7071067811865454633 ) ) ;
#366 = CARTESIAN_POINT ( 'NONE',  ( 1.502654158242909377, 0.3827213078750212882, -2.450000000000000622 ) ) ;
#367 = STYLED_ITEM ( 'NONE', ( #1865 ), #1158 ) ;
#368 = DIRECTION ( 'NONE',  ( 0.000000000000000000, 0.000000000000000000, 1.000000000000000000 ) ) ;
#369 = DIRECTION ( 'NONE',  ( 4.792053801040901909E-16, 0.000000000000000000, -1.000000000000000000 ) ) ;
#370 = VECTOR ( 'NONE', #898, 1000.000000000000000 ) ;
#371 = VECTOR ( 'NONE', #52, 1000.000000000000114 ) ;
#372 = DIRECTION ( 'NONE',  ( 0.9537169507482291531, -0.3007057995042662912, -4.570262938950189922E-16 ) ) ;
#373 = SURFACE_STYLE_USAGE ( .BOTH. , #2741 ) ;
#374 = LINE ( 'NONE', #1586, #225 ) ;
#375 = VERTEX_POINT ( 'NONE', #1538 ) ;
#376 = PRESENTATION_LAYER_ASSIGNMENT (  '', '', ( #1024 ) ) ;
#377 = STYLED_ITEM ( 'NONE', ( #2700 ), #1680 ) ;
#378 = STYLED_ITEM ( 'NONE', ( #2827 ), #3807 ) ;
#379 = TOROIDAL_SURFACE ( 'NONE', #1899, 1.723736567544661868, 1.200000000000000178 ) ;
#380 = DIRECTION ( 'NONE',  ( 0.000000000000000000, 0.000000000000000000, -1.000000000000000000 ) ) ;
#381 = VECTOR ( 'NONE', #3044, 1000.000000000000000 ) ;
#382 = AXIS2_PLACEMENT_3D ( 'NONE', #1441, #2655, #1814 ) ;
#383 = CARTESIAN_POINT ( 'NONE',  ( -2.375000000000000444, 0.6399999999999996803, -2.123333333333333073 ) ) ;
#384 = ORIENTED_EDGE ( 'NONE', *, *, #530, .F. ) ;
#385 = VERTEX_POINT ( 'NONE', #344 ) ;
#386 = CARTESIAN_POINT ( 'NONE',  ( 1.592499999999997806, 0.2399999999999997968, 2.123333333333334405 ) ) ;
#387 =( NAMED_UNIT ( * ) SI_UNIT ( $, .STERADIAN. ) SOLID_ANGLE_UNIT ( ) );
#388 = EDGE_CURVE ( 'NONE', #1481, #2122, #1297, .T. ) ;
#389 = EDGE_CURVE ( 'NONE', #2075, #2288, #264, .T. ) ;
#390 = PRESENTATION_STYLE_ASSIGNMENT (( #2812 ) ) ;
#391 = DIRECTION ( 'NONE',  ( -0.000000000000000000, 1.000000000000000000, -0.000000000000000000 ) ) ;
#392 = ORIENTED_EDGE ( 'NONE', *, *, #928, .T. ) ;
#393 = FILL_AREA_STYLE_COLOUR ( '', #3496 ) ;
#394 = AXIS2_PLACEMENT_3D ( 'NONE', #285, #3806, #3230 ) ;
#395 = ADVANCED_FACE ( 'NONE', ( #2464 ), #3839, .F. ) ;
#396 = VECTOR ( 'NONE', #1859, 1000.000000000000000 ) ;
#397 = UNCERTAINTY_MEASURE_WITH_UNIT (LENGTH_MEASURE( 1.000000000000000082E-05 ), #760, 'distance_accuracy_value', 'NONE');
#398 = PLANE ( 'NONE',  #695 ) ;
#399 = CARTESIAN_POINT ( 'NONE',  ( -1.143333333333329094, 0.2399999999999997691, -2.450000000000000178 ) ) ;
#400 = ORIENTED_EDGE ( 'NONE', *, *, #1579, .F. ) ;
#401 = ADVANCED_FACE ( 'NONE', ( #3026 ), #2359, .F. ) ;
#402 = UNCERTAINTY_MEASURE_WITH_UNIT (LENGTH_MEASURE( 1.000000000000000082E-05 ), #334, 'distance_accuracy_value', 'NONE');
#403 = DIRECTION ( 'NONE',  ( -0.9537169507482291531, 0.3007057995042662912, -0.000000000000000000 ) ) ;
#404 = SURFACE_STYLE_USAGE ( .BOTH. , #102 ) ;
#405 = DIRECTION ( 'NONE',  ( 0.7071067811865454633, 0.000000000000000000, -0.7071067811865495711 ) ) ;
#406 = ORIENTED_EDGE ( 'NONE', *, *, #1928, .F. ) ;
#407 = ORIENTED_EDGE ( 'NONE', *, *, #2580, .F. ) ;
#408 = DIRECTION ( 'NONE',  ( 1.000000000000000000, 0.000000000000000000, -4.792053801040901909E-16 ) ) ;
#409 = FACE_OUTER_BOUND ( 'NONE', #50, .T. ) ;
#410 = PRESENTATION_STYLE_ASSIGNMENT (( #3653 ) ) ;
#411 = CARTESIAN_POINT ( 'NONE',  ( 1.469999999999999973, 2.000000000000000000, 2.123333333333333961 ) ) ;
#412 = CARTESIAN_POINT ( 'NONE',  ( 1.188333333333333686, 0.6400000000000000133, -1.923333333333333783 ) ) ;
#413 = ADVANCED_FACE ( 'NONE', ( #2145 ), #2719, .T. ) ;
#414 = SURFACE_SIDE_STYLE ('',( #999 ) ) ;
#415 = CARTESIAN_POINT ( 'NONE',  ( -1.502654158242908711, 0.3827213078750210662, -2.123333333333333517 ) ) ;
#416 = CARTESIAN_POINT ( 'NONE',  ( -1.188333333333333686, 1.319999999999999840, -1.188333333333333686 ) ) ;
#417 = VERTEX_POINT ( 'NONE', #938 ) ;
#418 = EDGE_CURVE ( 'NONE', #2944, #2590, #1541, .T. ) ;
#419 = FILL_AREA_STYLE_COLOUR ( '', #1269 ) ;
#420 = DIRECTION ( 'NONE',  ( 1.000000000000000000, 0.000000000000000000, 0.000000000000000000 ) ) ;
#421 = ORIENTED_EDGE ( 'NONE', *, *, #621, .T. ) ;
#422 = CARTESIAN_POINT ( 'NONE',  ( -2.912069900877995554, 1.320000000000000062, -1.188333333333333686 ) ) ;
#423 = LINE ( 'NONE', #1629, #3174 ) ;
#424 = DIRECTION ( 'NONE',  ( 0.000000000000000000, -0.000000000000000000, 1.000000000000000000 ) ) ;
#425 = SURFACE_SIDE_STYLE ('',( #3099 ) ) ;
#426 = PRESENTATION_LAYER_ASSIGNMENT (  '', '', ( #2740 ) ) ;
#427 = PRESENTATION_STYLE_ASSIGNMENT (( #2837 ) ) ;
#428 = DIRECTION ( 'NONE',  ( 0.000000000000000000, 1.000000000000000000, 0.000000000000000000 ) ) ;
#429 = PRESENTATION_LAYER_ASSIGNMENT (  '', '', ( #1014 ) ) ;
#430 = LINE ( 'NONE', #3364, #1394 ) ;
#431 = EDGE_CURVE ( 'NONE', #1257, #300, #2433, .T. ) ;
#432 = LINE ( 'NONE', #2492, #2340 ) ;
#433 = ORIENTED_EDGE ( 'NONE', *, *, #362, .T. ) ;
#434 = MECHANICAL_DESIGN_GEOMETRIC_PRESENTATION_REPRESENTATION (  '', ( #692 ), #1200 ) ;
#435 = VERTEX_POINT ( 'NONE', #3524 ) ;
#436 = FILL_AREA_STYLE ('',( #1373 ) ) ;
#437 =( GEOMETRIC_REPRESENTATION_CONTEXT ( 3 ) GLOBAL_UNCERTAINTY_ASSIGNED_CONTEXT ( ( #2952 ) ) GLOBAL_UNIT_ASSIGNED_CONTEXT ( ( #1799, #653, #281 ) ) REPRESENTATION_CONTEXT ( 'NONE', 'WORKASPACE' ) );
#438 = VECTOR ( 'NONE', #464, 1000.000000000000000 ) ;
#439 = EDGE_CURVE ( 'NONE', #1593, #1626, #879, .T. ) ;
#440 = COLOUR_RGB ( '',0.2509803921568627416, 0.2509803921568627416, 0.2509803921568627416 ) ;
#441 = AXIS2_PLACEMENT_3D ( 'NONE', #2396, #3506, #862 ) ;
#442 = AXIS2_PLACEMENT_3D ( 'NONE', #3642, #1794, #3003 ) ;
#443 =( GEOMETRIC_REPRESENTATION_CONTEXT ( 3 ) GLOBAL_UNCERTAINTY_ASSIGNED_CONTEXT ( ( #3709 ) ) GLOBAL_UNIT_ASSIGNED_CONTEXT ( ( #1028, #679, #3052 ) ) REPRESENTATION_CONTEXT ( 'NONE', 'WORKASPACE' ) );
#444 = SPHERICAL_SURFACE ( 'NONE', #3060, 0.1225000000000000255 ) ;
#445 = DIRECTION ( 'NONE',  ( 0.000000000000000000, 0.000000000000000000, -1.000000000000000000 ) ) ;
#446 = COLOUR_RGB ( '',0.2509803921568627416, 0.2509803921568627416, 0.2509803921568627416 ) ;
#447 = CARTESIAN_POINT ( 'NONE',  ( 0.7281759461464709648, 0.1385292655878598289, -2.865157387186854532 ) ) ;
#448 = CARTESIAN_POINT ( 'NONE',  ( -1.143333333333329094, 0.2399999999999997691, -2.450000000000000178 ) ) ;
#449 = AXIS2_PLACEMENT_3D ( 'NONE', #1878, #2202, #2471 ) ;
#450 = EDGE_CURVE ( 'NONE', #3390, #2182, #1782, .T. ) ;
#451 = CIRCLE ( 'NONE', #2823, 1.200000000000000622 ) ;
#452 = FACE_OUTER_BOUND ( 'NONE', #1356, .T. ) ;
#453 = CARTESIAN_POINT ( 'NONE',  ( 1.143333333333329094, 2.000000000000000000, 2.450000000000000622 ) ) ;
#454 = FILL_AREA_STYLE_COLOUR ( '', #829 ) ;
#455 = DIRECTION ( 'NONE',  ( 1.000000000000000000, 0.000000000000000000, 0.000000000000000000 ) ) ;
#456 = CYLINDRICAL_SURFACE ( 'NONE', #2864, 0.8699999999999996625 ) ;
#457 = CIRCLE ( 'NONE', #3011, 0.8699999999999996625 ) ;
#458 = LINE ( 'NONE', #716, #2269 ) ;
#459 = DIRECTION ( 'NONE',  ( 1.000000000000000000, 0.000000000000000000, 0.000000000000000000 ) ) ;
#460 = CARTESIAN_POINT ( 'NONE',  ( -1.143333333333329094, -2.168404344971008868E-16, -2.450000000000000178 ) ) ;
#461 = VECTOR ( 'NONE', #1189, 1000.000000000000000 ) ;
#462 = PRESENTATION_STYLE_ASSIGNMENT (( #1272 ) ) ;
#463 = ORIENTED_EDGE ( 'NONE', *, *, #3632, .F. ) ;
#464 = DIRECTION ( 'NONE',  ( -0.9537169507482291531, -0.3007057995042662912, 0.000000000000000000 ) ) ;
#465 = VERTEX_POINT ( 'NONE', #1261 ) ;
#466 =( GEOMETRIC_REPRESENTATION_CONTEXT ( 3 ) GLOBAL_UNCERTAINTY_ASSIGNED_CONTEXT ( ( #2521 ) ) GLOBAL_UNIT_ASSIGNED_CONTEXT ( ( #2689, #1216, #3573 ) ) REPRESENTATION_CONTEXT ( 'NONE', 'WORKASPACE' ) );
#467 = FILL_AREA_STYLE_COLOUR ( '', #3742 ) ;
#468 = EDGE_CURVE ( 'NONE', #871, #546, #742, .T. ) ;
#469 =( NAMED_UNIT ( * ) SI_UNIT ( $, .STERADIAN. ) SOLID_ANGLE_UNIT ( ) );
#470 = CARTESIAN_POINT ( 'NONE',  ( 2.250000000000000000, 0.2399999999999997691, -2.450000000000000622 ) ) ;
#471 =( NAMED_UNIT ( * ) SI_UNIT ( $, .STERADIAN. ) SOLID_ANGLE_UNIT ( ) );
#472 = EDGE_CURVE ( 'NONE', #925, #2668, #1692, .T. ) ;
#473 =( NAMED_UNIT ( * ) PLANE_ANGLE_UNIT ( ) SI_UNIT ( $, .RADIAN. ) );
#474 = CARTESIAN_POINT ( 'NONE',  ( 1.627830218749868552, 0.7623693341074991858, 1.849503167939498871 ) ) ;
#475 = PLANE ( 'NONE',  #1730 ) ;
#476 = CARTESIAN_POINT ( 'NONE',  ( 1.592499999999997806, 0.2399999999999997968, 2.123333333333334405 ) ) ;
#477 = SURFACE_STYLE_FILL_AREA ( #2875 ) ;
#478 = UNCERTAINTY_MEASURE_WITH_UNIT (LENGTH_MEASURE( 1.000000000000000082E-05 ), #685, 'distance_accuracy_value', 'NONE');
#479 = DIRECTION ( 'NONE',  ( -1.000000000000000000, 0.000000000000000000, 0.000000000000000000 ) ) ;
#480 = VERTEX_POINT ( 'NONE', #3358 ) ;
#481 = UNCERTAINTY_MEASURE_WITH_UNIT (LENGTH_MEASURE( 1.000000000000000082E-05 ), #3320, 'distance_accuracy_value', 'NONE');
#482 = EDGE_LOOP ( 'NONE', ( #1143, #586, #1211, #293 ) ) ;
#483 = FACE_OUTER_BOUND ( 'NONE', #3079, .T. ) ;
#484 = FACE_OUTER_BOUND ( 'NONE', #3231, .T. ) ;
#485 = ORIENTED_EDGE ( 'NONE', *, *, #2274, .T. ) ;
#486 = DIRECTION ( 'NONE',  ( -1.000000000000000000, -8.723465755630498563E-16, 0.000000000000000000 ) ) ;
#487 = FILL_AREA_STYLE_COLOUR ( '', #2259 ) ;
#488 = FILL_AREA_STYLE_COLOUR ( '', #59 ) ;
#489 = FILL_AREA_STYLE_COLOUR ( '', #641 ) ;
#490 = DIRECTION ( 'NONE',  ( 0.000000000000000000, 0.000000000000000000, 1.000000000000000000 ) ) ;
#491 = EDGE_CURVE ( 'NONE', #2182, #2709, #1936, .T. ) ;
#492 = SURFACE_SIDE_STYLE ('',( #3162 ) ) ;
#493 = DIRECTION ( 'NONE',  ( -0.000000000000000000, -0.000000000000000000, 1.000000000000000000 ) ) ;
#494 = FACE_OUTER_BOUND ( 'NONE', #2666, .T. ) ;
#495 = DIRECTION ( 'NONE',  ( -0.000000000000000000, -0.000000000000000000, 1.000000000000000000 ) ) ;
#496 = VECTOR ( 'NONE', #3120, 1000.000000000000000 ) ;
#497 = ORIENTED_EDGE ( 'NONE', *, *, #1871, .T. ) ;
#498 = ORIENTED_EDGE ( 'NONE', *, *, #1385, .F. ) ;
#499 = PRESENTATION_LAYER_ASSIGNMENT (  '', '', ( #1456 ) ) ;
#500 = SURFACE_SIDE_STYLE ('',( #3729 ) ) ;
#501 = ADVANCED_FACE ( 'NONE', ( #2235 ), #3412, .F. ) ;
#502 = STYLED_ITEM ( 'NONE', ( #935 ), #120 ) ;
#503 = ORIENTED_EDGE ( 'NONE', *, *, #2803, .F. ) ;
#504 = SURFACE_SIDE_STYLE ('',( #2351 ) ) ;
#505 = ORIENTED_EDGE ( 'NONE', *, *, #570, .F. ) ;
#506 = CIRCLE ( 'NONE', #3798, 0.4899999999999999911 ) ;
#507 = CARTESIAN_POINT ( 'NONE',  ( -1.188333333333333686, 1.320000000000000062, -1.188333333333333686 ) ) ;
#508 = COLOUR_RGB ( '',0.7294117647058823151, 0.3568627450980392246, 0.02352941176470588203 ) ;
#509 =( GEOMETRIC_REPRESENTATION_CONTEXT ( 3 ) GLOBAL_UNCERTAINTY_ASSIGNED_CONTEXT ( ( #2942 ) ) GLOBAL_UNIT_ASSIGNED_CONTEXT ( ( #1457, #3172, #246 ) ) REPRESENTATION_CONTEXT ( 'NONE', 'WORKASPACE' ) );
#510 =( NAMED_UNIT ( * ) SI_UNIT ( $, .STERADIAN. ) SOLID_ANGLE_UNIT ( ) );
#511 = AXIS2_PLACEMENT_3D ( 'NONE', #1858, #3077, #78 ) ;
#512 = FILL_AREA_STYLE ('',( #2548 ) ) ;
#513 = PRESENTATION_STYLE_ASSIGNMENT (( #836 ) ) ;
#514 = VECTOR ( 'NONE', #45, 1000.000000000000000 ) ;
#515 = VECTOR ( 'NONE', #1241, 999.9999999999998863 ) ;
#516 = FACE_OUTER_BOUND ( 'NONE', #80, .T. ) ;
#517 = AXIS2_PLACEMENT_3D ( 'NONE', #2542, #773, #1985 ) ;
#518 =( LENGTH_UNIT ( ) NAMED_UNIT ( * ) SI_UNIT ( .MILLI., .METRE. ) );
#519 = CARTESIAN_POINT ( 'NONE',  ( 1.469999999999999973, -2.168404344971008868E-16, 2.123333333333333961 ) ) ;
#520 = MECHANICAL_DESIGN_GEOMETRIC_PRESENTATION_REPRESENTATION (  '', ( #765 ), #268 ) ;
#521 = PLANE ( 'NONE',  #1648 ) ;
#522 = PRESENTATION_LAYER_ASSIGNMENT (  '', '', ( #2206 ) ) ;
#523 = EDGE_CURVE ( 'NONE', #360, #3590, #2496, .T. ) ;
#524 = ADVANCED_FACE ( 'NONE', ( #3652 ), #1656, .T. ) ;
#525 = PLANE ( 'NONE',  #256 ) ;
#526 = CYLINDRICAL_SURFACE ( 'NONE', #2038, 0.8699999999999996625 ) ;
#527 = ORIENTED_EDGE ( 'NONE', *, *, #2850, .T. ) ;
#528 = LINE ( 'NONE', #1389, #701 ) ;
#529 = ORIENTED_EDGE ( 'NONE', *, *, #3451, .T. ) ;
#530 = EDGE_CURVE ( 'NONE', #3104, #3102, #3600, .T. ) ;
#531 = MECHANICAL_DESIGN_GEOMETRIC_PRESENTATION_REPRESENTATION (  '', ( #600 ), #3760 ) ;
#532 = ORIENTED_EDGE ( 'NONE', *, *, #1971, .F. ) ;
#533 = DIRECTION ( 'NONE',  ( -1.000000000000000000, 0.000000000000000000, 0.000000000000000000 ) ) ;
#534 = ORIENTED_EDGE ( 'NONE', *, *, #472, .T. ) ;
#535 = AXIS2_PLACEMENT_3D ( 'NONE', #3722, #1363, #3485 ) ;
#536 = PRESENTATION_LAYER_ASSIGNMENT (  '', '', ( #2896 ) ) ;
#537 = CARTESIAN_POINT ( 'NONE',  ( -2.374999999999998668, 2.399999999999999911, -1.218333333333331270 ) ) ;
#538 = STYLED_ITEM ( 'NONE', ( #2325 ), #2844 ) ;
#539 = CARTESIAN_POINT ( 'NONE',  ( 1.558081772621702887, 0.7626289684820125592, 1.849366953335325414 ) ) ;
#540 = FILL_AREA_STYLE_COLOUR ( '', #1169 ) ;
#541 = CYLINDRICAL_SURFACE ( 'NONE', #2019, 0.4899999999999999911 ) ;
#542 = CARTESIAN_POINT ( 'NONE',  ( -2.250000000000000000, 0.2399999999999997691, -2.123333333333333073 ) ) ;
#543 = LINE ( 'NONE', #1728, #3446 ) ;
#544 = ORIENTED_EDGE ( 'NONE', *, *, #157, .T. ) ;
#545 = PLANE ( 'NONE',  #326 ) ;
#546 = VERTEX_POINT ( 'NONE', #3095 ) ;
#547 = DIRECTION ( 'NONE',  ( -1.000000000000000000, 0.000000000000000000, 0.000000000000000000 ) ) ;
#548 = ORIENTED_EDGE ( 'NONE', *, *, #3531, .F. ) ;
#549 = CARTESIAN_POINT ( 'NONE',  ( -1.050000000000000044, 0.2399999999999997691, -2.450000000000000178 ) ) ;
#550 = EDGE_CURVE ( 'NONE', #16, #596, #2485, .T. ) ;
#551 = VERTEX_POINT ( 'NONE', #2197 ) ;
#552 = PLANE ( 'NONE',  #3489 ) ;
#553 = CARTESIAN_POINT ( 'NONE',  ( 2.912069900877995110, 1.320000000000000062, 1.188333333333333686 ) ) ;
#554 = LINE ( 'NONE', #3822, #961 ) ;
#555 = CARTESIAN_POINT ( 'NONE',  ( 1.188333333333333686, 1.320000000000000062, 1.188333333333333686 ) ) ;
#556 = DIRECTION ( 'NONE',  ( 1.000000000000000000, 0.000000000000000000, 0.000000000000000000 ) ) ;
#557 =( LENGTH_UNIT ( ) NAMED_UNIT ( * ) SI_UNIT ( .MILLI., .METRE. ) );
#558 = SURFACE_SIDE_STYLE ('',( #2624 ) ) ;
#559 = SURFACE_STYLE_FILL_AREA ( #3229 ) ;
#560 = DIRECTION ( 'NONE',  ( 0.000000000000000000, -1.000000000000000000, 0.000000000000000000 ) ) ;
#561 = ORIENTED_EDGE ( 'NONE', *, *, #3671, .F. ) ;
#562 = DIRECTION ( 'NONE',  ( -0.9537169507482290420, 0.3007057995042664023, 4.570262938950188936E-16 ) ) ;
#563 = ORIENTED_EDGE ( 'NONE', *, *, #1107, .T. ) ;
#564 = EDGE_CURVE ( 'NONE', #3310, #948, #423, .T. ) ;
#565 = CARTESIAN_POINT ( 'NONE',  ( -2.375000000000000444, 0.2399999999999997691, -2.123333333333333073 ) ) ;
#566 = ORIENTED_EDGE ( 'NONE', *, *, #1225, .T. ) ;
#567 = DIRECTION ( 'NONE',  ( 1.000000000000000000, 0.000000000000000000, -4.792053801040901909E-16 ) ) ;
#568 = ORIENTED_EDGE ( 'NONE', *, *, #3067, .F. ) ;
#569 = COLOUR_RGB ( '',0.2509803921568627416, 0.2509803921568627416, 0.2509803921568627416 ) ;
#570 = EDGE_CURVE ( 'NONE', #3843, #3310, #978, .T. ) ;
#571 = VECTOR ( 'NONE', #1654, 1000.000000000000000 ) ;
#572 = CARTESIAN_POINT ( 'NONE',  ( 1.502654158242909377, 0.3827213078750212882, -3.716629054470328430 ) ) ;
#573 = UNCERTAINTY_MEASURE_WITH_UNIT (LENGTH_MEASURE( 1.000000000000000082E-05 ), #1580, 'distance_accuracy_value', 'NONE');
#574 = PRESENTATION_LAYER_ASSIGNMENT (  '', '', ( #2994 ) ) ;
#575 = VECTOR ( 'NONE', #567, 1000.000000000000000 ) ;
#576 = PRESENTATION_STYLE_ASSIGNMENT (( #2096 ) ) ;
#577 = AXIS2_PLACEMENT_3D ( 'NONE', #3659, #1616, #3687 ) ;
#578 = CARTESIAN_POINT ( 'NONE',  ( -1.188333333333333686, 2.000000000000000000, -1.188333333333333686 ) ) ;
#579 = CARTESIAN_POINT ( 'NONE',  ( 1.502654158242909377, 0.3827213078750212882, 2.450000000000000622 ) ) ;
#580 = COLOUR_RGB ( '',0.2509803921568627416, 0.2509803921568627416, 0.2509803921568627416 ) ;
#581 = FILL_AREA_STYLE_COLOUR ( '', #2318 ) ;
#582 = ADVANCED_FACE ( 'NONE', ( #452 ), #3224, .F. ) ;
#583 =( GEOMETRIC_REPRESENTATION_CONTEXT ( 3 ) GLOBAL_UNCERTAINTY_ASSIGNED_CONTEXT ( ( #130 ) ) GLOBAL_UNIT_ASSIGNED_CONTEXT ( ( #138, #174, #2891 ) ) REPRESENTATION_CONTEXT ( 'NONE', 'WORKASPACE' ) );
#584 = CYLINDRICAL_SURFACE ( 'NONE', #3450, 1.200000000000000178 ) ;
#585 = ORIENTED_EDGE ( 'NONE', *, *, #2056, .F. ) ;
#586 = ORIENTED_EDGE ( 'NONE', *, *, #3725, .F. ) ;
#587 = CARTESIAN_POINT ( 'NONE',  ( -1.592500000000000027, 0.6399999999999996803, 2.123333333333334405 ) ) ;
#588 = ORIENTED_EDGE ( 'NONE', *, *, #889, .T. ) ;
#589 = MECHANICAL_DESIGN_GEOMETRIC_PRESENTATION_REPRESENTATION (  '', ( #1893 ), #2095 ) ;
#590 = STYLED_ITEM ( 'NONE', ( #2622 ), #3188 ) ;
#591 = CARTESIAN_POINT ( 'NONE',  ( 1.188333333333333686, 2.000000000000000000, -1.188333333333333686 ) ) ;
#592 = EDGE_CURVE ( 'NONE', #1124, #112, #630, .T. ) ;
#593 = DIRECTION ( 'NONE',  ( 0.7071067811865517916, -0.000000000000000000, -0.7071067811865433539 ) ) ;
#594 = ORIENTED_EDGE ( 'NONE', *, *, #3307, .F. ) ;
#595 = CIRCLE ( 'NONE', #1339, 0.4899999999999999911 ) ;
#596 = VERTEX_POINT ( 'NONE', #2913 ) ;
#597 = UNCERTAINTY_MEASURE_WITH_UNIT (LENGTH_MEASURE( 1.000000000000000082E-05 ), #2401, 'distance_accuracy_value', 'NONE');
#598 = AXIS2_PLACEMENT_3D ( 'NONE', #2243, #2854, #479 ) ;
#599 = CARTESIAN_POINT ( 'NONE',  ( -1.469999999999998197, 0.6399999999999996803, 1.673333333333334227 ) ) ;
#600 = STYLED_ITEM ( 'NONE', ( #1841 ), #2234 ) ;
#601 = CARTESIAN_POINT ( 'NONE',  ( 1.649999999999999911, 0.8699999999999994404, 2.123333333333333961 ) ) ;
#602 = ADVANCED_FACE ( 'NONE', ( #516 ), #766, .T. ) ;
#603 = COLOUR_RGB ( '',0.7294117647058823151, 0.3568627450980392246, 0.02352941176470588203 ) ;
#604 = CARTESIAN_POINT ( 'NONE',  ( -1.469999999999999973, 0.3724254913291695224, -2.123333333333333517 ) ) ;
#605 = SURFACE_STYLE_FILL_AREA ( #633 ) ;
#606 = CARTESIAN_POINT ( 'NONE',  ( -2.449999999999998845, 0.6399999999999996803, -2.048333333333333783 ) ) ;
#607 = ADVANCED_FACE ( 'NONE', ( #3766 ), #884, .F. ) ;
#608 = CARTESIAN_POINT ( 'NONE',  ( 2.375000000000000444, -2.168404344971008868E-16, -2.123333333333333517 ) ) ;
#609 = CARTESIAN_POINT ( 'NONE',  ( 1.143333333333329094, 0.1627596668112848421, -2.450000000000000622 ) ) ;
#610 = ORIENTED_EDGE ( 'NONE', *, *, #785, .T. ) ;
#611 = VERTEX_POINT ( 'NONE', #3118 ) ;
#612 = ORIENTED_EDGE ( 'NONE', *, *, #2767, .F. ) ;
#613 = PRESENTATION_STYLE_ASSIGNMENT (( #1529 ) ) ;
#614 = SURFACE_SIDE_STYLE ('',( #1766 ) ) ;
#615 = VERTEX_POINT ( 'NONE', #726 ) ;
#616 = DIRECTION ( 'NONE',  ( -0.000000000000000000, 1.000000000000000000, -0.000000000000000000 ) ) ;
#617 = ORIENTED_EDGE ( 'NONE', *, *, #823, .F. ) ;
#618 = CARTESIAN_POINT ( 'NONE',  ( -1.797345841757090668, 0.3827213078750211772, -2.123333333333333517 ) ) ;
#619 =( LENGTH_UNIT ( ) NAMED_UNIT ( * ) SI_UNIT ( .MILLI., .METRE. ) );
#620 = SURFACE_SIDE_STYLE ('',( #31 ) ) ;
#621 = EDGE_CURVE ( 'NONE', #1311, #1299, #3719, .T. ) ;
#622 = CARTESIAN_POINT ( 'NONE',  ( -1.469999999999999973, 0.6399999999999996803, 2.123333333333333517 ) ) ;
#623 =( NAMED_UNIT ( * ) SI_UNIT ( $, .STERADIAN. ) SOLID_ANGLE_UNIT ( ) );
#624 = VERTEX_POINT ( 'NONE', #1343 ) ;
#625 = SURFACE_STYLE_FILL_AREA ( #39 ) ;
#626 = FACE_OUTER_BOUND ( 'NONE', #1558, .T. ) ;
#627 = CYLINDRICAL_SURFACE ( 'NONE', #2576, 1.200000000000000178 ) ;
#628 = VERTEX_POINT ( 'NONE', #3700 ) ;
#629 = SURFACE_STYLE_FILL_AREA ( #2392 ) ;
#630 = CIRCLE ( 'NONE', #3306, 0.8699999999999996625 ) ;
#631 = DIRECTION ( 'NONE',  ( 0.000000000000000000, 0.000000000000000000, 1.000000000000000000 ) ) ;
#632 = CLOSED_SHELL ( 'NONE', ( #4, #303, #1755, #987, #342, #2415, #3645, #2155, #26, #2669 ) ) ;
#633 = FILL_AREA_STYLE ('',( #1777 ) ) ;
#634 = SURFACE_STYLE_FILL_AREA ( #936 ) ;
#635 = AXIS2_PLACEMENT_3D ( 'NONE', #1049, #3470, #2036 ) ;
#636 = FACE_OUTER_BOUND ( 'NONE', #683, .T. ) ;
#637 = DIRECTION ( 'NONE',  ( -4.792053801040901909E-16, 0.000000000000000000, 1.000000000000000000 ) ) ;
#638 = COLOUR_RGB ( '',0.2509803921568627416, 0.2509803921568627416, 0.2509803921568627416 ) ;
#639 = PRESENTATION_LAYER_ASSIGNMENT (  '', '', ( #2329 ) ) ;
#640 = VERTEX_POINT ( 'NONE', #794 ) ;
#641 = COLOUR_RGB ( '',0.2509803921568627416, 0.2509803921568627416, 0.2509803921568627416 ) ;
#642 = COLOUR_RGB ( '',0.2509803921568627416, 0.2509803921568627416, 0.2509803921568627416 ) ;
#643 = DIRECTION ( 'NONE',  ( -0.9537169507482290420, -0.3007057995042664023, -4.570262938950188936E-16 ) ) ;
#644 = FACE_OUTER_BOUND ( 'NONE', #1425, .T. ) ;
#645 = ORIENTED_EDGE ( 'NONE', *, *, #3389, .T. ) ;
#646 = PRESENTATION_LAYER_ASSIGNMENT (  '', '', ( #1274 ) ) ;
#647 = EDGE_CURVE ( 'NONE', #2776, #1593, #3045, .T. ) ;
#648 = AXIS2_PLACEMENT_3D ( 'NONE', #386, #2144, #1572 ) ;
#649 = SURFACE_SIDE_STYLE ('',( #2950 ) ) ;
#650 = ADVANCED_FACE ( 'NONE', ( #494 ), #456, .T. ) ;
#651 = MECHANICAL_DESIGN_GEOMETRIC_PRESENTATION_REPRESENTATION (  '', ( #3502 ), #1722 ) ;
#652 = CYLINDRICAL_SURFACE ( 'NONE', #3207, 1.200000000000000178 ) ;
#653 =( NAMED_UNIT ( * ) PLANE_ANGLE_UNIT ( ) SI_UNIT ( $, .RADIAN. ) );
#654 = SURFACE_STYLE_FILL_AREA ( #3024 ) ;
#655 =( NAMED_UNIT ( * ) PLANE_ANGLE_UNIT ( ) SI_UNIT ( $, .RADIAN. ) );
#656 =( GEOMETRIC_REPRESENTATION_CONTEXT ( 3 ) GLOBAL_UNCERTAINTY_ASSIGNED_CONTEXT ( ( #2286 ) ) GLOBAL_UNIT_ASSIGNED_CONTEXT ( ( #619, #280, #1797 ) ) REPRESENTATION_CONTEXT ( 'NONE', 'WORKASPACE' ) );
#657 = PRODUCT_RELATED_PRODUCT_CATEGORY ( 'part', '', ( #3582 ) ) ;
#658 = PLANE ( 'NONE',  #2941 ) ;
#659 = CARTESIAN_POINT ( 'NONE',  ( -1.502654158242909377, 0.3827213078750212882, -2.123333333333333517 ) ) ;
#660 = ORIENTED_EDGE ( 'NONE', *, *, #3471, .T. ) ;
#661 = SURFACE_SIDE_STYLE ('',( #1562 ) ) ;
#662 = SURFACE_STYLE_FILL_AREA ( #3334 ) ;
#663 = ORIENTED_EDGE ( 'NONE', *, *, #2, .F. ) ;
#664 = ADVANCED_FACE ( 'NONE', ( #1659 ), #1073, .F. ) ;
#665 = DIRECTION ( 'NONE',  ( 1.000000000000000000, 0.000000000000000000, 4.792053801040901909E-16 ) ) ;
#666 = FILL_AREA_STYLE ('',( #1947 ) ) ;
#667 = VERTEX_POINT ( 'NONE', #819 ) ;
#668 = ORIENTED_EDGE ( 'NONE', *, *, #592, .T. ) ;
#669 = FILL_AREA_STYLE ('',( #106 ) ) ;
#670 = FILL_AREA_STYLE_COLOUR ( '', #364 ) ;
#671 = CARTESIAN_POINT ( 'NONE',  ( 1.351909616568527595, 0.04379717717810855532, -2.241423716764805008 ) ) ;
#672 =( NAMED_UNIT ( * ) PLANE_ANGLE_UNIT ( ) SI_UNIT ( $, .RADIAN. ) );
#673 = ORIENTED_EDGE ( 'NONE', *, *, #988, .F. ) ;
#674 = SURFACE_STYLE_USAGE ( .BOTH. , #2489 ) ;
#675 = LINE ( 'NONE', #3346, #371 ) ;
#676 = CARTESIAN_POINT ( 'NONE',  ( -1.592500000000000027, 0.6399999999999996803, 2.123333333333334405 ) ) ;
#677 = EDGE_LOOP ( 'NONE', ( #3631, #2382, #585, #3037, #1460, #2154 ) ) ;
#678 = EDGE_CURVE ( 'NONE', #2790, #1330, #1678, .T. ) ;
#679 =( NAMED_UNIT ( * ) PLANE_ANGLE_UNIT ( ) SI_UNIT ( $, .RADIAN. ) );
#680 = EDGE_CURVE ( 'NONE', #2922, #3390, #188, .T. ) ;
#681 = PRESENTATION_LAYER_ASSIGNMENT (  '', '', ( #1140 ) ) ;
#682 = CARTESIAN_POINT ( 'NONE',  ( 2.374999999999999112, 2.000000000000000000, 1.218333333333330826 ) ) ;
#683 = EDGE_LOOP ( 'NONE', ( #2051, #3029, #1476, #3567 ) ) ;
#684 = EDGE_LOOP ( 'NONE', ( #503, #3726 ) ) ;
#685 =( LENGTH_UNIT ( ) NAMED_UNIT ( * ) SI_UNIT ( .MILLI., .METRE. ) );
#686 = ADVANCED_FACE ( 'NONE', ( #241 ), #2917, .T. ) ;
#687 = AXIS2_PLACEMENT_3D ( 'NONE', #3786, #2319, #1384 ) ;
#688 = MECHANICAL_DESIGN_GEOMETRIC_PRESENTATION_REPRESENTATION (  '', ( #3179 ), #831 ) ;
#689 = FACE_OUTER_BOUND ( 'NONE', #739, .T. ) ;
#690 = LINE ( 'NONE', #2164, #2886 ) ;
#691 = EDGE_CURVE ( 'NONE', #3336, #266, #877, .T. ) ;
#692 = STYLED_ITEM ( 'NONE', ( #1697 ), #46 ) ;
#693 = AXIS2_PLACEMENT_3D ( 'NONE', #3418, #94, #1368 ) ;
#694 = CARTESIAN_POINT ( 'NONE',  ( 1.469999999999999973, 0.6399999999999996803, 2.123333333333333961 ) ) ;
#695 = AXIS2_PLACEMENT_3D ( 'NONE', #997, #110, #424 ) ;
#696 =( LENGTH_UNIT ( ) NAMED_UNIT ( * ) SI_UNIT ( .MILLI., .METRE. ) );
#697 =( NAMED_UNIT ( * ) SI_UNIT ( $, .STERADIAN. ) SOLID_ANGLE_UNIT ( ) );
#698 = EDGE_LOOP ( 'NONE', ( #1266, #1791, #824, #384, #2648, #3772, #856, #1273, #2939 ) ) ;
#699 =( GEOMETRIC_REPRESENTATION_CONTEXT ( 3 ) GLOBAL_UNCERTAINTY_ASSIGNED_CONTEXT ( ( #3829 ) ) GLOBAL_UNIT_ASSIGNED_CONTEXT ( ( #2111, #2428, #3591 ) ) REPRESENTATION_CONTEXT ( 'NONE', 'WORKASPACE' ) );
#700 = VECTOR ( 'NONE', #1690, 1000.000000000000000 ) ;
#701 = VECTOR ( 'NONE', #2609, 1000.000000000000000 ) ;
#702 = COLOUR_RGB ( '',0.7294117647058823151, 0.3568627450980392246, 0.02352941176470588203 ) ;
#703 = LINE ( 'NONE', #1887, #2413 ) ;
#704 = EDGE_CURVE ( 'NONE', #171, #2910, #297, .T. ) ;
#705 = ORIENTED_EDGE ( 'NONE', *, *, #1295, .T. ) ;
#706 = ORIENTED_EDGE ( 'NONE', *, *, #2195, .T. ) ;
#707 = CARTESIAN_POINT ( 'NONE',  ( 1.469999999999999973, 0.01882434245333334394, -2.123333333333333961 ) ) ;
#708 = DIRECTION ( 'NONE',  ( 4.792053801040901909E-16, 0.000000000000000000, 1.000000000000000000 ) ) ;
#709 = STYLED_ITEM ( 'NONE', ( #462 ), #2832 ) ;
#710 = CARTESIAN_POINT ( 'NONE',  ( 1.469999999999999973, 0.01882434245333334394, -2.123333333333333961 ) ) ;
#711 = DIRECTION ( 'NONE',  ( 0.000000000000000000, -1.000000000000000000, -0.000000000000000000 ) ) ;
#712 = EDGE_CURVE ( 'NONE', #300, #2380, #1449, .T. ) ;
#713 = SURFACE_STYLE_USAGE ( .BOTH. , #2201 ) ;
#714 = LINE ( 'NONE', #1267, #1405 ) ;
#715 = COLOUR_RGB ( '',0.2509803921568627416, 0.2509803921568627416, 0.2509803921568627416 ) ;
#716 = CARTESIAN_POINT ( 'NONE',  ( 2.255188229341463124, 0.6199943890825601045, -2.123333333333333517 ) ) ;
#717 = FACE_OUTER_BOUND ( 'NONE', #3553, .T. ) ;
#718 = MECHANICAL_DESIGN_GEOMETRIC_PRESENTATION_REPRESENTATION (  '', ( #857 ), #466 ) ;
#719 =( NAMED_UNIT ( * ) PLANE_ANGLE_UNIT ( ) SI_UNIT ( $, .RADIAN. ) );
#720 = ORIENTED_EDGE ( 'NONE', *, *, #3740, .F. ) ;
#721 = MECHANICAL_DESIGN_GEOMETRIC_PRESENTATION_REPRESENTATION (  '', ( #1601 ), #2537 ) ;
#722 = UNCERTAINTY_MEASURE_WITH_UNIT (LENGTH_MEASURE( 1.000000000000000082E-05 ), #3159, 'distance_accuracy_value', 'NONE');
#723 = CARTESIAN_POINT ( 'NONE',  ( -2.250000000000000000, 0.2399999999999997691, -2.450000000000000622 ) ) ;
#724 = ORIENTED_EDGE ( 'NONE', *, *, #92, .T. ) ;
#725 =( NAMED_UNIT ( * ) SI_UNIT ( $, .STERADIAN. ) SOLID_ANGLE_UNIT ( ) );
#726 = CARTESIAN_POINT ( 'NONE',  ( -1.188333333333333686, 2.000000000000000000, -1.923333333333334227 ) ) ;
#727 =( NAMED_UNIT ( * ) PLANE_ANGLE_UNIT ( ) SI_UNIT ( $, .RADIAN. ) );
#728 = LINE ( 'NONE', #3641, #2093 ) ;
#729 = EDGE_CURVE ( 'NONE', #2627, #3104, #749, .T. ) ;
#730 = PLANE ( 'NONE',  #76 ) ;
#731 = FILL_AREA_STYLE ('',( #1900 ) ) ;
#732 = DIRECTION ( 'NONE',  ( -0.7071067811865454633, 0.000000000000000000, 0.7071067811865495711 ) ) ;
#733 = ORIENTED_EDGE ( 'NONE', *, *, #2219, .F. ) ;
#734 = CARTESIAN_POINT ( 'NONE',  ( -1.797345841757090668, 0.3827213078750212882, 2.123333333333333517 ) ) ;
#735 = ORIENTED_EDGE ( 'NONE', *, *, #2861, .T. ) ;
#736 = CARTESIAN_POINT ( 'NONE',  ( -1.143333333333329316, 2.000000000000000000, 2.450000000000000622 ) ) ;
#737 = ORIENTED_EDGE ( 'NONE', *, *, #329, .F. ) ;
#738 = APPLICATION_PROTOCOL_DEFINITION ( 'draft international standard', 'automotive_design', 1998, #3124 ) ;
#739 = EDGE_LOOP ( 'NONE', ( #497, #407, #3149, #1357 ) ) ;
#740 =( LENGTH_UNIT ( ) NAMED_UNIT ( * ) SI_UNIT ( .MILLI., .METRE. ) );
#741 = CARTESIAN_POINT ( 'NONE',  ( 1.797345841757090668, 0.3827213078750212882, -2.450000000000000622 ) ) ;
#742 = LINE ( 'NONE', #2754, #2988 ) ;
#743 = PRESENTATION_STYLE_ASSIGNMENT (( #790 ) ) ;
#744 = CARTESIAN_POINT ( 'NONE',  ( 2.449999999999998845, 0.2399999999999997691, 2.048333333333334227 ) ) ;
#745 = ORIENTED_EDGE ( 'NONE', *, *, #2755, .F. ) ;
#746 =( LENGTH_UNIT ( ) NAMED_UNIT ( * ) SI_UNIT ( .MILLI., .METRE. ) );
#747 = CARTESIAN_POINT ( 'NONE',  ( 0.000000000000000000, 1.320000000000000062, -2.912069900877995998 ) ) ;
#748 =( NAMED_UNIT ( * ) SI_UNIT ( $, .STERADIAN. ) SOLID_ANGLE_UNIT ( ) );
#749 = CIRCLE ( 'NONE', #128, 1.199999999999999734 ) ;
#750 = UNCERTAINTY_MEASURE_WITH_UNIT (LENGTH_MEASURE( 1.000000000000000082E-05 ), #2504, 'distance_accuracy_value', 'NONE');
#751 = CARTESIAN_POINT ( 'NONE',  ( 2.449999999999998845, 0.2399999999999997691, 2.048333333333334227 ) ) ;
#752 = FILL_AREA_STYLE ('',( #72 ) ) ;
#753 = VERTEX_POINT ( 'NONE', #922 ) ;
#754 = CARTESIAN_POINT ( 'NONE',  ( -1.143333333333329094, 0.6399999999999996803, -2.450000000000000178 ) ) ;
#755 = VECTOR ( 'NONE', #965, 1000.000000000000114 ) ;
#756 = DIRECTION ( 'NONE',  ( -0.7071067811865433539, 0.000000000000000000, 0.7071067811865516806 ) ) ;
#757 = CIRCLE ( 'NONE', #2940, 1.199999999999999734 ) ;
#758 =( GEOMETRIC_REPRESENTATION_CONTEXT ( 3 ) GLOBAL_UNCERTAINTY_ASSIGNED_CONTEXT ( ( #3211 ) ) GLOBAL_UNIT_ASSIGNED_CONTEXT ( ( #2054, #2970, #295 ) ) REPRESENTATION_CONTEXT ( 'NONE', 'WORKASPACE' ) );
#759 = ADVANCED_FACE ( 'NONE', ( #3838 ), #1232, .T. ) ;
#760 =( LENGTH_UNIT ( ) NAMED_UNIT ( * ) SI_UNIT ( .MILLI., .METRE. ) );
#761 = MECHANICAL_DESIGN_GEOMETRIC_PRESENTATION_REPRESENTATION (  '', ( #2329 ), #443 ) ;
#762 = AXIS2_PLACEMENT_3D ( 'NONE', #1549, #2730, #3695 ) ;
#763 =( NAMED_UNIT ( * ) PLANE_ANGLE_UNIT ( ) SI_UNIT ( $, .RADIAN. ) );
#764 = LINE ( 'NONE', #2012, #68 ) ;
#765 = STYLED_ITEM ( 'NONE', ( #1925 ), #3092 ) ;
#766 = PLANE ( 'NONE',  #1068 ) ;
#767 = AXIS2_PLACEMENT_3D ( 'NONE', #476, #3770, #1119 ) ;
#768 = DIRECTION ( 'NONE',  ( 1.000000000000000000, 0.000000000000000000, -0.000000000000000000 ) ) ;
#769 = SURFACE_STYLE_FILL_AREA ( #2604 ) ;
#770 = CARTESIAN_POINT ( 'NONE',  ( 2.250000000000000000, 0.2399999999999997691, -3.716629054470328430 ) ) ;
#771 = CARTESIAN_POINT ( 'NONE',  ( -1.188333333333333686, 1.320000000000000062, -1.188333333333333686 ) ) ;
#772 = COLOUR_RGB ( '',0.2509803921568627416, 0.2509803921568627416, 0.2509803921568627416 ) ;
#773 = DIRECTION ( 'NONE',  ( -0.7071067811865441310, 0.000000000000000000, 0.7071067811865510144 ) ) ;
#774 = DIRECTION ( 'NONE',  ( 0.9537169507482291531, -0.3007057995042662912, -4.570262938950188936E-16 ) ) ;
#775 = ORIENTED_EDGE ( 'NONE', *, *, #2928, .T. ) ;
#776 = SURFACE_STYLE_USAGE ( .BOTH. , #3442 ) ;
#777 = SURFACE_STYLE_FILL_AREA ( #2303 ) ;
#778 = ORIENTED_EDGE ( 'NONE', *, *, #468, .T. ) ;
#779 = SURFACE_STYLE_USAGE ( .BOTH. , #3444 ) ;
#780 = AXIS2_PLACEMENT_3D ( 'NONE', #519, #2282, #3414 ) ;
#781 = DIRECTION ( 'NONE',  ( 0.000000000000000000, 0.000000000000000000, -1.000000000000000000 ) ) ;
#782 = COLOUR_RGB ( '',0.7294117647058823151, 0.3568627450980392246, 0.02352941176470588203 ) ;
#783 = DIRECTION ( 'NONE',  ( 0.000000000000000000, 0.000000000000000000, 1.000000000000000000 ) ) ;
#784 = CARTESIAN_POINT ( 'NONE',  ( -2.912069900877995110, 1.320000000000000062, -1.188333333333334130 ) ) ;
#785 = EDGE_CURVE ( 'NONE', #2108, #948, #3309, .T. ) ;
#786 = DIRECTION ( 'NONE',  ( -0.7071067811865510144, 0.000000000000000000, -0.7071067811865441310 ) ) ;
#787 = LINE ( 'NONE', #447, #3738 ) ;
#788 = LINE ( 'NONE', #2311, #890 ) ;
#789 = SURFACE_STYLE_FILL_AREA ( #814 ) ;
#790 = SURFACE_STYLE_USAGE ( .BOTH. , #3413 ) ;
#791 =( NAMED_UNIT ( * ) SI_UNIT ( $, .STERADIAN. ) SOLID_ANGLE_UNIT ( ) );
#792 = FACE_OUTER_BOUND ( 'NONE', #3759, .T. ) ;
#793 = DIRECTION ( 'NONE',  ( -1.000000000000000000, 0.000000000000000000, 1.896563567030044345E-16 ) ) ;
#794 = CARTESIAN_POINT ( 'NONE',  ( -2.375000000000000444, 0.2399999999999997691, -2.123333333333333073 ) ) ;
#795 = EDGE_CURVE ( 'NONE', #1729, #2572, #1595, .T. ) ;
#796 = DIRECTION ( 'NONE',  ( -0.9537169507482291531, 0.3007057995042662912, 0.000000000000000000 ) ) ;
#797 = UNCERTAINTY_MEASURE_WITH_UNIT (LENGTH_MEASURE( 1.000000000000000082E-05 ), #2975, 'distance_accuracy_value', 'NONE');
#798 = DIRECTION ( 'NONE',  ( -0.9537169507482291531, -0.3007057995042662912, 0.000000000000000000 ) ) ;
#799 = ORIENTED_EDGE ( 'NONE', *, *, #1535, .T. ) ;
#800 = ORIENTED_EDGE ( 'NONE', *, *, #291, .F. ) ;
#801 = DIRECTION ( 'NONE',  ( -1.000000000000000000, -0.000000000000000000, -0.000000000000000000 ) ) ;
#802 = CARTESIAN_POINT ( 'NONE',  ( -2.375000000000000444, 0.6399999999999996803, 2.123333333333333073 ) ) ;
#803 = UNCERTAINTY_MEASURE_WITH_UNIT (LENGTH_MEASURE( 1.000000000000000082E-05 ), #518, 'distance_accuracy_value', 'NONE');
#804 = EDGE_LOOP ( 'NONE', ( #228, #485, #1164, #2207, #3090 ) ) ;
#805 = SURFACE_STYLE_FILL_AREA ( #2083 ) ;
#806 = EDGE_LOOP ( 'NONE', ( #1889, #2907, #2268, #2363 ) ) ;
#807 = PRESENTATION_STYLE_ASSIGNMENT (( #1336 ) ) ;
#808 = CARTESIAN_POINT ( 'NONE',  ( 1.143333333333329094, 0.2694278869620360672, -2.450000000000000622 ) ) ;
#809 = ORIENTED_EDGE ( 'NONE', *, *, #1395, .T. ) ;
#810 = FILL_AREA_STYLE ('',( #3203 ) ) ;
#811 = CARTESIAN_POINT ( 'NONE',  ( -1.188333333333333686, 0.6400000000000000133, 1.923333333333333783 ) ) ;
#812 = ADVANCED_FACE ( 'NONE', ( #636 ), #1318, .T. ) ;
#813 = ADVANCED_FACE ( 'NONE', ( #2173 ), #3115, .T. ) ;
#814 = FILL_AREA_STYLE ('',( #1093 ) ) ;
#815 = LINE ( 'NONE', #2848, #900 ) ;
#816 = LINE ( 'NONE', #744, #3627 ) ;
#817 = SURFACE_STYLE_USAGE ( .BOTH. , #492 ) ;
#818 = EDGE_CURVE ( 'NONE', #640, #2049, #1360, .T. ) ;
#819 = CARTESIAN_POINT ( 'NONE',  ( 1.923333333333333339, 0.6400000000000000133, 1.188333333333333686 ) ) ;
#820 =( LENGTH_UNIT ( ) NAMED_UNIT ( * ) SI_UNIT ( .MILLI., .METRE. ) );
#821 =( NAMED_UNIT ( * ) SI_UNIT ( $, .STERADIAN. ) SOLID_ANGLE_UNIT ( ) );
#822 = PLANE ( 'NONE',  #3266 ) ;
#823 = EDGE_CURVE ( 'NONE', #1299, #465, #2743, .T. ) ;
#824 = ORIENTED_EDGE ( 'NONE', *, *, #3286, .F. ) ;
#825 =( NAMED_UNIT ( * ) SI_UNIT ( $, .STERADIAN. ) SOLID_ANGLE_UNIT ( ) );
#826 = ORIENTED_EDGE ( 'NONE', *, *, #3311, .F. ) ;
#827 = AXIS2_PLACEMENT_3D ( 'NONE', #448, #1133, #2847 ) ;
#828 = DIRECTION ( 'NONE',  ( 0.000000000000000000, 0.000000000000000000, 1.000000000000000000 ) ) ;
#829 = COLOUR_RGB ( '',0.2509803921568627416, 0.2509803921568627416, 0.2509803921568627416 ) ;
#830 = ORIENTED_EDGE ( 'NONE', *, *, #450, .F. ) ;
#831 =( GEOMETRIC_REPRESENTATION_CONTEXT ( 3 ) GLOBAL_UNCERTAINTY_ASSIGNED_CONTEXT ( ( #142 ) ) GLOBAL_UNIT_ASSIGNED_CONTEXT ( ( #1429, #172, #2842 ) ) REPRESENTATION_CONTEXT ( 'NONE', 'WORKASPACE' ) );
#832 = CIRCLE ( 'NONE', #2996, 0.1225000000000006500 ) ;
#833 = STYLED_ITEM ( 'NONE', ( #339 ), #1442 ) ;
#834 =( NAMED_UNIT ( * ) PLANE_ANGLE_UNIT ( ) SI_UNIT ( $, .RADIAN. ) );
#835 = DIRECTION ( 'NONE',  ( 0.000000000000000000, 0.000000000000000000, -1.000000000000000000 ) ) ;
#836 = SURFACE_STYLE_USAGE ( .BOTH. , #2298 ) ;
#837 = CIRCLE ( 'NONE', #3614, 0.5237365675446622459 ) ;
#838 = VECTOR ( 'NONE', #1589, 1000.000000000000000 ) ;
#839 = DIRECTION ( 'NONE',  ( -4.792053801040900923E-16, 0.000000000000000000, -1.000000000000000000 ) ) ;
#840 = EDGE_CURVE ( 'NONE', #2288, #3620, #3699, .T. ) ;
#841 = PRESENTATION_LAYER_ASSIGNMENT (  '', '', ( #2753 ) ) ;
#842 = CARTESIAN_POINT ( 'NONE',  ( 1.188333333333333686, 1.320000000000000062, -2.912069900877995998 ) ) ;
#843 = SURFACE_STYLE_USAGE ( .BOTH. , #1956 ) ;
#844 = SURFACE_STYLE_FILL_AREA ( #2017 ) ;
#845 = VECTOR ( 'NONE', #3329, 1000.000000000000000 ) ;
#846 = CARTESIAN_POINT ( 'NONE',  ( 2.449999999999998845, 0.2399999999999997691, 2.048333333333334227 ) ) ;
#847 =( NAMED_UNIT ( * ) SI_UNIT ( $, .STERADIAN. ) SOLID_ANGLE_UNIT ( ) );
#848 = EDGE_CURVE ( 'NONE', #3173, #3239, #1514, .T. ) ;
#849 = UNCERTAINTY_MEASURE_WITH_UNIT (LENGTH_MEASURE( 1.000000000000000082E-05 ), #2494, 'distance_accuracy_value', 'NONE');
#850 = CARTESIAN_POINT ( 'NONE',  ( 1.649999999999999911, -0.08459999799161091460, 2.123333333333333961 ) ) ;
#851 = EDGE_LOOP ( 'NONE', ( #1435, #2118, #105, #1060 ) ) ;
#852 = ORIENTED_EDGE ( 'NONE', *, *, #2616, .T. ) ;
#853 = VECTOR ( 'NONE', #3608, 1000.000000000000000 ) ;
#854 = ORIENTED_EDGE ( 'NONE', *, *, #418, .F. ) ;
#855 =( LENGTH_UNIT ( ) NAMED_UNIT ( * ) SI_UNIT ( .MILLI., .METRE. ) );
#856 = ORIENTED_EDGE ( 'NONE', *, *, #1934, .F. ) ;
#857 = STYLED_ITEM ( 'NONE', ( #1812 ), #2744 ) ;
#858 = PLANE ( 'NONE',  #2649 ) ;
#859 = ORIENTED_EDGE ( 'NONE', *, *, #2599, .T. ) ;
#860 = DIRECTION ( 'NONE',  ( -0.9537169507482290420, -0.3007057995042664023, 0.000000000000000000 ) ) ;
#861 = PRESENTATION_LAYER_ASSIGNMENT (  '', '', ( #538 ) ) ;
#862 = DIRECTION ( 'NONE',  ( -1.000000000000000000, 0.000000000000000000, 1.896563567030044345E-16 ) ) ;
#863 = CARTESIAN_POINT ( 'NONE',  ( -1.649999999999999911, -0.08459999799161091460, -3.716629054470328430 ) ) ;
#864 = EDGE_CURVE ( 'NONE', #2061, #1444, #2602, .T. ) ;
#865 = SURFACE_SIDE_STYLE ('',( #2072 ) ) ;
#866 = ORIENTED_EDGE ( 'NONE', *, *, #3468, .T. ) ;
#867 = ORIENTED_EDGE ( 'NONE', *, *, #1179, .T. ) ;
#868 = EDGE_CURVE ( 'NONE', #192, #1941, #1951, .T. ) ;
#869 = DIRECTION ( 'NONE',  ( 0.000000000000000000, 0.000000000000000000, -1.000000000000000000 ) ) ;
#870 = PLANE ( 'NONE',  #136 ) ;
#871 = VERTEX_POINT ( 'NONE', #2233 ) ;
#872 = DIRECTION ( 'NONE',  ( -0.9537169507482291531, 0.3007057995042662912, 0.000000000000000000 ) ) ;
#873 = DIRECTION ( 'NONE',  ( -0.3007057995042662912, 0.9537169507482291531, 0.000000000000000000 ) ) ;
#874 =( LENGTH_UNIT ( ) NAMED_UNIT ( * ) SI_UNIT ( .MILLI., .METRE. ) );
#875 = DIRECTION ( 'NONE',  ( 0.7071067811865433539, 0.000000000000000000, -0.7071067811865517916 ) ) ;
#876 = LINE ( 'NONE', #579, #972 ) ;
#877 = LINE ( 'NONE', #2934, #1699 ) ;
#878 = PLANE ( 'NONE',  #3250 ) ;
#879 = LINE ( 'NONE', #1918, #2013 ) ;
#880 =( NAMED_UNIT ( * ) PLANE_ANGLE_UNIT ( ) SI_UNIT ( $, .RADIAN. ) );
#881 = ORIENTED_EDGE ( 'NONE', *, *, #2953, .T. ) ;
#882 = SURFACE_STYLE_USAGE ( .BOTH. , #3546 ) ;
#883 = ORIENTED_EDGE ( 'NONE', *, *, #2210, .T. ) ;
#884 = TOROIDAL_SURFACE ( 'NONE', #1565, 1.723736567544662313, 1.200000000000000178 ) ;
#885 = FACE_OUTER_BOUND ( 'NONE', #2084, .T. ) ;
#886 = EDGE_CURVE ( 'NONE', #2061, #551, #2254, .T. ) ;
#887 = VERTEX_POINT ( 'NONE', #811 ) ;
#888 = VERTEX_POINT ( 'NONE', #158 ) ;
#889 = EDGE_CURVE ( 'NONE', #266, #2327, #2535, .T. ) ;
#890 = VECTOR ( 'NONE', #224, 1000.000000000000000 ) ;
#891 = CARTESIAN_POINT ( 'NONE',  ( -1.502654158242909377, 0.3827213078750212882, -2.450000000000000622 ) ) ;
#892 = DIRECTION ( 'NONE',  ( 0.000000000000000000, 0.000000000000000000, 1.000000000000000000 ) ) ;
#893 = UNCERTAINTY_MEASURE_WITH_UNIT (LENGTH_MEASURE( 1.000000000000000082E-05 ), #3784, 'distance_accuracy_value', 'NONE');
#894 = CIRCLE ( 'NONE', #1891, 0.1224999999999999978 ) ;
#895 = FILL_AREA_STYLE_COLOUR ( '', #2510 ) ;
#896 = DIRECTION ( 'NONE',  ( 1.626303258728257045E-15, -1.000000000000000000, 0.000000000000000000 ) ) ;
#897 =( GEOMETRIC_REPRESENTATION_CONTEXT ( 3 ) GLOBAL_UNCERTAINTY_ASSIGNED_CONTEXT ( ( #1479 ) ) GLOBAL_UNIT_ASSIGNED_CONTEXT ( ( #19, #3550, #2409 ) ) REPRESENTATION_CONTEXT ( 'NONE', 'WORKASPACE' ) );
#898 = DIRECTION ( 'NONE',  ( -0.7071067811865517916, 0.000000000000000000, -0.7071067811865433539 ) ) ;
#899 = CARTESIAN_POINT ( 'NONE',  ( 0.000000000000000000, 1.320000000000000062, -2.912069900877995998 ) ) ;
#900 = VECTOR ( 'NONE', #1742, 999.9999999999998863 ) ;
#901 = DIRECTION ( 'NONE',  ( 1.000000000000000000, 0.000000000000000000, 0.000000000000000000 ) ) ;
#902 = AXIS2_PLACEMENT_3D ( 'NONE', #891, #2090, #872 ) ;
#903 =( NAMED_UNIT ( * ) SI_UNIT ( $, .STERADIAN. ) SOLID_ANGLE_UNIT ( ) );
#904 = FILL_AREA_STYLE ('',( #317 ) ) ;
#905 = VERTEX_POINT ( 'NONE', #2549 ) ;
#906 = ORIENTED_EDGE ( 'NONE', *, *, #3335, .T. ) ;
#907 =( NAMED_UNIT ( * ) PLANE_ANGLE_UNIT ( ) SI_UNIT ( $, .RADIAN. ) );
#908 = ORIENTED_EDGE ( 'NONE', *, *, #647, .T. ) ;
#909 = VECTOR ( 'NONE', #593, 1000.000000000000000 ) ;
#910 = DIRECTION ( 'NONE',  ( 0.000000000000000000, 1.000000000000000000, 0.000000000000000000 ) ) ;
#911 = CARTESIAN_POINT ( 'NONE',  ( -1.188333333333333686, 1.320000000000000062, -2.912069900877995998 ) ) ;
#912 = CARTESIAN_POINT ( 'NONE',  ( 2.912069900877995110, 1.320000000000000062, 1.188333333333333686 ) ) ;
#913 = ORIENTED_EDGE ( 'NONE', *, *, #1254, .F. ) ;
#914 = EDGE_CURVE ( 'NONE', #948, #2790, #196, .T. ) ;
#915 =( GEOMETRIC_REPRESENTATION_CONTEXT ( 3 ) GLOBAL_UNCERTAINTY_ASSIGNED_CONTEXT ( ( #1703 ) ) GLOBAL_UNIT_ASSIGNED_CONTEXT ( ( #1417, #3212, #2287 ) ) REPRESENTATION_CONTEXT ( 'NONE', 'WORKASPACE' ) );
#916 = PRESENTATION_LAYER_ASSIGNMENT (  '', '', ( #2646 ) ) ;
#917 = CARTESIAN_POINT ( 'NONE',  ( 1.649999999999999911, -0.08459999799161091460, -3.716629054470328430 ) ) ;
#918 = VECTOR ( 'NONE', #2169, 1000.000000000000000 ) ;
#919 = FILL_AREA_STYLE ('',( #259 ) ) ;
#920 = CARTESIAN_POINT ( 'NONE',  ( -1.143333333333329094, -2.168404344971008868E-16, -2.450000000000000178 ) ) ;
#921 =( GEOMETRIC_REPRESENTATION_CONTEXT ( 3 ) GLOBAL_UNCERTAINTY_ASSIGNED_CONTEXT ( ( #2322 ) ) GLOBAL_UNIT_ASSIGNED_CONTEXT ( ( #97, #3366, #697 ) ) REPRESENTATION_CONTEXT ( 'NONE', 'WORKASPACE' ) );
#922 = CARTESIAN_POINT ( 'NONE',  ( 1.502654158242909377, 0.3827213078750212882, -2.123333333333333961 ) ) ;
#923 = SURFACE_STYLE_FILL_AREA ( #12 ) ;
#924 = PLANE ( 'NONE',  #2583 ) ;
#925 = VERTEX_POINT ( 'NONE', #2895 ) ;
#926 = ORIENTED_EDGE ( 'NONE', *, *, #2619, .F. ) ;
#927 = FILL_AREA_STYLE ('',( #2406 ) ) ;
#928 = EDGE_CURVE ( 'NONE', #2006, #551, #764, .T. ) ;
#929 = ORIENTED_EDGE ( 'NONE', *, *, #3632, .T. ) ;
#930 = DIRECTION ( 'NONE',  ( 0.000000000000000000, 0.000000000000000000, 1.000000000000000000 ) ) ;
#931 = CARTESIAN_POINT ( 'NONE',  ( 0.000000000000000000, 2.000000000000000000, 0.000000000000000000 ) ) ;
#932 = ORIENTED_EDGE ( 'NONE', *, *, #2161, .T. ) ;
#933 = SURFACE_STYLE_USAGE ( .BOTH. , #278 ) ;
#934 = LINE ( 'NONE', #3823, #1285 ) ;
#935 = PRESENTATION_STYLE_ASSIGNMENT (( #1205 ) ) ;
#936 = FILL_AREA_STYLE ('',( #2987 ) ) ;
#937 = FACE_OUTER_BOUND ( 'NONE', #806, .T. ) ;
#938 = CARTESIAN_POINT ( 'NONE',  ( 1.188333333333333686, 2.000000000000000000, -1.923333333333334005 ) ) ;
#939 = DIRECTION ( 'NONE',  ( -1.000000000000000000, -0.000000000000000000, -0.000000000000000000 ) ) ;
#940 = EDGE_CURVE ( 'NONE', #888, #2808, #506, .T. ) ;
#941 = EDGE_LOOP ( 'NONE', ( #645, #800, #212 ) ) ;
#942 = CARTESIAN_POINT ( 'NONE',  ( -1.143333333333329316, 0.2399999999999997691, 2.450000000000000622 ) ) ;
#943 = ORIENTED_EDGE ( 'NONE', *, *, #3704, .F. ) ;
#944 = SURFACE_STYLE_USAGE ( .BOTH. , #1879 ) ;
#945 = FILL_AREA_STYLE_COLOUR ( '', #2522 ) ;
#946 = FILL_AREA_STYLE_COLOUR ( '', #201 ) ;
#947 = CARTESIAN_POINT ( 'NONE',  ( 1.469999999999999973, -2.168404344971008868E-16, 2.123333333333333961 ) ) ;
#948 = VERTEX_POINT ( 'NONE', #1091 ) ;
#949 = AXIS2_PLACEMENT_3D ( 'NONE', #1892, #365, #3064 ) ;
#950 = CARTESIAN_POINT ( 'NONE',  ( -2.255188229341463124, 0.6199943890825601045, 2.123333333333333073 ) ) ;
#951 = SURFACE_STYLE_USAGE ( .BOTH. , #309 ) ;
#952 = CLOSED_SHELL ( 'NONE', ( #1919, #181, #664, #3400, #2536, #1670, #1920, #3758 ) ) ;
#953 = STYLED_ITEM ( 'NONE', ( #156 ), #1007 ) ;
#954 = MECHANICAL_DESIGN_GEOMETRIC_PRESENTATION_REPRESENTATION (  '', ( #1260 ), #1461 ) ;
#955 = PRESENTATION_STYLE_ASSIGNMENT (( #1824 ) ) ;
#956 = AXIS2_PLACEMENT_3D ( 'NONE', #2888, #3792, #2906 ) ;
#957 = CIRCLE ( 'NONE', #2333, 0.8699999999999996625 ) ;
#958 =( LENGTH_UNIT ( ) NAMED_UNIT ( * ) SI_UNIT ( .MILLI., .METRE. ) );
#959 = FILL_AREA_STYLE_COLOUR ( '', #3202 ) ;
#960 = CARTESIAN_POINT ( 'NONE',  ( -1.523516083656995646, 0.7462405620812508911, 1.857765667866996040 ) ) ;
#961 = VECTOR ( 'NONE', #1911, 1000.000000000000000 ) ;
#962 = PRESENTATION_LAYER_ASSIGNMENT (  '', '', ( #3372 ) ) ;
#963 = AXIS2_PLACEMENT_3D ( 'NONE', #507, #1647, #783 ) ;
#964 = EDGE_CURVE ( 'NONE', #3405, #171, #788, .T. ) ;
#965 = DIRECTION ( 'NONE',  ( -0.6901619708141997211, 0.2176072335280440917, -0.6901619708141929488 ) ) ;
#966 = PRESENTATION_STYLE_ASSIGNMENT (( #373 ) ) ;
#967 = PRESENTATION_LAYER_ASSIGNMENT (  '', '', ( #2948 ) ) ;
#968 = ORIENTED_EDGE ( 'NONE', *, *, #2924, .T. ) ;
#969 = ORIENTED_EDGE ( 'NONE', *, *, #3020, .F. ) ;
#970 = AXIS2_PLACEMENT_3D ( 'NONE', #3686, #113, #66 ) ;
#971 = AXIS2_PLACEMENT_3D ( 'NONE', #422, #1244, #3638 ) ;
#972 = VECTOR ( 'NONE', #2058, 1000.000000000000000 ) ;
#973 = VECTOR ( 'NONE', #88, 1000.000000000000000 ) ;
#974 = SURFACE_STYLE_USAGE ( .BOTH. , #3302 ) ;
#975 = ORIENTED_EDGE ( 'NONE', *, *, #964, .T. ) ;
#976 = SPHERICAL_SURFACE ( 'NONE', #648, 0.1225000000000000255 ) ;
#977 =( NAMED_UNIT ( * ) SI_UNIT ( $, .STERADIAN. ) SOLID_ANGLE_UNIT ( ) );
#978 = LINE ( 'NONE', #2538, #496 ) ;
#979 = SURFACE_SIDE_STYLE ('',( #3624 ) ) ;
#980 = SURFACE_STYLE_FILL_AREA ( #1922 ) ;
#981 = ORIENTED_EDGE ( 'NONE', *, *, #3217, .T. ) ;
#982 = VECTOR ( 'NONE', #3315, 1000.000000000000000 ) ;
#983 =( LENGTH_UNIT ( ) NAMED_UNIT ( * ) SI_UNIT ( .MILLI., .METRE. ) );
#984 = CARTESIAN_POINT ( 'NONE',  ( 0.000000000000000000, 0.2399999999999997691, 0.000000000000000000 ) ) ;
#985 = DIRECTION ( 'NONE',  ( 0.000000000000000000, 1.000000000000000000, 0.000000000000000000 ) ) ;
#986 = ORIENTED_EDGE ( 'NONE', *, *, #1944, .T. ) ;
#987 = ADVANCED_FACE ( 'NONE', ( #1996 ), #3156, .T. ) ;
#988 = EDGE_CURVE ( 'NONE', #2776, #375, #2291, .T. ) ;
#989 = SURFACE_STYLE_FILL_AREA ( #2478 ) ;
#990 = UNCERTAINTY_MEASURE_WITH_UNIT (LENGTH_MEASURE( 1.000000000000000082E-05 ), #2450, 'distance_accuracy_value', 'NONE');
#991 = EDGE_CURVE ( 'NONE', #480, #232, #2802, .T. ) ;
#992 = LINE ( 'NONE', #383, #918 ) ;
#993 = ORIENTED_EDGE ( 'NONE', *, *, #1221, .F. ) ;
#994 = VERTEX_POINT ( 'NONE', #736 ) ;
#995 = LINE ( 'NONE', #2431, #3055 ) ;
#996 = SURFACE_STYLE_USAGE ( .BOTH. , #3010 ) ;
#997 = CARTESIAN_POINT ( 'NONE',  ( 0.000000000000000000, 0.2399999999999997691, 0.000000000000000000 ) ) ;
#998 = PLANE ( 'NONE',  #2443 ) ;
#999 = SURFACE_STYLE_FILL_AREA ( #3657 ) ;
#1000 =( NAMED_UNIT ( * ) PLANE_ANGLE_UNIT ( ) SI_UNIT ( $, .RADIAN. ) );
#1001 = DIRECTION ( 'NONE',  ( 1.000000000000000000, 0.000000000000000000, 0.000000000000000000 ) ) ;
#1002 = UNCERTAINTY_MEASURE_WITH_UNIT (LENGTH_MEASURE( 1.000000000000000082E-05 ), #2558, 'distance_accuracy_value', 'NONE');
#1003 = SURFACE_STYLE_USAGE ( .BOTH. , #661 ) ;
#1004 = SURFACE_SIDE_STYLE ('',( #1022 ) ) ;
#1005 = ORIENTED_EDGE ( 'NONE', *, *, #592, .F. ) ;
#1006 = DIRECTION ( 'NONE',  ( -1.779812047855822465E-16, -0.000000000000000000, -1.000000000000000000 ) ) ;
#1007 = ADVANCED_FACE ( 'NONE', ( #1943 ), #3369, .F. ) ;
#1008 = MECHANICAL_DESIGN_GEOMETRIC_PRESENTATION_REPRESENTATION (  '', ( #1378 ), #2375 ) ;
#1009 = LINE ( 'NONE', #1255, #2109 ) ;
#1010 = ORIENTED_EDGE ( 'NONE', *, *, #1890, .F. ) ;
#1011 = ORIENTED_EDGE ( 'NONE', *, *, #712, .T. ) ;
#1012 =( NAMED_UNIT ( * ) SI_UNIT ( $, .STERADIAN. ) SOLID_ANGLE_UNIT ( ) );
#1013 = SURFACE_STYLE_USAGE ( .BOTH. , #3651 ) ;
#1014 = STYLED_ITEM ( 'NONE', ( #1246 ), #812 ) ;
#1015 = DIRECTION ( 'NONE',  ( 1.000000000000000000, -0.000000000000000000, -0.000000000000000000 ) ) ;
#1016 = PRESENTATION_LAYER_ASSIGNMENT (  '', '', ( #502 ) ) ;
#1017 = CARTESIAN_POINT ( 'NONE',  ( -1.469999999999999973, -2.168404344971008868E-16, -2.123333333333333517 ) ) ;
#1018 = FILL_AREA_STYLE_COLOUR ( '', #1197 ) ;
#1019 = PLANE ( 'NONE',  #3677 ) ;
#1020 = PRESENTATION_LAYER_ASSIGNMENT (  '', '', ( #2687 ) ) ;
#1021 = DIRECTION ( 'NONE',  ( -1.779812047855822465E-16, -0.000000000000000000, -1.000000000000000000 ) ) ;
#1022 = SURFACE_STYLE_FILL_AREA ( #3643 ) ;
#1023 = ORIENTED_EDGE ( 'NONE', *, *, #3288, .T. ) ;
#1024 = STYLED_ITEM ( 'NONE', ( #3717 ), #3556 ) ;
#1025 = STYLED_ITEM ( 'NONE', ( #1086 ), #395 ) ;
#1026 = VECTOR ( 'NONE', #403, 1000.000000000000000 ) ;
#1027 = VECTOR ( 'NONE', #562, 1000.000000000000114 ) ;
#1028 =( LENGTH_UNIT ( ) NAMED_UNIT ( * ) SI_UNIT ( .MILLI., .METRE. ) );
#1029 = AXIS2_PLACEMENT_3D ( 'NONE', #2943, #2411, #2366 ) ;
#1030 = STYLED_ITEM ( 'NONE', ( #2357 ), #3254 ) ;
#1031 = FACE_OUTER_BOUND ( 'NONE', #3828, .T. ) ;
#1032 = ORIENTED_EDGE ( 'NONE', *, *, #886, .F. ) ;
#1033 = CARTESIAN_POINT ( 'NONE',  ( 1.143333333333329094, 2.000000000000000000, -2.450000000000000622 ) ) ;
#1034 = EDGE_CURVE ( 'NONE', #2742, #1148, #3152, .T. ) ;
#1035 = DIRECTION ( 'NONE',  ( 0.000000000000000000, 0.000000000000000000, 1.000000000000000000 ) ) ;
#1036 = DIRECTION ( 'NONE',  ( 0.000000000000000000, 1.000000000000000000, 0.000000000000000000 ) ) ;
#1037 = CARTESIAN_POINT ( 'NONE',  ( 2.375000000000000444, 0.6399999999999996803, 2.123333333333333517 ) ) ;
#1038 = AXIS2_PLACEMENT_3D ( 'NONE', #1069, #1696, #202 ) ;
#1039 = CARTESIAN_POINT ( 'NONE',  ( -1.188333333333333686, 0.6399999999999996803, -1.188333333333333686 ) ) ;
#1040 = SURFACE_STYLE_FILL_AREA ( #731 ) ;
#1041 = COLOUR_RGB ( '',0.2509803921568627416, 0.2509803921568627416, 0.2509803921568627416 ) ;
#1042 = UNCERTAINTY_MEASURE_WITH_UNIT (LENGTH_MEASURE( 1.000000000000000082E-05 ), #1111, 'distance_accuracy_value', 'NONE');
#1043 = ADVANCED_FACE ( 'NONE', ( #2859 ), #878, .T. ) ;
#1044 = ORIENTED_EDGE ( 'NONE', *, *, #2733, .F. ) ;
#1045 = ORIENTED_EDGE ( 'NONE', *, *, #2637, .T. ) ;
#1046 = LINE ( 'NONE', #3407, #3261 ) ;
#1047 = FILL_AREA_STYLE_COLOUR ( '', #1041 ) ;
#1048 = ORIENTED_EDGE ( 'NONE', *, *, #3780, .T. ) ;
#1049 = CARTESIAN_POINT ( 'NONE',  ( -1.649999999999999911, 0.8699999999999994404, -2.123333333333333517 ) ) ;
#1050 = PRESENTATION_STYLE_ASSIGNMENT (( #1174 ) ) ;
#1051 = CARTESIAN_POINT ( 'NONE',  ( 1.143333333333329094, 0.1627596668112848421, -2.450000000000000622 ) ) ;
#1052 = ORIENTED_EDGE ( 'NONE', *, *, #2317, .F. ) ;
#1053 = DIRECTION ( 'NONE',  ( 0.000000000000000000, 0.000000000000000000, 1.000000000000000000 ) ) ;
#1054 = DIRECTION ( 'NONE',  ( 1.000000000000000000, 0.000000000000000000, 0.000000000000000000 ) ) ;
#1055 = ADVANCED_FACE ( 'NONE', ( #1098 ), #525, .T. ) ;
#1056 = CARTESIAN_POINT ( 'NONE',  ( 1.469999999999999973, 0.2399999999999997691, -2.123333333333333961 ) ) ;
#1057 = PRESENTATION_STYLE_ASSIGNMENT (( #1387 ) ) ;
#1058 = ORIENTED_EDGE ( 'NONE', *, *, #1528, .F. ) ;
#1059 = PRESENTATION_STYLE_ASSIGNMENT (( #2181 ) ) ;
#1060 = ORIENTED_EDGE ( 'NONE', *, *, #3463, .T. ) ;
#1061 =( NAMED_UNIT ( * ) PLANE_ANGLE_UNIT ( ) SI_UNIT ( $, .RADIAN. ) );
#1062 = VERTEX_POINT ( 'NONE', #2285 ) ;
#1063 =( NAMED_UNIT ( * ) PLANE_ANGLE_UNIT ( ) SI_UNIT ( $, .RADIAN. ) );
#1064 = DIRECTION ( 'NONE',  ( -1.000000000000000000, 0.000000000000000000, 0.000000000000000000 ) ) ;
#1065 = ORIENTED_EDGE ( 'NONE', *, *, #2161, .F. ) ;
#1066 = DIRECTION ( 'NONE',  ( 1.000000000000000000, -0.000000000000000000, -0.000000000000000000 ) ) ;
#1067 = DIRECTION ( 'NONE',  ( -0.9537169507482291531, -0.3007057995042662912, 4.570262938950188936E-16 ) ) ;
#1068 = AXIS2_PLACEMENT_3D ( 'NONE', #200, #839, #1408 ) ;
#1069 = CARTESIAN_POINT ( 'NONE',  ( 1.592499999999998472, 0.6399999999999996803, 2.123333333333334405 ) ) ;
#1070 = CARTESIAN_POINT ( 'NONE',  ( -1.714999999999999858, 0.2399999999999998246, 2.123333333333334405 ) ) ;
#1071 = CARTESIAN_POINT ( 'NONE',  ( -1.143333333333329316, 0.6399999999999996803, 2.450000000000000622 ) ) ;
#1072 = COLOUR_RGB ( '',0.2509803921568627416, 0.2509803921568627416, 0.2509803921568627416 ) ;
#1073 = PLANE ( 'NONE',  #3363 ) ;
#1074 = CARTESIAN_POINT ( 'NONE',  ( -1.540530702727290091, 0.4636948101769032271, -2.123333333333333517 ) ) ;
#1075 = AXIS2_PLACEMENT_3D ( 'NONE', #3141, #3411, #2830 ) ;
#1076 = UNCERTAINTY_MEASURE_WITH_UNIT (LENGTH_MEASURE( 1.000000000000000082E-05 ), #696, 'distance_accuracy_value', 'NONE');
#1077 = CARTESIAN_POINT ( 'NONE',  ( -1.923333333333334005, 0.6400000000000000133, 1.188333333333333686 ) ) ;
#1078 = ORIENTED_EDGE ( 'NONE', *, *, #864, .F. ) ;
#1079 = FILL_AREA_STYLE ('',( #3150 ) ) ;
#1080 = TOROIDAL_SURFACE ( 'NONE', #3248, 1.723736567544661424, 1.200000000000000178 ) ;
#1081 = EDGE_LOOP ( 'NONE', ( #1147, #1052, #1388, #498, #1248, #406, #1440, #3215, #1669 ) ) ;
#1082 = EDGE_CURVE ( 'NONE', #2615, #164, #1727, .T. ) ;
#1083 = AXIS2_PLACEMENT_3D ( 'NONE', #1103, #1709, #2270 ) ;
#1084 = CARTESIAN_POINT ( 'NONE',  ( -1.138913728578847984, 0.2680343909356244780, -2.454419604754481732 ) ) ;
#1085 = TOROIDAL_SURFACE ( 'NONE', #1834, 1.723736567544662313, 1.200000000000000178 ) ;
#1086 = PRESENTATION_STYLE_ASSIGNMENT (( #404 ) ) ;
#1087 = STYLED_ITEM ( 'NONE', ( #2728 ), #3678 ) ;
#1088 = AXIS2_PLACEMENT_3D ( 'NONE', #3833, #3241, #1198 ) ;
#1089 =( GEOMETRIC_REPRESENTATION_CONTEXT ( 3 ) GLOBAL_UNCERTAINTY_ASSIGNED_CONTEXT ( ( #397 ) ) GLOBAL_UNIT_ASSIGNED_CONTEXT ( ( #760, #1063, #2561 ) ) REPRESENTATION_CONTEXT ( 'NONE', 'WORKASPACE' ) );
#1090 =( NAMED_UNIT ( * ) PLANE_ANGLE_UNIT ( ) SI_UNIT ( $, .RADIAN. ) );
#1091 = CARTESIAN_POINT ( 'NONE',  ( 1.502654158242909377, 0.3827213078750212882, 2.123333333333333961 ) ) ;
#1092 = VECTOR ( 'NONE', #2683, 1000.000000000000000 ) ;
#1093 = FILL_AREA_STYLE_COLOUR ( '', #2312 ) ;
#1094 = CARTESIAN_POINT ( 'NONE',  ( 1.469999999999996421, 0.6400000000000000133, 1.923333333333333339 ) ) ;
#1095 = DIRECTION ( 'NONE',  ( -0.000000000000000000, -0.000000000000000000, 1.000000000000000000 ) ) ;
#1096 = CARTESIAN_POINT ( 'NONE',  ( -1.712069900877995154, 1.320000000000000062, -1.188333333333333686 ) ) ;
#1097 = STYLED_ITEM ( 'NONE', ( #2001 ), #2116 ) ;
#1098 = FACE_OUTER_BOUND ( 'NONE', #3547, .T. ) ;
#1099 = ORIENTED_EDGE ( 'NONE', *, *, #1426, .T. ) ;
#1100 = COLOUR_RGB ( '',0.2509803921568627416, 0.2509803921568627416, 0.2509803921568627416 ) ;
#1101 = FACE_OUTER_BOUND ( 'NONE', #941, .T. ) ;
#1102 = EDGE_LOOP ( 'NONE', ( #2946, #2265, #859, #1767 ) ) ;
#1103 = CARTESIAN_POINT ( 'NONE',  ( -1.469999999999999973, 2.000000000000000000, -2.123333333333333517 ) ) ;
#1104 = AXIS2_PLACEMENT_3D ( 'NONE', #2480, #3634, #56 ) ;
#1105 = DIRECTION ( 'NONE',  ( -1.000000000000000000, -0.000000000000000000, -0.000000000000000000 ) ) ;
#1106 = ADVANCED_FACE ( 'NONE', ( #2344 ), #1161, .F. ) ;
#1107 = EDGE_CURVE ( 'NONE', #1526, #3566, #1561, .T. ) ;
#1108 = PRESENTATION_STYLE_ASSIGNMENT (( #272 ) ) ;
#1109 = EDGE_LOOP ( 'NONE', ( #433, #1587, #2166, #3341 ) ) ;
#1110 = MECHANICAL_DESIGN_GEOMETRIC_PRESENTATION_REPRESENTATION (  '', ( #2966 ), #1352 ) ;
#1111 =( LENGTH_UNIT ( ) NAMED_UNIT ( * ) SI_UNIT ( .MILLI., .METRE. ) );
#1112 =( BOUNDED_CURVE ( )  B_SPLINE_CURVE ( 3, ( #2520, #1292, #3388, #1369 ),
 .UNSPECIFIED., .F., .F. ) 
 B_SPLINE_CURVE_WITH_KNOTS ( ( 4, 4 ),
 ( 4.090741181735248588, 4.503987173792942222 ),
 .UNSPECIFIED. ) 
 CURVE ( )  GEOMETRIC_REPRESENTATION_ITEM ( )  RATIONAL_B_SPLINE_CURVE ( ( 1.000000000000000000, 0.9858195376617000516, 0.9858195376617000516, 1.000000000000000000 ) ) 
 REPRESENTATION_ITEM ( '' )  );
#1113 = EDGE_CURVE ( 'NONE', #3274, #2922, #675, .T. ) ;
#1114 =( NAMED_UNIT ( * ) SI_UNIT ( $, .STERADIAN. ) SOLID_ANGLE_UNIT ( ) );
#1115 = CARTESIAN_POINT ( 'NONE',  ( 2.363697002768062827, 0.2041514727280599462, -2.123333333333333517 ) ) ;
#1116 = EDGE_CURVE ( 'NONE', #3827, #2572, #304, .T. ) ;
#1117 = SURFACE_STYLE_FILL_AREA ( #3739 ) ;
#1118 =( LENGTH_UNIT ( ) NAMED_UNIT ( * ) SI_UNIT ( .MILLI., .METRE. ) );
#1119 = DIRECTION ( 'NONE',  ( -1.000000000000000000, -2.212657494868376441E-16, 0.000000000000000000 ) ) ;
#1120 = UNCERTAINTY_MEASURE_WITH_UNIT (LENGTH_MEASURE( 1.000000000000000082E-05 ), #1509, 'distance_accuracy_value', 'NONE');
#1121 = DIRECTION ( 'NONE',  ( 1.000000000000000000, 0.000000000000000000, 0.000000000000000000 ) ) ;
#1122 = EDGE_LOOP ( 'NONE', ( #1863, #3350, #1524, #2882, #2407 ) ) ;
#1123 = UNCERTAINTY_MEASURE_WITH_UNIT (LENGTH_MEASURE( 1.000000000000000082E-05 ), #1326, 'distance_accuracy_value', 'NONE');
#1124 = VERTEX_POINT ( 'NONE', #1544 ) ;
#1125 = SURFACE_SIDE_STYLE ('',( #2885 ) ) ;
#1126 = CARTESIAN_POINT ( 'NONE',  ( -2.374999999999999112, 2.000000000000000000, -1.218333333333331270 ) ) ;
#1127 = UNCERTAINTY_MEASURE_WITH_UNIT (LENGTH_MEASURE( 1.000000000000000082E-05 ), #3082, 'distance_accuracy_value', 'NONE');
#1128 = VERTEX_POINT ( 'NONE', #2995 ) ;
#1129 = CARTESIAN_POINT ( 'NONE',  ( -1.143333333333329316, 0.2694278869620362338, 2.450000000000000622 ) ) ;
#1130 = ADVANCED_FACE ( 'NONE', ( #1808 ), #2685, .T. ) ;
#1131 = FILL_AREA_STYLE_COLOUR ( '', #2349 ) ;
#1132 = CARTESIAN_POINT ( 'NONE',  ( -2.449999999999998845, 0.2399999999999997691, 2.048333333333333783 ) ) ;
#1133 = DIRECTION ( 'NONE',  ( -0.7071067811865433539, 0.000000000000000000, -0.7071067811865517916 ) ) ;
#1134 = EDGE_CURVE ( 'NONE', #3590, #2514, #1527, .T. ) ;
#1135 = PRESENTATION_STYLE_ASSIGNMENT (( #2652 ) ) ;
#1136 = DIRECTION ( 'NONE',  ( 1.000000000000000000, -5.338036206369958087E-15, 8.850629979473505765E-16 ) ) ;
#1137 =( NAMED_UNIT ( * ) PLANE_ANGLE_UNIT ( ) SI_UNIT ( $, .RADIAN. ) );
#1138 = DIRECTION ( 'NONE',  ( -1.000000000000000000, -1.770125995894701153E-15, 0.000000000000000000 ) ) ;
#1139 = CARTESIAN_POINT ( 'NONE',  ( 2.375000000000000444, 0.6399999999999996803, 2.123333333333333517 ) ) ;
#1140 = STYLED_ITEM ( 'NONE', ( #1185 ), #607 ) ;
#1141 = ORIENTED_EDGE ( 'NONE', *, *, #1082, .T. ) ;
#1142 = DIRECTION ( 'NONE',  ( -1.000000000000000000, 0.000000000000000000, 4.792053801040901909E-16 ) ) ;
#1143 = ORIENTED_EDGE ( 'NONE', *, *, #1596, .F. ) ;
#1144 = STYLED_ITEM ( 'NONE', ( #2418 ), #759 ) ;
#1145 = DIRECTION ( 'NONE',  ( 0.000000000000000000, 1.000000000000000000, 0.000000000000000000 ) ) ;
#1146 = PRESENTATION_LAYER_ASSIGNMENT (  '', '', ( #1256 ) ) ;
#1147 = ORIENTED_EDGE ( 'NONE', *, *, #2924, .F. ) ;
#1148 = VERTEX_POINT ( 'NONE', #1847 ) ;
#1149 = COLOUR_RGB ( '',0.2509803921568627416, 0.2509803921568627416, 0.2509803921568627416 ) ;
#1150 = MECHANICAL_DESIGN_GEOMETRIC_PRESENTATION_REPRESENTATION (  '', ( #15 ), #2326 ) ;
#1151 = MECHANICAL_DESIGN_GEOMETRIC_PRESENTATION_REPRESENTATION (  '', ( #367 ), #3317 ) ;
#1152 = EDGE_CURVE ( 'NONE', #3626, #2808, #3015, .T. ) ;
#1153 =( GEOMETRIC_REPRESENTATION_CONTEXT ( 3 ) GLOBAL_UNCERTAINTY_ASSIGNED_CONTEXT ( ( #1869 ) ) GLOBAL_UNIT_ASSIGNED_CONTEXT ( ( #1118, #226, #1446 ) ) REPRESENTATION_CONTEXT ( 'NONE', 'WORKASPACE' ) );
#1154 = PLANE ( 'NONE',  #3318 ) ;
#1155 = AXIS2_PLACEMENT_3D ( 'NONE', #2745, #55, #380 ) ;
#1156 = DIRECTION ( 'NONE',  ( -0.000000000000000000, -0.000000000000000000, 1.000000000000000000 ) ) ;
#1157 = DIRECTION ( 'NONE',  ( -0.9537169507482291531, -0.3007057995042662912, 1.808784822048078497E-16 ) ) ;
#1158 = ADVANCED_FACE ( 'NONE', ( #1237 ), #2424, .F. ) ;
#1159 = CARTESIAN_POINT ( 'NONE',  ( 1.050000000000000266, 0.2399999999999995470, -3.716629054470328430 ) ) ;
#1160 = PRESENTATION_STYLE_ASSIGNMENT (( #1188 ) ) ;
#1161 = PLANE ( 'NONE',  #2188 ) ;
#1162 = EDGE_LOOP ( 'NONE', ( #134, #392, #1942, #1705, #2107, #150 ) ) ;
#1163 = SURFACE_SIDE_STYLE ('',( #3809 ) ) ;
#1164 = ORIENTED_EDGE ( 'NONE', *, *, #570, .T. ) ;
#1165 = CIRCLE ( 'NONE', #1854, 0.7350000000000003197 ) ;
#1166 = UNCERTAINTY_MEASURE_WITH_UNIT (LENGTH_MEASURE( 1.000000000000000082E-05 ), #3713, 'distance_accuracy_value', 'NONE');
#1167 = SURFACE_STYLE_FILL_AREA ( #3813 ) ;
#1168 = EDGE_LOOP ( 'NONE', ( #2690, #1044, #3664, #14 ) ) ;
#1169 = COLOUR_RGB ( '',0.2509803921568627416, 0.2509803921568627416, 0.2509803921568627416 ) ;
#1170 = CARTESIAN_POINT ( 'NONE',  ( -1.188333333333333686, 1.320000000000000062, -2.912069900877995998 ) ) ;
#1171 =( NAMED_UNIT ( * ) PLANE_ANGLE_UNIT ( ) SI_UNIT ( $, .RADIAN. ) );
#1172 = CARTESIAN_POINT ( 'NONE',  ( -1.592500000000000027, 0.6399999999999996803, 2.123333333333334405 ) ) ;
#1173 = DIRECTION ( 'NONE',  ( -1.000000000000000000, -0.000000000000000000, -0.000000000000000000 ) ) ;
#1174 = SURFACE_STYLE_USAGE ( .BOTH. , #558 ) ;
#1175 = DIRECTION ( 'NONE',  ( 0.9537169507482290420, 0.3007057995042664023, -4.570262938950188936E-16 ) ) ;
#1176 = ORIENTED_EDGE ( 'NONE', *, *, #1508, .T. ) ;
#1177 = CARTESIAN_POINT ( 'NONE',  ( -1.557169781250129281, 0.7623693341074988528, 1.849503167939498871 ) ) ;
#1178 = VERTEX_POINT ( 'NONE', #1898 ) ;
#1179 = EDGE_CURVE ( 'NONE', #164, #480, #2779, .T. ) ;
#1180 = EDGE_LOOP ( 'NONE', ( #2968, #3675, #2979, #3532 ) ) ;
#1181 =( NAMED_UNIT ( * ) SI_UNIT ( $, .STERADIAN. ) SOLID_ANGLE_UNIT ( ) );
#1182 = ORIENTED_EDGE ( 'NONE', *, *, #1152, .F. ) ;
#1183 = DIRECTION ( 'NONE',  ( 0.000000000000000000, 0.000000000000000000, -1.000000000000000000 ) ) ;
#1184 = FACE_OUTER_BOUND ( 'NONE', #3492, .T. ) ;
#1185 = PRESENTATION_STYLE_ASSIGNMENT (( #3594 ) ) ;
#1186 = CARTESIAN_POINT ( 'NONE',  ( -2.250000000000000000, 0.2399999999999997691, 2.123333333333332629 ) ) ;
#1187 = CARTESIAN_POINT ( 'NONE',  ( -1.714999999999999414, 0.6399999999999996803, 1.673333333333334227 ) ) ;
#1188 = SURFACE_STYLE_USAGE ( .BOTH. , #865 ) ;
#1189 = DIRECTION ( 'NONE',  ( -0.7071067811865517916, -0.000000000000000000, 0.7071067811865433539 ) ) ;
#1190 = ORIENTED_EDGE ( 'NONE', *, *, #3086, .T. ) ;
#1191 = EDGE_LOOP ( 'NONE', ( #1427, #1967, #57, #2921 ) ) ;
#1192 = ORIENTED_EDGE ( 'NONE', *, *, #362, .F. ) ;
#1193 =( GEOMETRIC_REPRESENTATION_CONTEXT ( 3 ) GLOBAL_UNCERTAINTY_ASSIGNED_CONTEXT ( ( #2786 ) ) GLOBAL_UNIT_ASSIGNED_CONTEXT ( ( #2810, #2218, #387 ) ) REPRESENTATION_CONTEXT ( 'NONE', 'WORKASPACE' ) );
#1194 = FILL_AREA_STYLE ('',( #2997 ) ) ;
#1195 = EDGE_CURVE ( 'NONE', #3316, #2158, #1307, .T. ) ;
#1196 = ORIENTED_EDGE ( 'NONE', *, *, #2267, .F. ) ;
#1197 = COLOUR_RGB ( '',0.2509803921568627416, 0.2509803921568627416, 0.2509803921568627416 ) ;
#1198 = DIRECTION ( 'NONE',  ( 0.000000000000000000, 0.000000000000000000, 1.000000000000000000 ) ) ;
#1199 = DIRECTION ( 'NONE',  ( 1.000000000000000000, 0.000000000000000000, 0.000000000000000000 ) ) ;
#1200 =( GEOMETRIC_REPRESENTATION_CONTEXT ( 3 ) GLOBAL_UNCERTAINTY_ASSIGNED_CONTEXT ( ( #893 ) ) GLOBAL_UNIT_ASSIGNED_CONTEXT ( ( #3784, #2586, #1676 ) ) REPRESENTATION_CONTEXT ( 'NONE', 'WORKASPACE' ) );
#1201 = VECTOR ( 'NONE', #2264, 1000.000000000000114 ) ;
#1202 = COLOUR_RGB ( '',0.2509803921568627416, 0.2509803921568627416, 0.2509803921568627416 ) ;
#1203 = LINE ( 'NONE', #2659, #3692 ) ;
#1204 = PRESENTATION_LAYER_ASSIGNMENT (  '', '', ( #3258 ) ) ;
#1205 = SURFACE_STYLE_USAGE ( .BOTH. , #2971 ) ;
#1206 = LINE ( 'NONE', #920, #1975 ) ;
#1207 = MECHANICAL_DESIGN_GEOMETRIC_PRESENTATION_REPRESENTATION (  '', ( #1087 ), #1714 ) ;
#1208 = AXIS2_PLACEMENT_3D ( 'NONE', #842, #238, #3182 ) ;
#1209 = PRESENTATION_LAYER_ASSIGNMENT (  '', '', ( #2031 ) ) ;
#1210 = AXIS2_PLACEMENT_3D ( 'NONE', #2992, #1212, #2148 ) ;
#1211 = ORIENTED_EDGE ( 'NONE', *, *, #2391, .T. ) ;
#1212 = DIRECTION ( 'NONE',  ( 0.000000000000000000, 1.000000000000000000, 0.000000000000000000 ) ) ;
#1213 = ORIENTED_EDGE ( 'NONE', *, *, #2047, .T. ) ;
#1214 = SURFACE_SIDE_STYLE ('',( #1828 ) ) ;
#1215 = SURFACE_STYLE_USAGE ( .BOTH. , #614 ) ;
#1216 =( NAMED_UNIT ( * ) PLANE_ANGLE_UNIT ( ) SI_UNIT ( $, .RADIAN. ) );
#1217 = ORIENTED_EDGE ( 'NONE', *, *, #3844, .F. ) ;
#1218 = CIRCLE ( 'NONE', #2539, 0.5237365675446622459 ) ;
#1219 = VECTOR ( 'NONE', #2679, 1000.000000000000114 ) ;
#1220 = EDGE_CURVE ( 'NONE', #2245, #2044, #1661, .T. ) ;
#1221 = EDGE_CURVE ( 'NONE', #3091, #1764, #2387, .T. ) ;
#1222 = CARTESIAN_POINT ( 'NONE',  ( -1.188333333333333686, 2.000000000000000000, 1.923333333333334005 ) ) ;
#1223 = PRESENTATION_LAYER_ASSIGNMENT (  '', '', ( #2213 ) ) ;
#1224 = FILL_AREA_STYLE_COLOUR ( '', #2880 ) ;
#1225 = EDGE_CURVE ( 'NONE', #994, #905, #2817, .T. ) ;
#1226 = DIRECTION ( 'NONE',  ( 0.000000000000000000, 0.000000000000000000, -1.000000000000000000 ) ) ;
#1227 = VECTOR ( 'NONE', #2783, 1000.000000000000000 ) ;
#1228 = CARTESIAN_POINT ( 'NONE',  ( -1.143333333333329094, 2.000000000000000000, -2.450000000000000178 ) ) ;
#1229 = DIRECTION ( 'NONE',  ( 0.000000000000000000, 0.000000000000000000, 1.000000000000000000 ) ) ;
#1230 = DIRECTION ( 'NONE',  ( 0.000000000000000000, 0.000000000000000000, 1.000000000000000000 ) ) ;
#1231 = SURFACE_STYLE_USAGE ( .BOTH. , #1521 ) ;
#1232 = PLANE ( 'NONE',  #1884 ) ;
#1233 = SURFACE_STYLE_FILL_AREA ( #33 ) ;
#1234 = EDGE_LOOP ( 'NONE', ( #3443, #3461, #2024, #1282 ) ) ;
#1235 = CARTESIAN_POINT ( 'NONE',  ( -1.143333333333329094, 2.399999999999999911, -2.450000000000000178 ) ) ;
#1236 = ORIENTED_EDGE ( 'NONE', *, *, #2018, .T. ) ;
#1237 = FACE_OUTER_BOUND ( 'NONE', #1234, .T. ) ;
#1238 = DIRECTION ( 'NONE',  ( 0.000000000000000000, 0.000000000000000000, -1.000000000000000000 ) ) ;
#1239 = ORIENTED_EDGE ( 'NONE', *, *, #729, .F. ) ;
#1240 = PRESENTATION_STYLE_ASSIGNMENT (( #3 ) ) ;
#1241 = DIRECTION ( 'NONE',  ( -0.9537169507482291531, 0.3007057995042662912, -4.570262938950189922E-16 ) ) ;
#1242 = DIRECTION ( 'NONE',  ( 1.626303258728257045E-15, -1.000000000000000000, 0.000000000000000000 ) ) ;
#1243 = SURFACE_SIDE_STYLE ('',( #2748 ) ) ;
#1244 = DIRECTION ( 'NONE',  ( 0.000000000000000000, 0.000000000000000000, -1.000000000000000000 ) ) ;
#1245 = EDGE_CURVE ( 'NONE', #2808, #1873, #3658, .T. ) ;
#1246 = PRESENTATION_STYLE_ASSIGNMENT (( #996 ) ) ;
#1247 = DIRECTION ( 'NONE',  ( -0.000000000000000000, 1.000000000000000000, -0.000000000000000000 ) ) ;
#1248 = ORIENTED_EDGE ( 'NONE', *, *, #2876, .F. ) ;
#1249 = LINE ( 'NONE', #1763, #3262 ) ;
#1250 = DIRECTION ( 'NONE',  ( -1.000000000000000000, 1.770125995894701153E-15, 0.000000000000000000 ) ) ;
#1251 = ORIENTED_EDGE ( 'NONE', *, *, #2778, .T. ) ;
#1252 = VECTOR ( 'NONE', #1247, 1000.000000000000000 ) ;
#1253 = COLOUR_RGB ( '',0.2509803921568627416, 0.2509803921568627416, 0.2509803921568627416 ) ;
#1254 = EDGE_CURVE ( 'NONE', #1608, #360, #3707, .T. ) ;
#1255 = CARTESIAN_POINT ( 'NONE',  ( 2.374999999999999112, 2.000000000000000000, 1.218333333333330826 ) ) ;
#1256 = STYLED_ITEM ( 'NONE', ( #3383 ), #4 ) ;
#1257 = VERTEX_POINT ( 'NONE', #3437 ) ;
#1258 = AXIS2_PLACEMENT_3D ( 'NONE', #2105, #322, #2151 ) ;
#1259 = DIRECTION ( 'NONE',  ( 1.000000000000000000, 0.000000000000000000, 4.792053801040900923E-16 ) ) ;
#1260 = STYLED_ITEM ( 'NONE', ( #1713 ), #181 ) ;
#1261 = CARTESIAN_POINT ( 'NONE',  ( 1.712069900877995154, 1.320000000000000062, 1.188333333333333686 ) ) ;
#1262 = VECTOR ( 'NONE', #1105, 1000.000000000000000 ) ;
#1263 = AXIS2_PLACEMENT_3D ( 'NONE', #470, #1671, #2846 ) ;
#1264 = CARTESIAN_POINT ( 'NONE',  ( -2.449999999999998845, 0.6399999999999996803, 2.048333333333333783 ) ) ;
#1265 =( LENGTH_UNIT ( ) NAMED_UNIT ( * ) SI_UNIT ( .MILLI., .METRE. ) );
#1266 = ORIENTED_EDGE ( 'NONE', *, *, #1733, .F. ) ;
#1267 = CARTESIAN_POINT ( 'NONE',  ( 1.797345841757090668, 0.3827213078750212882, -3.716629054470328430 ) ) ;
#1268 = MECHANICAL_DESIGN_GEOMETRIC_PRESENTATION_REPRESENTATION (  '', ( #3258 ), #699 ) ;
#1269 = COLOUR_RGB ( '',0.2509803921568627416, 0.2509803921568627416, 0.2509803921568627416 ) ;
#1270 = DIRECTION ( 'NONE',  ( 0.000000000000000000, -0.000000000000000000, 1.000000000000000000 ) ) ;
#1271 = DIRECTION ( 'NONE',  ( -4.425314989736752882E-16, 1.000000000000000000, 0.000000000000000000 ) ) ;
#1272 = SURFACE_STYLE_USAGE ( .BOTH. , #3130 ) ;
#1273 = ORIENTED_EDGE ( 'NONE', *, *, #1426, .F. ) ;
#1274 = STYLED_ITEM ( 'NONE', ( #2347 ), #2909 ) ;
#1275 = EDGE_CURVE ( 'NONE', #2884, #2615, #3147, .T. ) ;
#1276 = MECHANICAL_DESIGN_GEOMETRIC_PRESENTATION_REPRESENTATION (  '', ( #590 ), #207 ) ;
#1277 = DIRECTION ( 'NONE',  ( 0.000000000000000000, 1.000000000000000000, -0.000000000000000000 ) ) ;
#1278 = VECTOR ( 'NONE', #2543, 999.9999999999998863 ) ;
#1279 = STYLED_ITEM ( 'NONE', ( #2703 ), #2187 ) ;
#1280 = CARTESIAN_POINT ( 'NONE',  ( -1.592499999999999361, 0.6399999999999996803, 2.123333333333334405 ) ) ;
#1281 = CARTESIAN_POINT ( 'NONE',  ( 2.374999999999999112, 2.000000000000000000, -1.218333333333334823 ) ) ;
#1282 = ORIENTED_EDGE ( 'NONE', *, *, #647, .F. ) ;
#1283 = EDGE_LOOP ( 'NONE', ( #1732, #2248, #2725, #3841 ) ) ;
#1284 = CARTESIAN_POINT ( 'NONE',  ( -2.449999999999998845, 0.2399999999999997691, 2.048333333333333783 ) ) ;
#1285 = VECTOR ( 'NONE', #1157, 999.9999999999998863 ) ;
#1286 = SURFACE_SIDE_STYLE ('',( #125 ) ) ;
#1287 = ORIENTED_EDGE ( 'NONE', *, *, #3845, .F. ) ;
#1288 = PRESENTATION_LAYER_ASSIGNMENT (  '', '', ( #1857 ) ) ;
#1289 = FILL_AREA_STYLE ('',( #1581 ) ) ;
#1290 = EDGE_CURVE ( 'NONE', #1914, #171, #2612, .T. ) ;
#1291 = CARTESIAN_POINT ( 'NONE',  ( -1.469999999999999973, 0.2399999999999997691, 2.123333333333333517 ) ) ;
#1292 = CARTESIAN_POINT ( 'NONE',  ( -1.241454421952311815, 0.09246576166006424680, -2.351878911381017900 ) ) ;
#1293 = DIRECTION ( 'NONE',  ( 1.000000000000000000, -0.000000000000000000, -0.000000000000000000 ) ) ;
#1294 = ORIENTED_EDGE ( 'NONE', *, *, #3164, .T. ) ;
#1295 = EDGE_CURVE ( 'NONE', #1178, #1299, #1771, .T. ) ;
#1296 = CARTESIAN_POINT ( 'NONE',  ( 1.188333333333333686, 1.320000000000000062, -1.712069900877996043 ) ) ;
#1297 = LINE ( 'NONE', #1886, #3119 ) ;
#1298 = DIRECTION ( 'NONE',  ( -1.000000000000000000, -1.770125995894701153E-15, 0.000000000000000000 ) ) ;
#1299 = VERTEX_POINT ( 'NONE', #3218 ) ;
#1300 = ORIENTED_EDGE ( 'NONE', *, *, #530, .T. ) ;
#1301 = DIRECTION ( 'NONE',  ( 0.7071067811865454633, 0.000000000000000000, 0.7071067811865496822 ) ) ;
#1302 = CARTESIAN_POINT ( 'NONE',  ( -1.469999999999999973, -2.168404344971008868E-16, -2.123333333333333517 ) ) ;
#1303 = CARTESIAN_POINT ( 'NONE',  ( 1.188333333333333686, 2.000000000000000000, -1.923333333333334227 ) ) ;
#1304 = ORIENTED_EDGE ( 'NONE', *, *, #1450, .T. ) ;
#1305 = FILL_AREA_STYLE ('',( #393 ) ) ;
#1306 = DIRECTION ( 'NONE',  ( 0.7071067811865496822, 0.000000000000000000, -0.7071067811865454633 ) ) ;
#1307 = LINE ( 'NONE', #1291, #3051 ) ;
#1308 = DIRECTION ( 'NONE',  ( 0.000000000000000000, 0.000000000000000000, 1.000000000000000000 ) ) ;
#1309 = PRODUCT_DEFINITION_CONTEXT ( 'detailed design', #2610, 'design' ) ;
#1310 = LINE ( 'NONE', #399, #1227 ) ;
#1311 = VERTEX_POINT ( 'NONE', #2305 ) ;
#1312 = FILL_AREA_STYLE_COLOUR ( '', #3733 ) ;
#1313 = ADVANCED_FACE ( 'NONE', ( #483 ), #3153, .T. ) ;
#1314 = CARTESIAN_POINT ( 'NONE',  ( -1.797345841757090668, 0.3827213078750212882, -2.123333333333333073 ) ) ;
#1315 = EDGE_LOOP ( 'NONE', ( #3791, #122, #3466, #2078 ) ) ;
#1316 = VERTEX_POINT ( 'NONE', #2860 ) ;
#1317 =( NAMED_UNIT ( * ) PLANE_ANGLE_UNIT ( ) SI_UNIT ( $, .RADIAN. ) );
#1318 = PLANE ( 'NONE',  #2623 ) ;
#1319 =( GEOMETRIC_REPRESENTATION_CONTEXT ( 3 ) GLOBAL_UNCERTAINTY_ASSIGNED_CONTEXT ( ( #2751 ) ) GLOBAL_UNIT_ASSIGNED_CONTEXT ( ( #180, #3417, #1367 ) ) REPRESENTATION_CONTEXT ( 'NONE', 'WORKASPACE' ) );
#1320 = STYLED_ITEM ( 'NONE', ( #3084 ), #26 ) ;
#1321 = CARTESIAN_POINT ( 'NONE',  ( 1.188333333333333686, 1.320000000000000062, 1.188333333333333686 ) ) ;
#1322 =( GEOMETRIC_REPRESENTATION_CONTEXT ( 3 ) GLOBAL_UNCERTAINTY_ASSIGNED_CONTEXT ( ( #2063 ) ) GLOBAL_UNIT_ASSIGNED_CONTEXT ( ( #2739, #337, #2722 ) ) REPRESENTATION_CONTEXT ( 'NONE', 'WORKASPACE' ) );
#1323 = VERTEX_POINT ( 'NONE', #1126 ) ;
#1324 = DIRECTION ( 'NONE',  ( 0.000000000000000000, 1.000000000000000000, 0.000000000000000000 ) ) ;
#1325 = MECHANICAL_DESIGN_GEOMETRIC_PRESENTATION_REPRESENTATION (  '', ( #3735 ), #2388 ) ;
#1326 =( LENGTH_UNIT ( ) NAMED_UNIT ( * ) SI_UNIT ( .MILLI., .METRE. ) );
#1327 = DIRECTION ( 'NONE',  ( -0.000000000000000000, -0.000000000000000000, 1.000000000000000000 ) ) ;
#1328 = CARTESIAN_POINT ( 'NONE',  ( 2.912069900877995110, 1.320000000000000062, -1.188333333333333686 ) ) ;
#1329 = DIRECTION ( 'NONE',  ( 1.000000000000000000, 0.000000000000000000, 0.000000000000000000 ) ) ;
#1330 = VERTEX_POINT ( 'NONE', #2247 ) ;
#1331 = ORIENTED_EDGE ( 'NONE', *, *, #3802, .T. ) ;
#1332 =( GEOMETRIC_REPRESENTATION_CONTEXT ( 3 ) GLOBAL_UNCERTAINTY_ASSIGNED_CONTEXT ( ( #1386 ) ) GLOBAL_UNIT_ASSIGNED_CONTEXT ( ( #740, #763, #2279 ) ) REPRESENTATION_CONTEXT ( 'NONE', 'WORKASPACE' ) );
#1333 = AXIS2_PLACEMENT_3D ( 'NONE', #608, #637, #298 ) ;
#1334 = TOROIDAL_SURFACE ( 'NONE', #963, 1.723736567544661868, 1.200000000000000178 ) ;
#1335 = MECHANICAL_DESIGN_GEOMETRIC_PRESENTATION_REPRESENTATION (  '', ( #2519 ), #3749 ) ;
#1336 = SURFACE_STYLE_USAGE ( .BOTH. , #3396 ) ;
#1337 = COLOUR_RGB ( '',0.2509803921568627416, 0.2509803921568627416, 0.2509803921568627416 ) ;
#1338 = PRESENTATION_LAYER_ASSIGNMENT (  '', '', ( #2092 ) ) ;
#1339 = AXIS2_PLACEMENT_3D ( 'NONE', #2374, #2702, #1836 ) ;
#1340 = ORIENTED_EDGE ( 'NONE', *, *, #1560, .T. ) ;
#1341 = VECTOR ( 'NONE', #71, 1000.000000000000000 ) ;
#1342 = EDGE_CURVE ( 'NONE', #1062, #1526, #2025, .T. ) ;
#1343 = CARTESIAN_POINT ( 'NONE',  ( 1.469999999999997753, 0.2399999999999997413, 2.123333333333334405 ) ) ;
#1344 = PRESENTATION_LAYER_ASSIGNMENT (  '', '', ( #600 ) ) ;
#1345 = DIRECTION ( 'NONE',  ( 0.000000000000000000, 0.000000000000000000, 1.000000000000000000 ) ) ;
#1346 = FILL_AREA_STYLE ('',( #1018 ) ) ;
#1347 = LINE ( 'NONE', #1037, #845 ) ;
#1348 =( GEOMETRIC_REPRESENTATION_CONTEXT ( 3 ) GLOBAL_UNCERTAINTY_ASSIGNED_CONTEXT ( ( #208 ) ) GLOBAL_UNIT_ASSIGNED_CONTEXT ( ( #2039, #3744, #791 ) ) REPRESENTATION_CONTEXT ( 'NONE', 'WORKASPACE' ) );
#1349 = CARTESIAN_POINT ( 'NONE',  ( -1.469999999999999973, 0.01882434245333334394, 2.123333333333333073 ) ) ;
#1350 = CARTESIAN_POINT ( 'NONE',  ( -1.050000000000000044, 0.2399999999999997691, -2.450000000000000622 ) ) ;
#1351 = DIRECTION ( 'NONE',  ( 0.000000000000000000, 0.000000000000000000, 1.000000000000000000 ) ) ;
#1352 =( GEOMETRIC_REPRESENTATION_CONTEXT ( 3 ) GLOBAL_UNCERTAINTY_ASSIGNED_CONTEXT ( ( #3660 ) ) GLOBAL_UNIT_ASSIGNED_CONTEXT ( ( #1376, #2893, #469 ) ) REPRESENTATION_CONTEXT ( 'NONE', 'WORKASPACE' ) );
#1353 = UNCERTAINTY_MEASURE_WITH_UNIT (LENGTH_MEASURE( 1.000000000000000082E-05 ), #3487, 'distance_accuracy_value', 'NONE');
#1354 = CARTESIAN_POINT ( 'NONE',  ( -1.469999999999999973, 0.6399999999999996803, 2.123333333333333517 ) ) ;
#1355 = DIRECTION ( 'NONE',  ( 0.000000000000000000, 1.000000000000000000, -0.000000000000000000 ) ) ;
#1356 = EDGE_LOOP ( 'NONE', ( #1010, #2458, #3193, #1239 ) ) ;
#1357 = ORIENTED_EDGE ( 'NONE', *, *, #2595, .T. ) ;
#1358 = EDGE_CURVE ( 'NONE', #1621, #1311, #2747, .T. ) ;
#1359 = CARTESIAN_POINT ( 'NONE',  ( -2.449999999999998845, 1.320000000000000062, 2.912069900877995110 ) ) ;
#1360 = LINE ( 'NONE', #3177, #571 ) ;
#1361 = SURFACE_STYLE_FILL_AREA ( #161 ) ;
#1362 = CARTESIAN_POINT ( 'NONE',  ( 1.524102044903739683, 0.7466501562452745322, 1.857543911744867549 ) ) ;
#1363 = DIRECTION ( 'NONE',  ( 0.7071067811865433539, 0.000000000000000000, -0.7071067811865517916 ) ) ;
#1364 = EDGE_CURVE ( 'NONE', #2495, #112, #3775, .T. ) ;
#1365 = SURFACE_STYLE_FILL_AREA ( #2488 ) ;
#1366 = SURFACE_STYLE_USAGE ( .BOTH. , #2851 ) ;
#1367 =( NAMED_UNIT ( * ) SI_UNIT ( $, .STERADIAN. ) SOLID_ANGLE_UNIT ( ) );
#1368 = DIRECTION ( 'NONE',  ( 0.000000000000000000, 0.000000000000000000, 1.000000000000000000 ) ) ;
#1369 = CARTESIAN_POINT ( 'NONE',  ( -1.469999999999999973, 0.01882434245333334394, -2.123333333333333517 ) ) ;
#1370 = FILL_AREA_STYLE ('',( #1664 ) ) ;
#1371 = VERTEX_POINT ( 'NONE', #1374 ) ;
#1372 = ORIENTED_EDGE ( 'NONE', *, *, #1358, .F. ) ;
#1373 = FILL_AREA_STYLE_COLOUR ( '', #2502 ) ;
#1374 = CARTESIAN_POINT ( 'NONE',  ( -1.143333333333328650, 0.2694278869620360672, -2.450000000000000622 ) ) ;
#1375 = ORIENTED_EDGE ( 'NONE', *, *, #3671, .T. ) ;
#1376 =( LENGTH_UNIT ( ) NAMED_UNIT ( * ) SI_UNIT ( .MILLI., .METRE. ) );
#1377 = EDGE_CURVE ( 'NONE', #2514, #1371, #189, .T. ) ;
#1378 = STYLED_ITEM ( 'NONE', ( #1721 ), #602 ) ;
#1379 =( NAMED_UNIT ( * ) SI_UNIT ( $, .STERADIAN. ) SOLID_ANGLE_UNIT ( ) );
#1380 =( NAMED_UNIT ( * ) PLANE_ANGLE_UNIT ( ) SI_UNIT ( $, .RADIAN. ) );
#1381 = PRESENTATION_STYLE_ASSIGNMENT (( #843 ) ) ;
#1382 = DIRECTION ( 'NONE',  ( -1.000000000000000000, 0.000000000000000000, -0.000000000000000000 ) ) ;
#1383 = FILL_AREA_STYLE ('',( #2874 ) ) ;
#1384 = DIRECTION ( 'NONE',  ( 1.000000000000000000, 8.723465755630498563E-16, 4.984837574645999461E-16 ) ) ;
#1385 = EDGE_CURVE ( 'NONE', #3113, #1178, #193, .T. ) ;
#1386 = UNCERTAINTY_MEASURE_WITH_UNIT (LENGTH_MEASURE( 1.000000000000000082E-05 ), #740, 'distance_accuracy_value', 'NONE');
#1387 = SURFACE_STYLE_USAGE ( .BOTH. , #3710 ) ;
#1388 = ORIENTED_EDGE ( 'NONE', *, *, #3577, .F. ) ;
#1389 = CARTESIAN_POINT ( 'NONE',  ( 1.923333333333333783, 2.000000000000000000, 1.188333333333333686 ) ) ;
#1390 = UNCERTAINTY_MEASURE_WITH_UNIT (LENGTH_MEASURE( 1.000000000000000082E-05 ), #1875, 'distance_accuracy_value', 'NONE');
#1391 = CLOSED_SHELL ( 'NONE', ( #2960, #3254, #395, #1313, #159, #1997, #1673, #3514 ) ) ;
#1392 = ORIENTED_EDGE ( 'NONE', *, *, #343, .T. ) ;
#1393 = CARTESIAN_POINT ( 'NONE',  ( -1.143333333333329316, 0.2399999999999997691, 2.450000000000000622 ) ) ;
#1394 = VECTOR ( 'NONE', #2556, 1000.000000000000000 ) ;
#1395 = EDGE_CURVE ( 'NONE', #2075, #3355, #3424, .T. ) ;
#1396 = PRESENTATION_STYLE_ASSIGNMENT (( #3196 ) ) ;
#1397 =( GEOMETRIC_REPRESENTATION_CONTEXT ( 3 ) GLOBAL_UNCERTAINTY_ASSIGNED_CONTEXT ( ( #1127 ) ) GLOBAL_UNIT_ASSIGNED_CONTEXT ( ( #3082, #3382, #1577 ) ) REPRESENTATION_CONTEXT ( 'NONE', 'WORKASPACE' ) );
#1398 =( GEOMETRIC_REPRESENTATION_CONTEXT ( 3 ) GLOBAL_UNCERTAINTY_ASSIGNED_CONTEXT ( ( #481 ) ) GLOBAL_UNIT_ASSIGNED_CONTEXT ( ( #3320, #101, #2788 ) ) REPRESENTATION_CONTEXT ( 'NONE', 'WORKASPACE' ) );
#1399 = UNCERTAINTY_MEASURE_WITH_UNIT (LENGTH_MEASURE( 1.000000000000000082E-05 ), #958, 'distance_accuracy_value', 'NONE');
#1400 = EDGE_LOOP ( 'NONE', ( #3808, #2749, #2423, #2611 ) ) ;
#1401 = LINE ( 'NONE', #3794, #2446 ) ;
#1402 = AXIS2_PLACEMENT_3D ( 'NONE', #917, #892, #3821 ) ;
#1403 = MECHANICAL_DESIGN_GEOMETRIC_PRESENTATION_REPRESENTATION (  '', ( #2027 ), #2508 ) ;
#1404 = AXIS2_PLACEMENT_3D ( 'NONE', #1039, #1660, #2263 ) ;
#1405 = VECTOR ( 'NONE', #1053, 1000.000000000000000 ) ;
#1406 = FACE_OUTER_BOUND ( 'NONE', #2737, .T. ) ;
#1407 = DIRECTION ( 'NONE',  ( 0.000000000000000000, 0.000000000000000000, -1.000000000000000000 ) ) ;
#1408 = DIRECTION ( 'NONE',  ( -1.000000000000000000, 0.000000000000000000, 4.792053801040900923E-16 ) ) ;
#1409 = ADVANCED_FACE ( 'NONE', ( #1438 ), #2923, .F. ) ;
#1410 = CIRCLE ( 'NONE', #3559, 0.4899999999999999911 ) ;
#1411 = LINE ( 'NONE', #1657, #2632 ) ;
#1412 = DIRECTION ( 'NONE',  ( 0.000000000000000000, 0.000000000000000000, -1.000000000000000000 ) ) ;
#1413 = FACE_OUTER_BOUND ( 'NONE', #2348, .T. ) ;
#1414 =( NAMED_UNIT ( * ) SI_UNIT ( $, .STERADIAN. ) SOLID_ANGLE_UNIT ( ) );
#1415 = AXIS2_PLACEMENT_3D ( 'NONE', #751, #3788, #2607 ) ;
#1416 = FILL_AREA_STYLE ('',( #2852 ) ) ;
#1417 =( LENGTH_UNIT ( ) NAMED_UNIT ( * ) SI_UNIT ( .MILLI., .METRE. ) );
#1418 = ORIENTED_EDGE ( 'NONE', *, *, #785, .F. ) ;
#1419 = STYLED_ITEM ( 'NONE', ( #410 ), #2240 ) ;
#1420 = EDGE_CURVE ( 'NONE', #2327, #2158, #3465, .T. ) ;
#1421 = ORIENTED_EDGE ( 'NONE', *, *, #2599, .F. ) ;
#1422 = PRESENTATION_STYLE_ASSIGNMENT (( #214 ) ) ;
#1423 = VECTOR ( 'NONE', #1591, 1000.000000000000000 ) ;
#1424 = CARTESIAN_POINT ( 'NONE',  ( 1.469999999999999973, -2.168404344971008868E-16, -2.123333333333333961 ) ) ;
#1425 = EDGE_LOOP ( 'NONE', ( #1304, #2412, #2841, #3528 ) ) ;
#1426 = EDGE_CURVE ( 'NONE', #2119, #887, #1517, .T. ) ;
#1427 = ORIENTED_EDGE ( 'NONE', *, *, #621, .F. ) ;
#1428 = CARTESIAN_POINT ( 'NONE',  ( -1.188333333333333686, 1.320000000000000062, 2.912069900877995110 ) ) ;
#1429 =( LENGTH_UNIT ( ) NAMED_UNIT ( * ) SI_UNIT ( .MILLI., .METRE. ) );
#1430 = SURFACE_STYLE_USAGE ( .BOTH. , #2551 ) ;
#1431 = CARTESIAN_POINT ( 'NONE',  ( 1.714999999999998304, 0.6689372509477919948, 1.903431843603502260 ) ) ;
#1432 =( LENGTH_UNIT ( ) NAMED_UNIT ( * ) SI_UNIT ( .MILLI., .METRE. ) );
#1433 = DIRECTION ( 'NONE',  ( 0.000000000000000000, 1.000000000000000000, 0.000000000000000000 ) ) ;
#1434 = UNCERTAINTY_MEASURE_WITH_UNIT (LENGTH_MEASURE( 1.000000000000000082E-05 ), #3440, 'distance_accuracy_value', 'NONE');
#1435 = ORIENTED_EDGE ( 'NONE', *, *, #691, .F. ) ;
#1436 = CARTESIAN_POINT ( 'NONE',  ( 1.469999999999996421, 0.6400000000000000133, 1.923333333333333339 ) ) ;
#1437 = VERTEX_POINT ( 'NONE', #1478 ) ;
#1438 = FACE_OUTER_BOUND ( 'NONE', #3832, .T. ) ;
#1439 = VERTEX_POINT ( 'NONE', #2650 ) ;
#1440 = ORIENTED_EDGE ( 'NONE', *, *, #2364, .T. ) ;
#1441 = CARTESIAN_POINT ( 'NONE',  ( 0.000000000000000000, 0.000000000000000000, 0.000000000000000000 ) ) ;
#1442 = ADVANCED_FACE ( 'NONE', ( #644 ), #1085, .F. ) ;
#1443 = SURFACE_STYLE_USAGE ( .BOTH. , #2440 ) ;
#1444 = VERTEX_POINT ( 'NONE', #2242 ) ;
#1445 = CARTESIAN_POINT ( 'NONE',  ( 1.143333333333329094, 0.6399999999999996803, 2.450000000000000622 ) ) ;
#1446 =( NAMED_UNIT ( * ) SI_UNIT ( $, .STERADIAN. ) SOLID_ANGLE_UNIT ( ) );
#1447 = SURFACE_STYLE_FILL_AREA ( #3225 ) ;
#1448 = CARTESIAN_POINT ( 'NONE',  ( -1.502654158242909377, 0.3827213078750212882, -2.450000000000000622 ) ) ;
#1449 = LINE ( 'NONE', #3270, #1628 ) ;
#1450 = EDGE_CURVE ( 'NONE', #435, #2627, #757, .T. ) ;
#1451 = DIRECTION ( 'NONE',  ( 0.3007057995042662912, 0.9537169507482291531, -0.000000000000000000 ) ) ;
#1452 = SURFACE_STYLE_FILL_AREA ( #1370 ) ;
#1453 = ORIENTED_EDGE ( 'NONE', *, *, #1290, .F. ) ;
#1454 = FILL_AREA_STYLE_COLOUR ( '', #1972 ) ;
#1455 = ORIENTED_EDGE ( 'NONE', *, *, #3112, .F. ) ;
#1456 = STYLED_ITEM ( 'NONE', ( #427 ), #664 ) ;
#1457 =( LENGTH_UNIT ( ) NAMED_UNIT ( * ) SI_UNIT ( .MILLI., .METRE. ) );
#1458 = AXIS2_PLACEMENT_3D ( 'NONE', #1600, #368, #2470 ) ;
#1459 = SURFACE_SIDE_STYLE ('',( #805 ) ) ;
#1460 = ORIENTED_EDGE ( 'NONE', *, *, #3158, .F. ) ;
#1461 =( GEOMETRIC_REPRESENTATION_CONTEXT ( 3 ) GLOBAL_UNCERTAINTY_ASSIGNED_CONTEXT ( ( #3264 ) ) GLOBAL_UNIT_ASSIGNED_CONTEXT ( ( #855, #3777, #1181 ) ) REPRESENTATION_CONTEXT ( 'NONE', 'WORKASPACE' ) );
#1462 = AXIS2_PLACEMENT_3D ( 'NONE', #3134, #230, #3812 ) ;
#1463 = VECTOR ( 'NONE', #1756, 1000.000000000000000 ) ;
#1464 = AXIS2_PLACEMENT_3D ( 'NONE', #1280, #2771, #2503 ) ;
#1465 = DIRECTION ( 'NONE',  ( 0.000000000000000000, 0.000000000000000000, -1.000000000000000000 ) ) ;
#1466 = VECTOR ( 'NONE', #3779, 1000.000000000000000 ) ;
#1467 =( GEOMETRIC_REPRESENTATION_CONTEXT ( 3 ) GLOBAL_UNCERTAINTY_ASSIGNED_CONTEXT ( ( #2462 ) ) GLOBAL_UNIT_ASSIGNED_CONTEXT ( ( #239, #258, #2354 ) ) REPRESENTATION_CONTEXT ( 'NONE', 'WORKASPACE' ) );
#1468 = DIRECTION ( 'NONE',  ( 0.000000000000000000, 1.000000000000000000, 0.000000000000000000 ) ) ;
#1469 = CARTESIAN_POINT ( 'NONE',  ( 1.469999999999998197, 0.6399999999999996803, 2.123333333333334405 ) ) ;
#1470 = EDGE_CURVE ( 'NONE', #3169, #3173, #1112, .T. ) ;
#1471 = DIRECTION ( 'NONE',  ( -0.6901619708142004983, -0.2176072335280443970, 0.6901619708141922827 ) ) ;
#1472 = CIRCLE ( 'NONE', #3199, 1.200000000000000622 ) ;
#1473 =( NAMED_UNIT ( * ) SI_UNIT ( $, .STERADIAN. ) SOLID_ANGLE_UNIT ( ) );
#1474 = ORIENTED_EDGE ( 'NONE', *, *, #1800, .T. ) ;
#1475 = PRESENTATION_STYLE_ASSIGNMENT (( #882 ) ) ;
#1476 = ORIENTED_EDGE ( 'NONE', *, *, #2887, .T. ) ;
#1477 = MECHANICAL_DESIGN_GEOMETRIC_PRESENTATION_REPRESENTATION (  '', ( #3135 ), #1976 ) ;
#1478 = CARTESIAN_POINT ( 'NONE',  ( 2.374999999999999112, 2.000000000000000000, -1.218333333333334823 ) ) ;
#1479 = UNCERTAINTY_MEASURE_WITH_UNIT (LENGTH_MEASURE( 1.000000000000000082E-05 ), #19, 'distance_accuracy_value', 'NONE');
#1480 = SURFACE_SIDE_STYLE ('',( #1167 ) ) ;
#1481 = VERTEX_POINT ( 'NONE', #3708 ) ;
#1482 = ORIENTED_EDGE ( 'NONE', *, *, #3720, .T. ) ;
#1483 = PRODUCT_CONTEXT ( 'NONE', #3124, 'mechanical' ) ;
#1484 = COLOUR_RGB ( '',0.2509803921568627416, 0.2509803921568627416, 0.2509803921568627416 ) ;
#1485 = MECHANICAL_DESIGN_GEOMETRIC_PRESENTATION_REPRESENTATION (  '', ( #1857 ), #1734 ) ;
#1486 = PLANE ( 'NONE',  #2390 ) ;
#1487 = UNCERTAINTY_MEASURE_WITH_UNIT (LENGTH_MEASURE( 1.000000000000000082E-05 ), #3598, 'distance_accuracy_value', 'NONE');
#1488 = DIRECTION ( 'NONE',  ( 1.000000000000000000, 0.000000000000000000, 0.000000000000000000 ) ) ;
#1489 = FILL_AREA_STYLE_COLOUR ( '', #314 ) ;
#1490 = FACE_OUTER_BOUND ( 'NONE', #2523, .T. ) ;
#1491 =( NAMED_UNIT ( * ) SI_UNIT ( $, .STERADIAN. ) SOLID_ANGLE_UNIT ( ) );
#1492 = CARTESIAN_POINT ( 'NONE',  ( 1.469999999999999973, 0.2399999999999997691, 2.123333333333333961 ) ) ;
#1493 = EDGE_CURVE ( 'NONE', #1311, #887, #2262, .T. ) ;
#1494 = CARTESIAN_POINT ( 'NONE',  ( -1.469999999999999973, 2.399999999999999911, -2.123333333333333517 ) ) ;
#1495 = ORIENTED_EDGE ( 'NONE', *, *, #886, .T. ) ;
#1496 = CARTESIAN_POINT ( 'NONE',  ( 2.250000000000000000, 0.2399999999999997413, 2.123333333333333961 ) ) ;
#1497 = ORIENTED_EDGE ( 'NONE', *, *, #491, .T. ) ;
#1498 = ORIENTED_EDGE ( 'NONE', *, *, #2210, .F. ) ;
#1499 = EDGE_CURVE ( 'NONE', #300, #1708, #430, .T. ) ;
#1500 = CARTESIAN_POINT ( 'NONE',  ( -2.912069900877995554, 1.320000000000000062, -1.188333333333333686 ) ) ;
#1501 = LINE ( 'NONE', #1518, #2629 ) ;
#1502 = CARTESIAN_POINT ( 'NONE',  ( -1.923333333333334449, 0.6399999999999996803, 1.188333333333333686 ) ) ;
#1503 = FILL_AREA_STYLE_COLOUR ( '', #2933 ) ;
#1504 =( NAMED_UNIT ( * ) PLANE_ANGLE_UNIT ( ) SI_UNIT ( $, .RADIAN. ) );
#1505 = ORIENTED_EDGE ( 'NONE', *, *, #2018, .F. ) ;
#1506 = CARTESIAN_POINT ( 'NONE',  ( -1.469999999999998863, 0.6689372509477919948, 1.903431843603502260 ) ) ;
#1507 = EDGE_LOOP ( 'NONE', ( #3831, #1, #3587 ) ) ;
#1508 = EDGE_CURVE ( 'NONE', #3239, #1873, #3088, .T. ) ;
#1509 =( LENGTH_UNIT ( ) NAMED_UNIT ( * ) SI_UNIT ( .MILLI., .METRE. ) );
#1510 = ORIENTED_EDGE ( 'NONE', *, *, #2167, .F. ) ;
#1511 = DIRECTION ( 'NONE',  ( -0.7071067811865516806, 0.000000000000000000, 0.7071067811865433539 ) ) ;
#1512 = ORIENTED_EDGE ( 'NONE', *, *, #1803, .F. ) ;
#1513 = EDGE_CURVE ( 'NONE', #3774, #871, #2838, .T. ) ;
#1514 = CIRCLE ( 'NONE', #635, 0.8699999999999996625 ) ;
#1515 = FACE_OUTER_BOUND ( 'NONE', #2220, .T. ) ;
#1516 = AXIS2_PLACEMENT_3D ( 'NONE', #310, #1229, #2125 ) ;
#1517 = CIRCLE ( 'NONE', #316, 0.7350000000000003197 ) ;
#1518 = CARTESIAN_POINT ( 'NONE',  ( 1.143333333333329094, 0.6399999999999996803, 2.450000000000000622 ) ) ;
#1519 = CARTESIAN_POINT ( 'NONE',  ( 1.797345841757090668, 0.3827213078750212882, -2.123333333333333961 ) ) ;
#1520 = MECHANICAL_DESIGN_GEOMETRIC_PRESENTATION_REPRESENTATION (  '', ( #1024 ), #1332 ) ;
#1521 = SURFACE_SIDE_STYLE ('',( #3305 ) ) ;
#1522 =( GEOMETRIC_REPRESENTATION_CONTEXT ( 3 ) GLOBAL_UNCERTAINTY_ASSIGNED_CONTEXT ( ( #3633 ) ) GLOBAL_UNIT_ASSIGNED_CONTEXT ( ( #3012, #1504, #315 ) ) REPRESENTATION_CONTEXT ( 'NONE', 'WORKASPACE' ) );
#1523 = DIRECTION ( 'NONE',  ( 4.792053801040900923E-16, -0.000000000000000000, 1.000000000000000000 ) ) ;
#1524 = ORIENTED_EDGE ( 'NONE', *, *, #1245, .T. ) ;
#1525 = CARTESIAN_POINT ( 'NONE',  ( 2.250000000000002220, 0.2399999999999989364, 2.123333333333333961 ) ) ;
#1526 = VERTEX_POINT ( 'NONE', #167 ) ;
#1527 = LINE ( 'NONE', #2131, #1573 ) ;
#1528 = EDGE_CURVE ( 'NONE', #1708, #2103, #2798, .T. ) ;
#1529 = SURFACE_STYLE_USAGE ( .BOTH. , #2651 ) ;
#1530 = ORIENTED_EDGE ( 'NONE', *, *, #795, .F. ) ;
#1531 = PRESENTATION_LAYER_ASSIGNMENT (  '', '', ( #3819 ) ) ;
#1532 = CARTESIAN_POINT ( 'NONE',  ( -1.143333333333329094, 0.6399999999999996803, -2.450000000000000178 ) ) ;
#1533 = ORIENTED_EDGE ( 'NONE', *, *, #286, .T. ) ;
#1534 = COLOUR_RGB ( '',0.2509803921568627416, 0.2509803921568627416, 0.2509803921568627416 ) ;
#1535 = EDGE_CURVE ( 'NONE', #3620, #2927, #894, .T. ) ;
#1536 = LINE ( 'NONE', #1833, #838 ) ;
#1537 = COLOUR_RGB ( '',0.2509803921568627416, 0.2509803921568627416, 0.2509803921568627416 ) ;
#1538 = CARTESIAN_POINT ( 'NONE',  ( -1.188333333333333686, 1.320000000000000062, -1.712069900877996043 ) ) ;
#1539 = DIRECTION ( 'NONE',  ( 0.7071067811865510144, 0.000000000000000000, 0.7071067811865441310 ) ) ;
#1540 = MECHANICAL_DESIGN_GEOMETRIC_PRESENTATION_REPRESENTATION (  '', ( #709 ), #2052 ) ;
#1541 = LINE ( 'NONE', #49, #1252 ) ;
#1542 = CARTESIAN_POINT ( 'NONE',  ( 1.143333333333328650, 0.2694278869620359562, 2.450000000000000622 ) ) ;
#1543 = PLANE ( 'NONE',  #1718 ) ;
#1544 = CARTESIAN_POINT ( 'NONE',  ( -1.143333333333329316, 0.1627596668112849532, 2.450000000000000622 ) ) ;
#1545 =( NAMED_UNIT ( * ) PLANE_ANGLE_UNIT ( ) SI_UNIT ( $, .RADIAN. ) );
#1546 =( LENGTH_UNIT ( ) NAMED_UNIT ( * ) SI_UNIT ( .MILLI., .METRE. ) );
#1547 = ORIENTED_EDGE ( 'NONE', *, *, #3740, .T. ) ;
#1548 = EDGE_CURVE ( 'NONE', #3113, #465, #3319, .T. ) ;
#1549 = CARTESIAN_POINT ( 'NONE',  ( -1.592500000000000027, 0.2399999999999997968, 2.123333333333334405 ) ) ;
#1550 = ADVANCED_FACE ( 'NONE', ( #717 ), #114, .F. ) ;
#1551 = ORIENTED_EDGE ( 'NONE', *, *, #127, .F. ) ;
#1552 = FACE_OUTER_BOUND ( 'NONE', #1905, .T. ) ;
#1553 = FILL_AREA_STYLE ('',( #84 ) ) ;
#1554 = CARTESIAN_POINT ( 'NONE',  ( 1.432021929300689944, 0.3604510516337169901, 2.123333333333333961 ) ) ;
#1555 = FILL_AREA_STYLE ('',( #1576 ) ) ;
#1556 = DIRECTION ( 'NONE',  ( 0.000000000000000000, 0.000000000000000000, 1.000000000000000000 ) ) ;
#1557 = CARTESIAN_POINT ( 'NONE',  ( -2.375000000000000444, 0.6399999999999996803, 2.123333333333333073 ) ) ;
#1558 = EDGE_LOOP ( 'NONE', ( #1421, #1533, #3277, #2756 ) ) ;
#1559 = DIRECTION ( 'NONE',  ( 4.792053801040900923E-16, 0.000000000000000000, -1.000000000000000000 ) ) ;
#1560 = EDGE_CURVE ( 'NONE', #3795, #667, #17, .T. ) ;
#1561 = LINE ( 'NONE', #3570, #1832 ) ;
#1562 = SURFACE_STYLE_FILL_AREA ( #2473 ) ;
#1563 = LINE ( 'NONE', #1829, #3693 ) ;
#1564 = ORIENTED_EDGE ( 'NONE', *, *, #2530, .T. ) ;
#1565 = AXIS2_PLACEMENT_3D ( 'NONE', #3142, #2550, #1035 ) ;
#1566 = MECHANICAL_DESIGN_GEOMETRIC_PRESENTATION_REPRESENTATION (  '', ( #1144 ), #3536 ) ;
#1567 = SURFACE_SIDE_STYLE ('',( #1872 ) ) ;
#1568 =( NAMED_UNIT ( * ) SI_UNIT ( $, .STERADIAN. ) SOLID_ANGLE_UNIT ( ) );
#1569 = VECTOR ( 'NONE', #1982, 1000.000000000000000 ) ;
#1570 = ORIENTED_EDGE ( 'NONE', *, *, #818, .T. ) ;
#1571 = ORIENTED_EDGE ( 'NONE', *, *, #1853, .F. ) ;
#1572 = DIRECTION ( 'NONE',  ( -1.000000000000000000, 0.000000000000000000, 0.000000000000000000 ) ) ;
#1573 = VECTOR ( 'NONE', #372, 999.9999999999998863 ) ;
#1574 = PRESENTATION_LAYER_ASSIGNMENT (  '', '', ( #2746 ) ) ;
#1575 = CARTESIAN_POINT ( 'NONE',  ( 1.241454421952312037, 0.09246576166006388597, -2.351878911381018789 ) ) ;
#1576 = FILL_AREA_STYLE_COLOUR ( '', #1337 ) ;
#1577 =( NAMED_UNIT ( * ) SI_UNIT ( $, .STERADIAN. ) SOLID_ANGLE_UNIT ( ) );
#1578 = FACE_OUTER_BOUND ( 'NONE', #2570, .T. ) ;
#1579 = EDGE_CURVE ( 'NONE', #596, #2075, #2656, .T. ) ;
#1580 =( LENGTH_UNIT ( ) NAMED_UNIT ( * ) SI_UNIT ( .MILLI., .METRE. ) );
#1581 = FILL_AREA_STYLE_COLOUR ( '', #1840 ) ;
#1582 = CIRCLE ( 'NONE', #1404, 0.7350000000000002087 ) ;
#1583 = DIRECTION ( 'NONE',  ( 0.000000000000000000, 0.000000000000000000, 1.000000000000000000 ) ) ;
#1584 = FILL_AREA_STYLE_COLOUR ( '', #274 ) ;
#1585 = STYLED_ITEM ( 'NONE', ( #3025 ), #1822 ) ;
#1586 = CARTESIAN_POINT ( 'NONE',  ( -1.469999999999999973, 2.399999999999999911, 2.123333333333333517 ) ) ;
#1587 = ORIENTED_EDGE ( 'NONE', *, *, #864, .T. ) ;
#1588 =( GEOMETRIC_REPRESENTATION_CONTEXT ( 3 ) GLOBAL_UNCERTAINTY_ASSIGNED_CONTEXT ( ( #1353 ) ) GLOBAL_UNIT_ASSIGNED_CONTEXT ( ( #3487, #2316, #2916 ) ) REPRESENTATION_CONTEXT ( 'NONE', 'WORKASPACE' ) );
#1589 = DIRECTION ( 'NONE',  ( -1.000000000000000000, 0.000000000000000000, 1.896563567030043852E-16 ) ) ;
#1590 = FILL_AREA_STYLE ('',( #3057 ) ) ;
#1591 = DIRECTION ( 'NONE',  ( -0.000000000000000000, -0.000000000000000000, 1.000000000000000000 ) ) ;
#1592 = ORIENTED_EDGE ( 'NONE', *, *, #2981, .T. ) ;
#1593 = VERTEX_POINT ( 'NONE', #2696 ) ;
#1594 = FACE_OUTER_BOUND ( 'NONE', #2533, .T. ) ;
#1595 = LINE ( 'NONE', #2752, #2184 ) ;
#1596 = EDGE_CURVE ( 'NONE', #2171, #1813, #2969, .T. ) ;
#1597 = CARTESIAN_POINT ( 'NONE',  ( 1.188333333333333686, 0.6399999999999996803, -1.188333333333333686 ) ) ;
#1598 =( NAMED_UNIT ( * ) PLANE_ANGLE_UNIT ( ) SI_UNIT ( $, .RADIAN. ) );
#1599 = CARTESIAN_POINT ( 'NONE',  ( -1.188333333333333686, 2.000000000000000000, 1.188333333333333686 ) ) ;
#1600 = CARTESIAN_POINT ( 'NONE',  ( -1.592500000000000027, 0.2399999999999997968, 2.123333333333334405 ) ) ;
#1601 = STYLED_ITEM ( 'NONE', ( #1851 ), #2727 ) ;
#1602 = DIRECTION ( 'NONE',  ( 0.000000000000000000, 0.000000000000000000, 1.000000000000000000 ) ) ;
#1603 = FACE_OUTER_BOUND ( 'NONE', #2208, .T. ) ;
#1604 = PRESENTATION_STYLE_ASSIGNMENT (( #1620 ) ) ;
#1605 = ORIENTED_EDGE ( 'NONE', *, *, #1701, .F. ) ;
#1606 = SURFACE_SIDE_STYLE ('',( #2353 ) ) ;
#1607 = FILL_AREA_STYLE_COLOUR ( '', #715 ) ;
#1608 = VERTEX_POINT ( 'NONE', #294 ) ;
#1609 = ORIENTED_EDGE ( 'NONE', *, *, #3447, .T. ) ;
#1610 = SURFACE_SIDE_STYLE ('',( #3039 ) ) ;
#1611 =( LENGTH_UNIT ( ) NAMED_UNIT ( * ) SI_UNIT ( .MILLI., .METRE. ) );
#1612 = DIRECTION ( 'NONE',  ( -0.000000000000000000, 1.000000000000000000, -0.000000000000000000 ) ) ;
#1613 = LINE ( 'NONE', #1017, #3561 ) ;
#1614 = CARTESIAN_POINT ( 'NONE',  ( 1.923333333333333339, 0.6400000000000000133, -1.188333333333333686 ) ) ;
#1615 = CARTESIAN_POINT ( 'NONE',  ( 1.469999999999999973, 0.6399999999999996803, 2.123333333333333961 ) ) ;
#1616 = DIRECTION ( 'NONE',  ( -1.000000000000000000, 0.000000000000000000, 0.000000000000000000 ) ) ;
#1617 = UNCERTAINTY_MEASURE_WITH_UNIT (LENGTH_MEASURE( 1.000000000000000082E-05 ), #3183, 'distance_accuracy_value', 'NONE');
#1618 = CARTESIAN_POINT ( 'NONE',  ( -1.188333333333333686, 1.320000000000000062, 2.912069900877995110 ) ) ;
#1619 = ORIENTED_EDGE ( 'NONE', *, *, #1798, .T. ) ;
#1620 = SURFACE_STYLE_USAGE ( .BOTH. , #1004 ) ;
#1621 = VERTEX_POINT ( 'NONE', #1222 ) ;
#1622 = CARTESIAN_POINT ( 'NONE',  ( 0.000000000000000000, 1.320000000000000062, -1.712069900877996043 ) ) ;
#1623 = EDGE_CURVE ( 'NONE', #2627, #1786, #837, .T. ) ;
#1624 = MECHANICAL_DESIGN_GEOMETRIC_PRESENTATION_REPRESENTATION (  '', ( #3672 ), #251 ) ;
#1625 = FILL_AREA_STYLE_COLOUR ( '', #1537 ) ;
#1626 = VERTEX_POINT ( 'NONE', #3283 ) ;
#1627 =( NAMED_UNIT ( * ) PLANE_ANGLE_UNIT ( ) SI_UNIT ( $, .RADIAN. ) );
#1628 = VECTOR ( 'NONE', #1471, 999.9999999999998863 ) ;
#1629 = CARTESIAN_POINT ( 'NONE',  ( 1.502654158242909377, 0.3827213078750212882, -3.716629054470328430 ) ) ;
#1630 = SURFACE_SIDE_STYLE ('',( #3359 ) ) ;
#1631 = VECTOR ( 'NONE', #1067, 1000.000000000000000 ) ;
#1632 = ORIENTED_EDGE ( 'NONE', *, *, #3158, .T. ) ;
#1633 = PRESENTATION_STYLE_ASSIGNMENT (( #1864 ) ) ;
#1634 = PRESENTATION_LAYER_ASSIGNMENT (  '', '', ( #2261 ) ) ;
#1635 = VECTOR ( 'NONE', #774, 1000.000000000000000 ) ;
#1636 = SURFACE_STYLE_USAGE ( .BOTH. , #414 ) ;
#1637 = DIRECTION ( 'NONE',  ( -1.000000000000000000, 0.000000000000000000, 0.000000000000000000 ) ) ;
#1638 = VECTOR ( 'NONE', #2534, 1000.000000000000000 ) ;
#1639 = DIRECTION ( 'NONE',  ( 0.000000000000000000, 1.000000000000000000, 0.000000000000000000 ) ) ;
#1640 = FILL_AREA_STYLE_COLOUR ( '', #772 ) ;
#1641 = ORIENTED_EDGE ( 'NONE', *, *, #1798, .F. ) ;
#1642 = CARTESIAN_POINT ( 'NONE',  ( 1.469999999999999973, 0.3724254913291695224, 2.123333333333333961 ) ) ;
#1643 = ORIENTED_EDGE ( 'NONE', *, *, #3669, .T. ) ;
#1644 = AXIS2_PLACEMENT_3D ( 'NONE', #2180, #2780, #459 ) ;
#1645 = SURFACE_STYLE_FILL_AREA ( #436 ) ;
#1646 = VECTOR ( 'NONE', #1746, 1000.000000000000000 ) ;
#1647 = DIRECTION ( 'NONE',  ( 0.000000000000000000, 1.000000000000000000, -0.000000000000000000 ) ) ;
#1648 = AXIS2_PLACEMENT_3D ( 'NONE', #240, #3724, #793 ) ;
#1649 = ADVANCED_FACE ( 'NONE', ( #27 ), #3533, .F. ) ;
#1650 = DIRECTION ( 'NONE',  ( 0.000000000000000000, 1.000000000000000000, 0.000000000000000000 ) ) ;
#1651 = DIRECTION ( 'NONE',  ( -0.3007057995042664023, 0.9537169507482290420, 0.000000000000000000 ) ) ;
#1652 = AXIS2_PLACEMENT_3D ( 'NONE', #352, #1271, #1940 ) ;
#1653 = DIRECTION ( 'NONE',  ( -0.000000000000000000, 1.000000000000000000, -0.000000000000000000 ) ) ;
#1654 = DIRECTION ( 'NONE',  ( 0.000000000000000000, 1.000000000000000000, 0.000000000000000000 ) ) ;
#1655 = AXIS2_PLACEMENT_3D ( 'NONE', #2720, #2299, #3472 ) ;
#1656 = PLANE ( 'NONE',  #949 ) ;
#1657 = CARTESIAN_POINT ( 'NONE',  ( -1.797345841757090668, 0.3827213078750212882, -2.450000000000000622 ) ) ;
#1658 = ORIENTED_EDGE ( 'NONE', *, *, #3157, .T. ) ;
#1659 = FACE_OUTER_BOUND ( 'NONE', #1102, .T. ) ;
#1660 = DIRECTION ( 'NONE',  ( 0.000000000000000000, 1.000000000000000000, -0.000000000000000000 ) ) ;
#1661 = LINE ( 'NONE', #415, #1635 ) ;
#1662 = AXIS2_PLACEMENT_3D ( 'NONE', #3140, #2600, #2296 ) ;
#1663 = UNCERTAINTY_MEASURE_WITH_UNIT (LENGTH_MEASURE( 1.000000000000000082E-05 ), #3522, 'distance_accuracy_value', 'NONE');
#1664 = FILL_AREA_STYLE_COLOUR ( '', #1534 ) ;
#1665 = ORIENTED_EDGE ( 'NONE', *, *, #223, .F. ) ;
#1666 = CARTESIAN_POINT ( 'NONE',  ( -1.143333333333329316, 0.1627596668112849532, 2.450000000000000622 ) ) ;
#1667 = ORIENTED_EDGE ( 'NONE', *, *, #2501, .T. ) ;
#1668 = FILL_AREA_STYLE ('',( #1993 ) ) ;
#1669 = ORIENTED_EDGE ( 'NONE', *, *, #119, .F. ) ;
#1670 = ADVANCED_FACE ( 'NONE', ( #2123 ), #444, .T. ) ;
#1671 = DIRECTION ( 'NONE',  ( 0.3007057995042664023, 0.9537169507482290420, 0.000000000000000000 ) ) ;
#1672 = DIRECTION ( 'NONE',  ( 0.000000000000000000, 0.000000000000000000, 1.000000000000000000 ) ) ;
#1673 = ADVANCED_FACE ( 'NONE', ( #2463 ), #3035, .T. ) ;
#1674 = SURFACE_STYLE_FILL_AREA ( #3743 ) ;
#1675 = PRESENTATION_STYLE_ASSIGNMENT (( #1724 ) ) ;
#1676 =( NAMED_UNIT ( * ) SI_UNIT ( $, .STERADIAN. ) SOLID_ANGLE_UNIT ( ) );
#1677 = EDGE_CURVE ( 'NONE', #104, #628, #2573, .T. ) ;
#1678 = LINE ( 'NONE', #3434, #3479 ) ;
#1679 = DIRECTION ( 'NONE',  ( 0.7071067811865433539, 0.000000000000000000, 0.7071067811865516806 ) ) ;
#1680 = ADVANCED_FACE ( 'NONE', ( #2673 ), #730, .T. ) ;
#1681 = ORIENTED_EDGE ( 'NONE', *, *, #1803, .T. ) ;
#1682 =( NAMED_UNIT ( * ) PLANE_ANGLE_UNIT ( ) SI_UNIT ( $, .RADIAN. ) );
#1683 = ORIENTED_EDGE ( 'NONE', *, *, #3288, .F. ) ;
#1684 = DIRECTION ( 'NONE',  ( -0.7071067811865517916, 0.000000000000000000, 0.7071067811865433539 ) ) ;
#1685 = CARTESIAN_POINT ( 'NONE',  ( 1.143333333333329094, 2.000000000000000000, -2.450000000000000622 ) ) ;
#1686 = DIRECTION ( 'NONE',  ( -1.000000000000000000, -0.000000000000000000, -0.000000000000000000 ) ) ;
#1687 = ORIENTED_EDGE ( 'NONE', *, *, #3422, .T. ) ;
#1688 = LINE ( 'NONE', #3467, #3495 ) ;
#1689 = DIRECTION ( 'NONE',  ( 0.7071067811865441310, 0.000000000000000000, -0.7071067811865510144 ) ) ;
#1690 = DIRECTION ( 'NONE',  ( 1.000000000000000000, 0.000000000000000000, 0.000000000000000000 ) ) ;
#1691 = CARTESIAN_POINT ( 'NONE',  ( -2.449999999999998845, 0.2399999999999997691, -2.048333333333333783 ) ) ;
#1692 = CIRCLE ( 'NONE', #2183, 1.200000000000000622 ) ;
#1693 =( LENGTH_UNIT ( ) NAMED_UNIT ( * ) SI_UNIT ( .MILLI., .METRE. ) );
#1694 =( NAMED_UNIT ( * ) SI_UNIT ( $, .STERADIAN. ) SOLID_ANGLE_UNIT ( ) );
#1695 = CARTESIAN_POINT ( 'NONE',  ( 1.712069900877995154, 1.320000000000000062, 1.188333333333333686 ) ) ;
#1696 = DIRECTION ( 'NONE',  ( 0.000000000000000000, -1.000000000000000000, 0.000000000000000000 ) ) ;
#1697 = PRESENTATION_STYLE_ASSIGNMENT (( #817 ) ) ;
#1698 = DIRECTION ( 'NONE',  ( 0.000000000000000000, 1.000000000000000000, -0.000000000000000000 ) ) ;
#1699 = VECTOR ( 'NONE', #313, 1000.000000000000000 ) ;
#1700 = AXIS2_PLACEMENT_3D ( 'NONE', #578, #2356, #3268 ) ;
#1701 = EDGE_CURVE ( 'NONE', #3774, #753, #458, .T. ) ;
#1702 = VECTOR ( 'NONE', #1684, 1000.000000000000000 ) ;
#1703 = UNCERTAINTY_MEASURE_WITH_UNIT (LENGTH_MEASURE( 1.000000000000000082E-05 ), #1417, 'distance_accuracy_value', 'NONE');
#1704 = FACE_OUTER_BOUND ( 'NONE', #482, .T. ) ;
#1705 = ORIENTED_EDGE ( 'NONE', *, *, #2729, .F. ) ;
#1706 =( NAMED_UNIT ( * ) PLANE_ANGLE_UNIT ( ) SI_UNIT ( $, .RADIAN. ) );
#1707 = CIRCLE ( 'NONE', #1516, 1.199999999999999734 ) ;
#1708 = VERTEX_POINT ( 'NONE', #1615 ) ;
#1709 = DIRECTION ( 'NONE',  ( -0.7071067811865433539, 0.000000000000000000, -0.7071067811865517916 ) ) ;
#1710 = VECTOR ( 'NONE', #1327, 1000.000000000000000 ) ;
#1711 = VECTOR ( 'NONE', #2986, 1000.000000000000000 ) ;
#1712 = VERTEX_POINT ( 'NONE', #3125 ) ;
#1713 = PRESENTATION_STYLE_ASSIGNMENT (( #1737 ) ) ;
#1714 =( GEOMETRIC_REPRESENTATION_CONTEXT ( 3 ) GLOBAL_UNCERTAINTY_ASSIGNED_CONTEXT ( ( #3167 ) ) GLOBAL_UNIT_ASSIGNED_CONTEXT ( ( #3338, #328, #355 ) ) REPRESENTATION_CONTEXT ( 'NONE', 'WORKASPACE' ) );
#1715 = ORIENTED_EDGE ( 'NONE', *, *, #325, .F. ) ;
#1716 = SURFACE_STYLE_FILL_AREA ( #3109 ) ;
#1717 = CIRCLE ( 'NONE', #762, 0.1224999999999999978 ) ;
#1718 = AXIS2_PLACEMENT_3D ( 'NONE', #587, #2130, #336 ) ;
#1719 = SURFACE_SIDE_STYLE ('',( #2829 ) ) ;
#1720 = VECTOR ( 'NONE', #1433, 1000.000000000000000 ) ;
#1721 = PRESENTATION_STYLE_ASSIGNMENT (( #1430 ) ) ;
#1722 =( GEOMETRIC_REPRESENTATION_CONTEXT ( 3 ) GLOBAL_UNCERTAINTY_ASSIGNED_CONTEXT ( ( #1076 ) ) GLOBAL_UNIT_ASSIGNED_CONTEXT ( ( #696, #1880, #3030 ) ) REPRESENTATION_CONTEXT ( 'NONE', 'WORKASPACE' ) );
#1723 = FACE_OUTER_BOUND ( 'NONE', #3569, .T. ) ;
#1724 = SURFACE_STYLE_USAGE ( .BOTH. , #2849 ) ;
#1725 = CARTESIAN_POINT ( 'NONE',  ( 2.374999999999999112, 2.000000000000000000, 1.218333333333330826 ) ) ;
#1726 = AXIS2_PLACEMENT_3D ( 'NONE', #335, #560, #3251 ) ;
#1727 = LINE ( 'NONE', #2625, #2444 ) ;
#1728 = CARTESIAN_POINT ( 'NONE',  ( 1.502654158242909377, 0.3827213078750212882, -2.450000000000000622 ) ) ;
#1729 = VERTEX_POINT ( 'NONE', #1349 ) ;
#1730 = AXIS2_PLACEMENT_3D ( 'NONE', #3799, #1468, #2057 ) ;
#1731 = LINE ( 'NONE', #3790, #2336 ) ;
#1732 = ORIENTED_EDGE ( 'NONE', *, *, #712, .F. ) ;
#1733 = EDGE_CURVE ( 'NONE', #1626, #628, #1582, .T. ) ;
#1734 =( GEOMETRIC_REPRESENTATION_CONTEXT ( 3 ) GLOBAL_UNCERTAINTY_ASSIGNED_CONTEXT ( ( #1986 ) ) GLOBAL_UNIT_ASSIGNED_CONTEXT ( ( #2547, #1090, #1948 ) ) REPRESENTATION_CONTEXT ( 'NONE', 'WORKASPACE' ) );
#1735 = CARTESIAN_POINT ( 'NONE',  ( -1.592500000000000027, 0.2399999999999997968, 2.123333333333334405 ) ) ;
#1736 = ORIENTED_EDGE ( 'NONE', *, *, #3389, .F. ) ;
#1737 = SURFACE_STYLE_USAGE ( .BOTH. , #504 ) ;
#1738 = COLOUR_RGB ( '',0.7294117647058823151, 0.3568627450980392246, 0.02352941176470588203 ) ;
#1739 = LINE ( 'NONE', #947, #2900 ) ;
#1740 = FILL_AREA_STYLE ('',( #3300 ) ) ;
#1741 =( NAMED_UNIT ( * ) SI_UNIT ( $, .STERADIAN. ) SOLID_ANGLE_UNIT ( ) );
#1742 = DIRECTION ( 'NONE',  ( -0.9537169507482291531, 0.3007057995042662912, 1.808784822048078497E-16 ) ) ;
#1743 = CYLINDRICAL_SURFACE ( 'NONE', #2889, 0.4899999999999999911 ) ;
#1744 = FILL_AREA_STYLE ('',( #540 ) ) ;
#1745 =( NAMED_UNIT ( * ) SI_UNIT ( $, .STERADIAN. ) SOLID_ANGLE_UNIT ( ) );
#1746 = DIRECTION ( 'NONE',  ( -3.649488378632832720E-16, -0.000000000000000000, 1.000000000000000000 ) ) ;
#1747 = PLANE ( 'NONE',  #1726 ) ;
#1748 = ORIENTED_EDGE ( 'NONE', *, *, #564, .F. ) ;
#1749 = FACE_OUTER_BOUND ( 'NONE', #1945, .T. ) ;
#1750 = ORIENTED_EDGE ( 'NONE', *, *, #1364, .F. ) ;
#1751 = DIRECTION ( 'NONE',  ( 0.000000000000000000, 0.000000000000000000, 1.000000000000000000 ) ) ;
#1752 = ORIENTED_EDGE ( 'NONE', *, *, #1385, .T. ) ;
#1753 = CYLINDRICAL_SURFACE ( 'NONE', #3666, 1.200000000000000178 ) ;
#1754 = ORIENTED_EDGE ( 'NONE', *, *, #1701, .T. ) ;
#1755 = ADVANCED_FACE ( 'NONE', ( #3087 ), #3436, .T. ) ;
#1756 = DIRECTION ( 'NONE',  ( -1.000000000000000000, 0.000000000000000000, 1.896563567030043852E-16 ) ) ;
#1757 = CARTESIAN_POINT ( 'NONE',  ( -1.649999999999999911, 0.8699999999999994404, 2.450000000000000622 ) ) ;
#1758 = FACE_OUTER_BOUND ( 'NONE', #2559, .T. ) ;
#1759 = DIRECTION ( 'NONE',  ( 0.000000000000000000, 1.000000000000000000, 0.000000000000000000 ) ) ;
#1760 = DIRECTION ( 'NONE',  ( -1.000000000000000000, 0.000000000000000000, 1.896563567030043852E-16 ) ) ;
#1761 = PRESENTATION_LAYER_ASSIGNMENT (  '', '', ( #2132 ) ) ;
#1762 = ORIENTED_EDGE ( 'NONE', *, *, #704, .T. ) ;
#1763 = CARTESIAN_POINT ( 'NONE',  ( 1.188333333333333686, 1.320000000000000062, -1.712069900877996043 ) ) ;
#1764 = VERTEX_POINT ( 'NONE', #2758 ) ;
#1765 = COLOUR_RGB ( '',0.2509803921568627416, 0.2509803921568627416, 0.2509803921568627416 ) ;
#1766 = SURFACE_STYLE_FILL_AREA ( #2350 ) ;
#1767 = ORIENTED_EDGE ( 'NONE', *, *, #63, .T. ) ;
#1768 = DIRECTION ( 'NONE',  ( 0.000000000000000000, 0.000000000000000000, 1.000000000000000000 ) ) ;
#1769 = ORIENTED_EDGE ( 'NONE', *, *, #991, .T. ) ;
#1770 = MECHANICAL_DESIGN_GEOMETRIC_PRESENTATION_REPRESENTATION (  '', ( #2746 ), #1397 ) ;
#1771 = CIRCLE ( 'NONE', #956, 1.199999999999999734 ) ;
#1772 = STYLED_ITEM ( 'NONE', ( #3480 ), #3514 ) ;
#1773 = DIRECTION ( 'NONE',  ( -0.7071067811865517916, -0.000000000000000000, 0.7071067811865433539 ) ) ;
#1774 =( GEOMETRIC_REPRESENTATION_CONTEXT ( 3 ) GLOBAL_UNCERTAINTY_ASSIGNED_CONTEXT ( ( #3170 ) ) GLOBAL_UNIT_ASSIGNED_CONTEXT ( ( #2139, #2955, #3386 ) ) REPRESENTATION_CONTEXT ( 'NONE', 'WORKASPACE' ) );
#1775 = ADVANCED_FACE ( 'NONE', ( #93 ), #3449, .F. ) ;
#1776 = CARTESIAN_POINT ( 'NONE',  ( 1.592499999999997806, 0.6399999999999996803, 2.123333333333334405 ) ) ;
#1777 = FILL_AREA_STYLE_COLOUR ( '', #8 ) ;
#1778 = PRESENTATION_LAYER_ASSIGNMENT (  '', '', ( #2452 ) ) ;
#1779 = DIRECTION ( 'NONE',  ( 1.000000000000000000, 0.000000000000000000, 0.000000000000000000 ) ) ;
#1780 = VECTOR ( 'NONE', #1173, 1000.000000000000000 ) ;
#1781 = CARTESIAN_POINT ( 'NONE',  ( -1.714999999999999414, 0.6399999999999996803, 1.673333333333334227 ) ) ;
#1782 =( BOUNDED_CURVE ( )  B_SPLINE_CURVE ( 3, ( #710, #671, #1575, #1051 ),
 .UNSPECIFIED., .F., .T. ) 
 B_SPLINE_CURVE_WITH_KNOTS ( ( 4, 4 ),
 ( 1.779198133386644010, 2.192444125444336755 ),
 .UNSPECIFIED. ) 
 CURVE ( )  GEOMETRIC_REPRESENTATION_ITEM ( )  RATIONAL_B_SPLINE_CURVE ( ( 1.000000000000000000, 0.9858195376617002736, 0.9858195376617002736, 1.000000000000000000 ) ) 
 REPRESENTATION_ITEM ( '' )  );
#1783 = ORIENTED_EDGE ( 'NONE', *, *, #3240, .T. ) ;
#1784 = ORIENTED_EDGE ( 'NONE', *, *, #3307, .T. ) ;
#1785 = CARTESIAN_POINT ( 'NONE',  ( 2.375000000000000444, 0.6399999999999996803, -2.123333333333333517 ) ) ;
#1786 = VERTEX_POINT ( 'NONE', #1296 ) ;
#1787 = AXIS2_PLACEMENT_3D ( 'NONE', #676, #985, #3089 ) ;
#1788 = UNCERTAINTY_MEASURE_WITH_UNIT (LENGTH_MEASURE( 1.000000000000000082E-05 ), #2437, 'distance_accuracy_value', 'NONE');
#1789 = SURFACE_STYLE_FILL_AREA ( #2082 ) ;
#1790 = PRESENTATION_STYLE_ASSIGNMENT (( #1215 ) ) ;
#1791 = ORIENTED_EDGE ( 'NONE', *, *, #439, .F. ) ;
#1792 = VECTOR ( 'NONE', #3459, 1000.000000000000000 ) ;
#1793 = AXIS2_PLACEMENT_3D ( 'NONE', #723, #1651, #1995 ) ;
#1794 = DIRECTION ( 'NONE',  ( -3.649488378632832720E-16, -0.000000000000000000, 1.000000000000000000 ) ) ;
#1795 = DIRECTION ( 'NONE',  ( 0.000000000000000000, -1.000000000000000000, 0.000000000000000000 ) ) ;
#1796 = UNCERTAINTY_MEASURE_WITH_UNIT (LENGTH_MEASURE( 1.000000000000000082E-05 ), #1432, 'distance_accuracy_value', 'NONE');
#1797 =( NAMED_UNIT ( * ) SI_UNIT ( $, .STERADIAN. ) SOLID_ANGLE_UNIT ( ) );
#1798 = EDGE_CURVE ( 'NONE', #2944, #1323, #3647, .T. ) ;
#1799 =( LENGTH_UNIT ( ) NAMED_UNIT ( * ) SI_UNIT ( .MILLI., .METRE. ) );
#1800 = EDGE_CURVE ( 'NONE', #73, #3620, #1717, .T. ) ;
#1801 = PRESENTATION_STYLE_ASSIGNMENT (( #2419 ) ) ;
#1802 = DIRECTION ( 'NONE',  ( 0.000000000000000000, 1.000000000000000000, 0.000000000000000000 ) ) ;
#1803 = EDGE_CURVE ( 'NONE', #2044, #318, #1046, .T. ) ;
#1804 = ORIENTED_EDGE ( 'NONE', *, *, #2364, .F. ) ;
#1805 = ORIENTED_EDGE ( 'NONE', *, *, #550, .T. ) ;
#1806 = CARTESIAN_POINT ( 'NONE',  ( -1.923333333333334449, 2.000000000000000000, 1.188333333333333686 ) ) ;
#1807 = ORIENTED_EDGE ( 'NONE', *, *, #92, .F. ) ;
#1808 = FACE_OUTER_BOUND ( 'NONE', #3073, .T. ) ;
#1809 = SURFACE_SIDE_STYLE ('',( #625 ) ) ;
#1810 = PRESENTATION_STYLE_ASSIGNMENT (( #2723 ) ) ;
#1811 =( NAMED_UNIT ( * ) PLANE_ANGLE_UNIT ( ) SI_UNIT ( $, .RADIAN. ) );
#1812 = PRESENTATION_STYLE_ASSIGNMENT (( #3281 ) ) ;
#1813 = VERTEX_POINT ( 'NONE', #3635 ) ;
#1814 = DIRECTION ( 'NONE',  ( 1.000000000000000000, 0.000000000000000000, 0.000000000000000000 ) ) ;
#1815 = FILL_AREA_STYLE_COLOUR ( '', #2877 ) ;
#1816 = CARTESIAN_POINT ( 'NONE',  ( -1.450111778604833868, 0.3661547592103167048, 2.143221554728499179 ) ) ;
#1817 = FILL_AREA_STYLE ('',( #895 ) ) ;
#1818 = PLANE ( 'NONE',  #2828 ) ;
#1819 = LINE ( 'NONE', #2717, #1711 ) ;
#1820 = LINE ( 'NONE', #3837, #3682 ) ;
#1821 = CARTESIAN_POINT ( 'NONE',  ( 1.143333333333329094, 2.399999999999999911, -2.450000000000000622 ) ) ;
#1822 = ADVANCED_FACE ( 'NONE', ( #937 ), #627, .F. ) ;
#1823 = EDGE_CURVE ( 'NONE', #905, #290, #3572, .T. ) ;
#1824 = SURFACE_STYLE_USAGE ( .BOTH. , #1630 ) ;
#1825 =( NAMED_UNIT ( * ) PLANE_ANGLE_UNIT ( ) SI_UNIT ( $, .RADIAN. ) );
#1826 = FILL_AREA_STYLE_COLOUR ( '', #1100 ) ;
#1827 = ORIENTED_EDGE ( 'NONE', *, *, #1579, .T. ) ;
#1828 = SURFACE_STYLE_FILL_AREA ( #1194 ) ;
#1829 = CARTESIAN_POINT ( 'NONE',  ( 2.449999999999998845, 0.2399999999999997691, -2.048333333333334227 ) ) ;
#1830 = ORIENTED_EDGE ( 'NONE', *, *, #2643, .F. ) ;
#1831 = COLOUR_RGB ( '',0.7294117647058823151, 0.3568627450980392246, 0.02352941176470588203 ) ;
#1832 = VECTOR ( 'NONE', #643, 1000.000000000000114 ) ;
#1833 = CARTESIAN_POINT ( 'NONE',  ( 1.143333333333329094, 2.000000000000000000, -2.450000000000000622 ) ) ;
#1834 = AXIS2_PLACEMENT_3D ( 'NONE', #3628, #1927, #1308 ) ;
#1835 = PRESENTATION_LAYER_ASSIGNMENT (  '', '', ( #377 ) ) ;
#1836 = DIRECTION ( 'NONE',  ( 1.000000000000000000, -5.338036206369958087E-15, -8.850629979473505765E-16 ) ) ;
#1837 = VECTOR ( 'NONE', #2639, 1000.000000000000000 ) ;
#1838 = DIRECTION ( 'NONE',  ( -4.792053801040900923E-16, 0.000000000000000000, 1.000000000000000000 ) ) ;
#1839 = SURFACE_SIDE_STYLE ('',( #923 ) ) ;
#1840 = COLOUR_RGB ( '',0.2509803921568627416, 0.2509803921568627416, 0.2509803921568627416 ) ;
#1841 = PRESENTATION_STYLE_ASSIGNMENT (( #3308 ) ) ;
#1842 = ORIENTED_EDGE ( 'NONE', *, *, #678, .F. ) ;
#1843 = ADVANCED_FACE ( 'NONE', ( #2367 ), #2688, .F. ) ;
#1844 = MECHANICAL_DESIGN_GEOMETRIC_PRESENTATION_REPRESENTATION (  '', ( #3498 ), #206 ) ;
#1845 =( GEOMETRIC_REPRESENTATION_CONTEXT ( 3 ) GLOBAL_UNCERTAINTY_ASSIGNED_CONTEXT ( ( #478 ) ) GLOBAL_UNIT_ASSIGNED_CONTEXT ( ( #685, #1627, #725 ) ) REPRESENTATION_CONTEXT ( 'NONE', 'WORKASPACE' ) );
#1846 = VECTOR ( 'NONE', #493, 1000.000000000000000 ) ;
#1847 = CARTESIAN_POINT ( 'NONE',  ( -1.469999999999999973, 0.6399999999999996803, -2.123333333333333517 ) ) ;
#1848 = DIRECTION ( 'NONE',  ( 1.626303258728257045E-15, 1.000000000000000000, 0.000000000000000000 ) ) ;
#1849 = DIRECTION ( 'NONE',  ( -1.000000000000000000, 0.000000000000000000, 0.000000000000000000 ) ) ;
#1850 = AXIS2_PLACEMENT_3D ( 'NONE', #2707, #1848, #1250 ) ;
#1851 = PRESENTATION_STYLE_ASSIGNMENT (( #1443 ) ) ;
#1852 = ORIENTED_EDGE ( 'NONE', *, *, #1548, .F. ) ;
#1853 = EDGE_CURVE ( 'NONE', #2572, #888, #3236, .T. ) ;
#1854 = AXIS2_PLACEMENT_3D ( 'NONE', #1599, #711, #111 ) ;
#1855 = VECTOR ( 'NONE', #490, 1000.000000000000000 ) ;
#1856 = CARTESIAN_POINT ( 'NONE',  ( 1.143333333333329094, 2.399999999999999911, 2.450000000000000622 ) ) ;
#1857 = STYLED_ITEM ( 'NONE', ( #194 ), #2669 ) ;
#1858 = CARTESIAN_POINT ( 'NONE',  ( 1.649999999999999911, -0.08459999799161091460, -2.123333333333333961 ) ) ;
#1859 = DIRECTION ( 'NONE',  ( -0.000000000000000000, 1.000000000000000000, -0.000000000000000000 ) ) ;
#1860 = SURFACE_STYLE_FILL_AREA ( #1553 ) ;
#1861 = CARTESIAN_POINT ( 'NONE',  ( -1.649999999999999911, 0.8699999999999994404, 2.450000000000000622 ) ) ;
#1862 = DIRECTION ( 'NONE',  ( -0.000000000000000000, 1.000000000000000000, -0.000000000000000000 ) ) ;
#1863 = ORIENTED_EDGE ( 'NONE', *, *, #1853, .T. ) ;
#1864 = SURFACE_STYLE_USAGE ( .BOTH. , #425 ) ;
#1865 = PRESENTATION_STYLE_ASSIGNMENT (( #944 ) ) ;
#1866 = PRESENTATION_STYLE_ASSIGNMENT (( #1003 ) ) ;
#1867 = ORIENTED_EDGE ( 'NONE', *, *, #2066, .T. ) ;
#1868 = ADVANCED_FACE ( 'NONE', ( #270 ), #1743, .F. ) ;
#1869 = UNCERTAINTY_MEASURE_WITH_UNIT (LENGTH_MEASURE( 1.000000000000000082E-05 ), #1118, 'distance_accuracy_value', 'NONE');
#1870 = FACE_OUTER_BOUND ( 'NONE', #43, .T. ) ;
#1871 = EDGE_CURVE ( 'NONE', #3405, #324, #3507, .T. ) ;
#1872 = SURFACE_STYLE_FILL_AREA ( #666 ) ;
#1873 = VERTEX_POINT ( 'NONE', #1186 ) ;
#1874 = ORIENTED_EDGE ( 'NONE', *, *, #2831, .T. ) ;
#1875 =( LENGTH_UNIT ( ) NAMED_UNIT ( * ) SI_UNIT ( .MILLI., .METRE. ) );
#1876 = DIRECTION ( 'NONE',  ( 3.649488378632832720E-16, 0.000000000000000000, -1.000000000000000000 ) ) ;
#1877 = DIRECTION ( 'NONE',  ( -0.3007057995042662912, 0.9537169507482291531, 0.000000000000000000 ) ) ;
#1878 = CARTESIAN_POINT ( 'NONE',  ( 1.592499999999997806, 0.2399999999999997968, 2.123333333333334405 ) ) ;
#1879 = SURFACE_SIDE_STYLE ('',( #3332 ) ) ;
#1880 =( NAMED_UNIT ( * ) PLANE_ANGLE_UNIT ( ) SI_UNIT ( $, .RADIAN. ) );
#1881 = CARTESIAN_POINT ( 'NONE',  ( 1.241454421952312037, 0.09246576166006385822, 2.351878911381018789 ) ) ;
#1882 = ORIENTED_EDGE ( 'NONE', *, *, #523, .F. ) ;
#1883 =( GEOMETRIC_REPRESENTATION_CONTEXT ( 3 ) GLOBAL_UNCERTAINTY_ASSIGNED_CONTEXT ( ( #722 ) ) GLOBAL_UNIT_ASSIGNED_CONTEXT ( ( #3159, #473, #1741 ) ) REPRESENTATION_CONTEXT ( 'NONE', 'WORKASPACE' ) );
#1884 = AXIS2_PLACEMENT_3D ( 'NONE', #363, #1838, #1259 ) ;
#1885 = CYLINDRICAL_SURFACE ( 'NONE', #1155, 1.199999999999999734 ) ;
#1886 = CARTESIAN_POINT ( 'NONE',  ( 1.592499999999997806, 0.6399999999999996803, 2.245833333333334458 ) ) ;
#1887 = CARTESIAN_POINT ( 'NONE',  ( 2.375000000000000444, 0.2399999999999997691, 2.123333333333333517 ) ) ;
#1888 = ORIENTED_EDGE ( 'NONE', *, *, #1116, .F. ) ;
#1889 = ORIENTED_EDGE ( 'NONE', *, *, #1548, .T. ) ;
#1890 = EDGE_CURVE ( 'NONE', #465, #2627, #3160, .T. ) ;
#1891 = AXIS2_PLACEMENT_3D ( 'NONE', #1962, #2762, #2820 ) ;
#1892 = CARTESIAN_POINT ( 'NONE',  ( 2.375000000000000444, 0.2399999999999997691, 2.123333333333333517 ) ) ;
#1893 = STYLED_ITEM ( 'NONE', ( #2816 ), #1755 ) ;
#1894 = AXIS2_PLACEMENT_3D ( 'NONE', #2212, #1277, #631 ) ;
#1895 = SURFACE_STYLE_FILL_AREA ( #1346 ) ;
#1896 = FACE_OUTER_BOUND ( 'NONE', #2773, .T. ) ;
#1897 = VECTOR ( 'NONE', #3516, 1000.000000000000000 ) ;
#1898 = CARTESIAN_POINT ( 'NONE',  ( 1.188333333333333686, 2.000000000000000000, 1.923333333333333561 ) ) ;
#1899 = AXIS2_PLACEMENT_3D ( 'NONE', #771, #1698, #2836 ) ;
#1900 = FILL_AREA_STYLE_COLOUR ( '', #642 ) ;
#1901 = UNCERTAINTY_MEASURE_WITH_UNIT (LENGTH_MEASURE( 1.000000000000000082E-05 ), #3727, 'distance_accuracy_value', 'NONE');
#1902 =( NAMED_UNIT ( * ) PLANE_ANGLE_UNIT ( ) SI_UNIT ( $, .RADIAN. ) );
#1903 = ADVANCED_FACE ( 'NONE', ( #3768 ), #349, .T. ) ;
#1904 =( GEOMETRIC_REPRESENTATION_CONTEXT ( 3 ) GLOBAL_UNCERTAINTY_ASSIGNED_CONTEXT ( ( #3616 ) ) GLOBAL_UNIT_ASSIGNED_CONTEXT ( ( #3314, #1811, #2133 ) ) REPRESENTATION_CONTEXT ( 'NONE', 'WORKASPACE' ) );
#1905 = EDGE_LOOP ( 'NONE', ( #561, #881, #2427, #2493 ) ) ;
#1906 = ORIENTED_EDGE ( 'NONE', *, *, #2479, .F. ) ;
#1907 = LINE ( 'NONE', #3076, #1026 ) ;
#1908 = COLOUR_RGB ( '',0.2509803921568627416, 0.2509803921568627416, 0.2509803921568627416 ) ;
#1909 = DIRECTION ( 'NONE',  ( 0.6901619708142003873, -0.2176072335280442860, -0.6901619708141922827 ) ) ;
#1910 = AXIS2_PLACEMENT_3D ( 'NONE', #1321, #1937, #2487 ) ;
#1911 = DIRECTION ( 'NONE',  ( 0.000000000000000000, 1.000000000000000000, 0.000000000000000000 ) ) ;
#1912 = LINE ( 'NONE', #2141, #2410 ) ;
#1913 = ORIENTED_EDGE ( 'NONE', *, *, #1677, .F. ) ;
#1914 = VERTEX_POINT ( 'NONE', #3295 ) ;
#1915 = SURFACE_SIDE_STYLE ('',( #654 ) ) ;
#1916 = DIRECTION ( 'NONE',  ( -1.000000000000000000, -5.338036206369958087E-15, 8.850629979473505765E-16 ) ) ;
#1917 = AXIS2_PLACEMENT_3D ( 'NONE', #2716, #103, #1298 ) ;
#1918 = CARTESIAN_POINT ( 'NONE',  ( 0.000000000000000000, 0.6400000000000000133, -1.923333333333334005 ) ) ;
#1919 = ADVANCED_FACE ( 'NONE', ( #626 ), #292, .T. ) ;
#1920 = ADVANCED_FACE ( 'NONE', ( #885 ), #3257, .T. ) ;
#1921 = SURFACE_STYLE_USAGE ( .BOTH. , #3065 ) ;
#1922 = FILL_AREA_STYLE ('',( #959 ) ) ;
#1923 = ORIENTED_EDGE ( 'NONE', *, *, #1295, .F. ) ;
#1924 = AXIS2_PLACEMENT_3D ( 'NONE', #416, #3072, #2457 ) ;
#1925 = PRESENTATION_STYLE_ASSIGNMENT (( #674 ) ) ;
#1926 =( NAMED_UNIT ( * ) SI_UNIT ( $, .STERADIAN. ) SOLID_ANGLE_UNIT ( ) );
#1927 = DIRECTION ( 'NONE',  ( 0.000000000000000000, 1.000000000000000000, -0.000000000000000000 ) ) ;
#1928 = EDGE_CURVE ( 'NONE', #417, #435, #2892, .T. ) ;
#1929 = SURFACE_STYLE_USAGE ( .BOTH. , #2224 ) ;
#1930 = SURFACE_STYLE_FILL_AREA ( #2225 ) ;
#1931 = EDGE_LOOP ( 'NONE', ( #1418, #568, #1906, #81 ) ) ;
#1932 = DIRECTION ( 'NONE',  ( 0.7071067811865510144, 0.000000000000000000, 0.7071067811865441310 ) ) ;
#1933 = ORIENTED_EDGE ( 'NONE', *, *, #2831, .F. ) ;
#1934 = EDGE_CURVE ( 'NONE', #887, #3795, #269, .T. ) ;
#1935 = ORIENTED_EDGE ( 'NONE', *, *, #1195, .T. ) ;
#1936 = LINE ( 'NONE', #86, #183 ) ;
#1937 = DIRECTION ( 'NONE',  ( 0.000000000000000000, 1.000000000000000000, 0.000000000000000000 ) ) ;
#1938 =( NAMED_UNIT ( * ) PLANE_ANGLE_UNIT ( ) SI_UNIT ( $, .RADIAN. ) );
#1939 = DIRECTION ( 'NONE',  ( 0.000000000000000000, 1.000000000000000000, 0.000000000000000000 ) ) ;
#1940 = DIRECTION ( 'NONE',  ( -1.000000000000000000, -4.425314989736752882E-16, 0.000000000000000000 ) ) ;
#1941 = VERTEX_POINT ( 'NONE', #2384 ) ;
#1942 = ORIENTED_EDGE ( 'NONE', *, *, #1994, .F. ) ;
#1943 = FACE_OUTER_BOUND ( 'NONE', #218, .T. ) ;
#1944 = EDGE_CURVE ( 'NONE', #375, #1626, #3622, .T. ) ;
#1945 = EDGE_LOOP ( 'NONE', ( #54, #2705, #3198, #1592 ) ) ;
#1946 = SURFACE_SIDE_STYLE ('',( #3731 ) ) ;
#1947 = FILL_AREA_STYLE_COLOUR ( '', #3670 ) ;
#1948 =( NAMED_UNIT ( * ) SI_UNIT ( $, .STERADIAN. ) SOLID_ANGLE_UNIT ( ) );
#1949 = ORIENTED_EDGE ( 'NONE', *, *, #3601, .F. ) ;
#1950 = CARTESIAN_POINT ( 'NONE',  ( 1.649999999999999911, 0.8699999999999994404, -2.450000000000000622 ) ) ;
#1951 = LINE ( 'NONE', #1691, #2321 ) ;
#1952 =( GEOMETRIC_REPRESENTATION_CONTEXT ( 3 ) GLOBAL_UNCERTAINTY_ASSIGNED_CONTEXT ( ( #2483 ) ) GLOBAL_UNIT_ASSIGNED_CONTEXT ( ( #1611, #2734, #977 ) ) REPRESENTATION_CONTEXT ( 'NONE', 'WORKASPACE' ) );
#1953 = DIRECTION ( 'NONE',  ( -1.000000000000000000, 0.000000000000000000, 8.850629979473505765E-16 ) ) ;
#1954 = CIRCLE ( 'NONE', #1458, 0.1224999999999999978 ) ;
#1955 = CARTESIAN_POINT ( 'NONE',  ( 2.374999999999999112, 2.000000000000000000, 1.218333333333330826 ) ) ;
#1956 = SURFACE_SIDE_STYLE ('',( #769 ) ) ;
#1957 = AXIS2_PLACEMENT_3D ( 'NONE', #3105, #1992, #2246 ) ;
#1958 = ORIENTED_EDGE ( 'NONE', *, *, #940, .F. ) ;
#1959 =( NAMED_UNIT ( * ) SI_UNIT ( $, .STERADIAN. ) SOLID_ANGLE_UNIT ( ) );
#1960 = VECTOR ( 'NONE', #1145, 1000.000000000000000 ) ;
#1961 = PRESENTATION_LAYER_ASSIGNMENT (  '', '', ( #3612 ) ) ;
#1962 = CARTESIAN_POINT ( 'NONE',  ( -1.592500000000000027, 0.2399999999999997968, 2.123333333333334405 ) ) ;
#1963 = EDGE_CURVE ( 'NONE', #1873, #1729, #457, .T. ) ;
#1964 = MECHANICAL_DESIGN_GEOMETRIC_PRESENTATION_REPRESENTATION (  '', ( #2140 ), #1153 ) ;
#1965 = FACE_OUTER_BOUND ( 'NONE', #3711, .T. ) ;
#1966 = SURFACE_STYLE_FILL_AREA ( #752 ) ;
#1967 = ORIENTED_EDGE ( 'NONE', *, *, #1493, .T. ) ;
#1968 = MECHANICAL_DESIGN_GEOMETRIC_PRESENTATION_REPRESENTATION (  '', ( #377 ), #1774 ) ;
#1969 = CARTESIAN_POINT ( 'NONE',  ( 1.502654158242909377, 0.3827213078750212882, -2.450000000000000622 ) ) ;
#1970 = VECTOR ( 'NONE', #3835, 1000.000000000000000 ) ;
#1971 = EDGE_CURVE ( 'NONE', #640, #192, #2978, .T. ) ;
#1972 = COLOUR_RGB ( '',0.2509803921568627416, 0.2509803921568627416, 0.2509803921568627416 ) ;
#1973 = ORIENTED_EDGE ( 'NONE', *, *, #1978, .F. ) ;
#1974 =( LENGTH_UNIT ( ) NAMED_UNIT ( * ) SI_UNIT ( .MILLI., .METRE. ) );
#1975 = VECTOR ( 'NONE', #3599, 1000.000000000000000 ) ;
#1976 =( GEOMETRIC_REPRESENTATION_CONTEXT ( 3 ) GLOBAL_UNCERTAINTY_ASSIGNED_CONTEXT ( ( #1120 ) ) GLOBAL_UNIT_ASSIGNED_CONTEXT ( ( #1509, #2439, #2670 ) ) REPRESENTATION_CONTEXT ( 'NONE', 'WORKASPACE' ) );
#1977 = CARTESIAN_POINT ( 'NONE',  ( -1.592499999999999361, 0.2400000000000000466, 2.245833333333334458 ) ) ;
#1978 = EDGE_CURVE ( 'NONE', #624, #2122, #3327, .T. ) ;
#1979 = COLOUR_RGB ( '',0.2509803921568627416, 0.2509803921568627416, 0.2509803921568627416 ) ;
#1980 = CARTESIAN_POINT ( 'NONE',  ( -1.143333333333329094, 0.2694278869620361228, -2.450000000000000178 ) ) ;
#1981 = CARTESIAN_POINT ( 'NONE',  ( 1.649999999999999911, -0.08459999799161091460, -2.123333333333333961 ) ) ;
#1982 = DIRECTION ( 'NONE',  ( 0.000000000000000000, 0.000000000000000000, 1.000000000000000000 ) ) ;
#1983 =( GEOMETRIC_REPRESENTATION_CONTEXT ( 3 ) GLOBAL_UNCERTAINTY_ASSIGNED_CONTEXT ( ( #2472 ) ) GLOBAL_UNIT_ASSIGNED_CONTEXT ( ( #3619, #3036, #1568 ) ) REPRESENTATION_CONTEXT ( 'NONE', 'WORKASPACE' ) );
#1984 = DIRECTION ( 'NONE',  ( -0.6901619708142003873, -0.2176072335280442860, 0.6901619708141922827 ) ) ;
#1985 = DIRECTION ( 'NONE',  ( 0.7071067811865510144, 0.000000000000000000, 0.7071067811865441310 ) ) ;
#1986 = UNCERTAINTY_MEASURE_WITH_UNIT (LENGTH_MEASURE( 1.000000000000000082E-05 ), #2547, 'distance_accuracy_value', 'NONE');
#1987 = LINE ( 'NONE', #3473, #3385 ) ;
#1988 = ORIENTED_EDGE ( 'NONE', *, *, #2760, .T. ) ;
#1989 = PRESENTATION_STYLE_ASSIGNMENT (( #776 ) ) ;
#1990 =( NAMED_UNIT ( * ) SI_UNIT ( $, .STERADIAN. ) SOLID_ANGLE_UNIT ( ) );
#1991 = ORIENTED_EDGE ( 'NONE', *, *, #1220, .T. ) ;
#1992 = DIRECTION ( 'NONE',  ( 0.000000000000000000, 1.000000000000000000, -0.000000000000000000 ) ) ;
#1993 = FILL_AREA_STYLE_COLOUR ( '', #2087 ) ;
#1994 = EDGE_CURVE ( 'NONE', #2993, #551, #3661, .T. ) ;
#1995 = DIRECTION ( 'NONE',  ( -0.9537169507482290420, -0.3007057995042664023, 0.000000000000000000 ) ) ;
#1996 = FACE_OUTER_BOUND ( 'NONE', #302, .T. ) ;
#1997 = ADVANCED_FACE ( 'NONE', ( #1603 ), #3347, .T. ) ;
#1998 = SURFACE_SIDE_STYLE ('',( #789 ) ) ;
#1999 = DIRECTION ( 'NONE',  ( 4.792053801040901909E-16, -0.000000000000000000, -1.000000000000000000 ) ) ;
#2000 = LINE ( 'NONE', #3146, #1720 ) ;
#2001 = PRESENTATION_STYLE_ASSIGNMENT (( #2569 ) ) ;
#2002 = ORIENTED_EDGE ( 'NONE', *, *, #914, .F. ) ;
#2003 = DIRECTION ( 'NONE',  ( -1.896563567030044345E-16, 0.000000000000000000, -1.000000000000000000 ) ) ;
#2004 = ORIENTED_EDGE ( 'NONE', *, *, #3613, .T. ) ;
#2005 = DIRECTION ( 'NONE',  ( 1.000000000000000000, 0.000000000000000000, 4.792053801040901909E-16 ) ) ;
#2006 = VERTEX_POINT ( 'NONE', #2165 ) ;
#2007 = FILL_AREA_STYLE_COLOUR ( '', #508 ) ;
#2008 = ORIENTED_EDGE ( 'NONE', *, *, #2250, .T. ) ;
#2009 = DIRECTION ( 'NONE',  ( -3.649488378632832720E-16, -0.000000000000000000, 1.000000000000000000 ) ) ;
#2010 = FACE_OUTER_BOUND ( 'NONE', #3093, .T. ) ;
#2011 = SURFACE_STYLE_USAGE ( .BOTH. , #3469 ) ;
#2012 = CARTESIAN_POINT ( 'NONE',  ( 2.250000000000000000, 0.2399999999999997691, -2.450000000000000622 ) ) ;
#2013 = VECTOR ( 'NONE', #3701, 1000.000000000000000 ) ;
#2014 = DIRECTION ( 'NONE',  ( 0.000000000000000000, 0.000000000000000000, -1.000000000000000000 ) ) ;
#2015 = SURFACE_STYLE_USAGE ( .BOTH. , #3721 ) ;
#2016 = DIRECTION ( 'NONE',  ( 0.000000000000000000, 0.000000000000000000, -1.000000000000000000 ) ) ;
#2017 = FILL_AREA_STYLE ('',( #3745 ) ) ;
#2018 = EDGE_CURVE ( 'NONE', #2590, #2731, #432, .T. ) ;
#2019 = AXIS2_PLACEMENT_3D ( 'NONE', #2931, #1095, #2915 ) ;
#2020 = VECTOR ( 'NONE', #3783, 1000.000000000000114 ) ;
#2021 = SURFACE_SIDE_STYLE ('',( #3168 ) ) ;
#2022 = ORIENTED_EDGE ( 'NONE', *, *, #291, .T. ) ;
#2023 = PRESENTATION_LAYER_ASSIGNMENT (  '', '', ( #1260 ) ) ;
#2024 = ORIENTED_EDGE ( 'NONE', *, *, #3286, .T. ) ;
#2025 = CIRCLE ( 'NONE', #1462, 0.4899999999999999911 ) ;
#2026 = DIRECTION ( 'NONE',  ( 0.000000000000000000, -1.000000000000000000, -0.000000000000000000 ) ) ;
#2027 = STYLED_ITEM ( 'NONE', ( #3484 ), #303 ) ;
#2028 = AXIS2_PLACEMENT_3D ( 'NONE', #1500, #1226, #3593 ) ;
#2029 = AXIS2_PLACEMENT_3D ( 'NONE', #1950, #3176, #486 ) ;
#2030 = PRESENTATION_LAYER_ASSIGNMENT (  '', '', ( #3672 ) ) ;
#2031 = STYLED_ITEM ( 'NONE', ( #1135 ), #1868 ) ;
#2032 = VECTOR ( 'NONE', #185, 1000.000000000000000 ) ;
#2033 = DIRECTION ( 'NONE',  ( -0.7071067811865433539, 0.000000000000000000, -0.7071067811865516806 ) ) ;
#2034 = CIRCLE ( 'NONE', #971, 1.200000000000000178 ) ;
#2035 = FACE_OUTER_BOUND ( 'NONE', #229, .T. ) ;
#2036 = DIRECTION ( 'NONE',  ( 1.000000000000000000, 0.000000000000000000, -4.984837574645999461E-16 ) ) ;
#2037 = PRESENTATION_LAYER_ASSIGNMENT (  '', '', ( #1030 ) ) ;
#2038 = AXIS2_PLACEMENT_3D ( 'NONE', #2920, #169, #1121 ) ;
#2039 =( LENGTH_UNIT ( ) NAMED_UNIT ( * ) SI_UNIT ( .MILLI., .METRE. ) );
#2040 = DIRECTION ( 'NONE',  ( 0.7071067811865517916, -0.000000000000000000, -0.7071067811865433539 ) ) ;
#2041 =( GEOMETRIC_REPRESENTATION_CONTEXT ( 3 ) GLOBAL_UNCERTAINTY_ASSIGNED_CONTEXT ( ( #797 ) ) GLOBAL_UNIT_ASSIGNED_CONTEXT ( ( #2975, #880, #1473 ) ) REPRESENTATION_CONTEXT ( 'NONE', 'WORKASPACE' ) );
#2042 = ADVANCED_FACE ( 'NONE', ( #131 ), #2782, .F. ) ;
#2043 = FACE_OUTER_BOUND ( 'NONE', #36, .T. ) ;
#2044 = VERTEX_POINT ( 'NONE', #2822 ) ;
#2045 = DIRECTION ( 'NONE',  ( 0.7071067811865454633, 0.000000000000000000, 0.7071067811865495711 ) ) ;
#2046 = ORIENTED_EDGE ( 'NONE', *, *, #2733, .T. ) ;
#2047 = EDGE_CURVE ( 'NONE', #2158, #3136, #153, .T. ) ;
#2048 = VECTOR ( 'NONE', #2337, 1000.000000000000000 ) ;
#2049 = VERTEX_POINT ( 'NONE', #2152 ) ;
#2050 = LINE ( 'NONE', #2862, #575 ) ;
#2051 = ORIENTED_EDGE ( 'NONE', *, *, #889, .F. ) ;
#2052 =( GEOMETRIC_REPRESENTATION_CONTEXT ( 3 ) GLOBAL_UNCERTAINTY_ASSIGNED_CONTEXT ( ( #1901 ) ) GLOBAL_UNIT_ASSIGNED_CONTEXT ( ( #3727, #1682, #825 ) ) REPRESENTATION_CONTEXT ( 'NONE', 'WORKASPACE' ) );
#2053 = CARTESIAN_POINT ( 'NONE',  ( 1.714999999999998526, 0.6399999999999996803, 2.123333333333334405 ) ) ;
#2054 =( LENGTH_UNIT ( ) NAMED_UNIT ( * ) SI_UNIT ( .MILLI., .METRE. ) );
#2055 = B_SPLINE_CURVE_WITH_KNOTS ( 'NONE', 3,
 ( #61, #1431, #2313, #3144, #474, #539, #1362, #162, #2236, #1094 ),
 .UNSPECIFIED., .F., .F.,
 ( 4, 2, 2, 2, 4 ),
 ( 3.909146525865938448E-19, 0.0001035845920381451961, 0.0002071691840762899855, 0.0003107537761144348021, 0.0004143383681525795916 ),
 .UNSPECIFIED. ) ;
#2056 = EDGE_CURVE ( 'NONE', #2380, #1316, #3333, .T. ) ;
#2057 = DIRECTION ( 'NONE',  ( 0.000000000000000000, -0.000000000000000000, 1.000000000000000000 ) ) ;
#2058 = DIRECTION ( 'NONE',  ( -0.9537169507482291531, -0.3007057995042662912, 0.000000000000000000 ) ) ;
#2059 = FILL_AREA_STYLE_COLOUR ( '', #1149 ) ;
#2060 =( NAMED_UNIT ( * ) PLANE_ANGLE_UNIT ( ) SI_UNIT ( $, .RADIAN. ) );
#2061 = VERTEX_POINT ( 'NONE', #3190 ) ;
#2062 = ORIENTED_EDGE ( 'NONE', *, *, #1342, .T. ) ;
#2063 = UNCERTAINTY_MEASURE_WITH_UNIT (LENGTH_MEASURE( 1.000000000000000082E-05 ), #2739, 'distance_accuracy_value', 'NONE');
#2064 = CARTESIAN_POINT ( 'NONE',  ( -1.649999999999999911, 0.8699999999999994404, 2.123333333333333073 ) ) ;
#2065 = ORIENTED_EDGE ( 'NONE', *, *, #3725, .T. ) ;
#2066 = EDGE_CURVE ( 'NONE', #753, #1257, #543, .T. ) ;
#2067 = ORIENTED_EDGE ( 'NONE', *, *, #1470, .T. ) ;
#2068 = CARTESIAN_POINT ( 'NONE',  ( -2.250000000000000000, 0.2399999999999997691, -3.716629054470328430 ) ) ;
#2069 = PRESENTATION_STYLE_ASSIGNMENT (( #3267 ) ) ;
#2070 = DIRECTION ( 'NONE',  ( -1.626303258728257045E-15, 1.000000000000000000, 0.000000000000000000 ) ) ;
#2071 = LINE ( 'NONE', #2718, #3815 ) ;
#2072 = SURFACE_STYLE_FILL_AREA ( #3509 ) ;
#2073 = DIRECTION ( 'NONE',  ( -1.000000000000000000, 0.000000000000000000, 0.000000000000000000 ) ) ;
#2074 = CARTESIAN_POINT ( 'NONE',  ( 1.540530702727290091, 0.4636948101769032271, 2.123333333333333961 ) ) ;
#2075 = VERTEX_POINT ( 'NONE', #2301 ) ;
#2076 = EDGE_LOOP ( 'NONE', ( #2404, #1176, #3201, #1182 ) ) ;
#2077 =( NAMED_UNIT ( * ) PLANE_ANGLE_UNIT ( ) SI_UNIT ( $, .RADIAN. ) );
#2078 = ORIENTED_EDGE ( 'NONE', *, *, #1513, .F. ) ;
#2079 = MECHANICAL_DESIGN_GEOMETRIC_PRESENTATION_REPRESENTATION (  '', ( #2994 ), #2806 ) ;
#2080 = ADVANCED_FACE ( 'NONE', ( #1965 ), #526, .T. ) ;
#2081 =( GEOMETRIC_REPRESENTATION_CONTEXT ( 3 ) GLOBAL_UNCERTAINTY_ASSIGNED_CONTEXT ( ( #2672 ) ) GLOBAL_UNIT_ASSIGNED_CONTEXT ( ( #3401, #1137, #1745 ) ) REPRESENTATION_CONTEXT ( 'NONE', 'WORKASPACE' ) );
#2082 = FILL_AREA_STYLE ('',( #945 ) ) ;
#2083 = FILL_AREA_STYLE ('',( #3757 ) ) ;
#2084 = EDGE_LOOP ( 'NONE', ( #2726, #2046, #2228, #117 ) ) ;
#2085 =( GEOMETRIC_REPRESENTATION_CONTEXT ( 3 ) GLOBAL_UNCERTAINTY_ASSIGNED_CONTEXT ( ( #1166 ) ) GLOBAL_UNIT_ASSIGNED_CONTEXT ( ( #3713, #1061, #187 ) ) REPRESENTATION_CONTEXT ( 'NONE', 'WORKASPACE' ) );
#2086 = PRESENTATION_LAYER_ASSIGNMENT (  '', '', ( #3735 ) ) ;
#2087 = COLOUR_RGB ( '',0.7294117647058823151, 0.3568627450980392246, 0.02352941176470588203 ) ;
#2088 = EDGE_CURVE ( 'NONE', #192, #3336, #1987, .T. ) ;
#2089 = COLOUR_RGB ( '',0.7294117647058823151, 0.3568627450980392246, 0.02352941176470588203 ) ;
#2090 = DIRECTION ( 'NONE',  ( 0.3007057995042662912, 0.9537169507482291531, 0.000000000000000000 ) ) ;
#2091 = CARTESIAN_POINT ( 'NONE',  ( -1.469999999999999973, 2.000000000000000000, -2.123333333333333517 ) ) ;
#2092 = STYLED_ITEM ( 'NONE', ( #807 ), #3131 ) ;
#2093 = VECTOR ( 'NONE', #1939, 1000.000000000000000 ) ;
#2094 = EDGE_CURVE ( 'NONE', #3355, #2075, #85, .T. ) ;
#2095 =( GEOMETRIC_REPRESENTATION_CONTEXT ( 3 ) GLOBAL_UNCERTAINTY_ASSIGNED_CONTEXT ( ( #1123 ) ) GLOBAL_UNIT_ASSIGNED_CONTEXT ( ( #1326, #2241, #748 ) ) REPRESENTATION_CONTEXT ( 'NONE', 'WORKASPACE' ) );
#2096 = SURFACE_STYLE_USAGE ( .BOTH. , #2341 ) ;
#2097 =( GEOMETRIC_REPRESENTATION_CONTEXT ( 3 ) GLOBAL_UNCERTAINTY_ASSIGNED_CONTEXT ( ( #3438 ) ) GLOBAL_UNIT_ASSIGNED_CONTEXT ( ( #3232, #907, #3604 ) ) REPRESENTATION_CONTEXT ( 'NONE', 'WORKASPACE' ) );
#2098 = SURFACE_SIDE_STYLE ('',( #634 ) ) ;
#2099 =( NAMED_UNIT ( * ) SI_UNIT ( $, .STERADIAN. ) SOLID_ANGLE_UNIT ( ) );
#2100 = ORIENTED_EDGE ( 'NONE', *, *, #325, .T. ) ;
#2101 = ORIENTED_EDGE ( 'NONE', *, *, #3601, .T. ) ;
#2102 = CARTESIAN_POINT ( 'NONE',  ( -1.469999999999998197, 0.6399999999999996803, 1.923333333333334227 ) ) ;
#2103 = VERTEX_POINT ( 'NONE', #1139 ) ;
#2104 = PRESENTATION_LAYER_ASSIGNMENT (  '', '', ( #3502 ) ) ;
#2105 = CARTESIAN_POINT ( 'NONE',  ( 2.250000000000000000, 0.2399999999999997691, -3.716629054470328430 ) ) ;
#2106 = PRESENTATION_LAYER_ASSIGNMENT (  '', '', ( #3271 ) ) ;
#2107 = ORIENTED_EDGE ( 'NONE', *, *, #2391, .F. ) ;
#2108 = VERTEX_POINT ( 'NONE', #3771 ) ;
#2109 = VECTOR ( 'NONE', #2189, 1000.000000000000000 ) ;
#2110 = PRESENTATION_LAYER_ASSIGNMENT (  '', '', ( #3765 ) ) ;
#2111 =( LENGTH_UNIT ( ) NAMED_UNIT ( * ) SI_UNIT ( .MILLI., .METRE. ) );
#2112 = DIRECTION ( 'NONE',  ( -1.000000000000000000, 0.000000000000000000, 4.984837574645999461E-16 ) ) ;
#2113 = ADVANCED_FACE ( 'NONE', ( #3148 ), #822, .F. ) ;
#2114 = SURFACE_STYLE_FILL_AREA ( #919 ) ;
#2115 = DIRECTION ( 'NONE',  ( -0.7071067811865517916, 0.000000000000000000, -0.7071067811865433539 ) ) ;
#2116 = ADVANCED_FACE ( 'NONE', ( #1704 ), #3491, .T. ) ;
#2117 = CARTESIAN_POINT ( 'NONE',  ( -2.249999999999999112, 0.2399999999999999911, -2.123333333333333073 ) ) ;
#2118 = ORIENTED_EDGE ( 'NONE', *, *, #2088, .F. ) ;
#2119 = VERTEX_POINT ( 'NONE', #1077 ) ;
#2120 = DIRECTION ( 'NONE',  ( 1.000000000000000000, 0.000000000000000000, 0.000000000000000000 ) ) ;
#2121 = CARTESIAN_POINT ( 'NONE',  ( -1.715000000000000524, 0.6399999999999996803, 2.123333333333334405 ) ) ;
#2122 = VERTEX_POINT ( 'NONE', #2323 ) ;
#2123 = FACE_OUTER_BOUND ( 'NONE', #1507, .T. ) ;
#2124 = LINE ( 'NONE', #682, #1423 ) ;
#2125 = DIRECTION ( 'NONE',  ( 1.000000000000000000, 0.000000000000000000, 0.000000000000000000 ) ) ;
#2126 =( NAMED_UNIT ( * ) PLANE_ANGLE_UNIT ( ) SI_UNIT ( $, .RADIAN. ) );
#2127 = FILL_AREA_STYLE ('',( #311 ) ) ;
#2128 = EDGE_CURVE ( 'NONE', #1444, #1257, #1410, .T. ) ;
#2129 = ORIENTED_EDGE ( 'NONE', *, *, #140, .F. ) ;
#2130 = DIRECTION ( 'NONE',  ( 0.000000000000000000, 0.000000000000000000, 1.000000000000000000 ) ) ;
#2131 = CARTESIAN_POINT ( 'NONE',  ( -1.432021929300689944, 0.3604510516337169901, -2.123333333333333517 ) ) ;
#2132 = STYLED_ITEM ( 'NONE', ( #2468 ), #524 ) ;
#2133 =( NAMED_UNIT ( * ) SI_UNIT ( $, .STERADIAN. ) SOLID_ANGLE_UNIT ( ) );
#2134 = ORIENTED_EDGE ( 'NONE', *, *, #2619, .T. ) ;
#2135 = VECTOR ( 'NONE', #3428, 1000.000000000000000 ) ;
#2136 = DIRECTION ( 'NONE',  ( 0.000000000000000000, 1.000000000000000000, 0.000000000000000000 ) ) ;
#2137 = CARTESIAN_POINT ( 'NONE',  ( -2.374999999999999112, 2.000000000000000000, -1.218333333333331270 ) ) ;
#2138 = CIRCLE ( 'NONE', #2029, 0.8699999999999996625 ) ;
#2139 =( LENGTH_UNIT ( ) NAMED_UNIT ( * ) SI_UNIT ( .MILLI., .METRE. ) );
#2140 = STYLED_ITEM ( 'NONE', ( #743 ), #342 ) ;
#2141 = CARTESIAN_POINT ( 'NONE',  ( 2.375000000000000444, 0.6399999999999996803, -2.123333333333333517 ) ) ;
#2142 = MECHANICAL_DESIGN_GEOMETRIC_PRESENTATION_REPRESENTATION (  '', ( #2694 ), #1398 ) ;
#2143 =( NAMED_UNIT ( * ) SI_UNIT ( $, .STERADIAN. ) SOLID_ANGLE_UNIT ( ) );
#2144 = DIRECTION ( 'NONE',  ( 0.000000000000000000, 1.000000000000000000, 0.000000000000000000 ) ) ;
#2145 = FACE_OUTER_BOUND ( 'NONE', #2630, .T. ) ;
#2146 = VECTOR ( 'NONE', #2040, 1000.000000000000000 ) ;
#2147 = CARTESIAN_POINT ( 'NONE',  ( 1.188333333333333686, 1.320000000000000062, -2.912069900877995998 ) ) ;
#2148 = DIRECTION ( 'NONE',  ( 0.000000000000000000, -0.000000000000000000, 1.000000000000000000 ) ) ;
#2149 =( GEOMETRIC_REPRESENTATION_CONTEXT ( 3 ) GLOBAL_UNCERTAINTY_ASSIGNED_CONTEXT ( ( #3750 ) ) GLOBAL_UNIT_ASSIGNED_CONTEXT ( ( #58, #1317, #1012 ) ) REPRESENTATION_CONTEXT ( 'NONE', 'WORKASPACE' ) );
#2150 = VECTOR ( 'NONE', #2342, 1000.000000000000000 ) ;
#2151 = DIRECTION ( 'NONE',  ( -0.9537169507482290420, 0.3007057995042664023, 0.000000000000000000 ) ) ;
#2152 = CARTESIAN_POINT ( 'NONE',  ( -2.375000000000000444, 0.6399999999999996803, -2.123333333333333073 ) ) ;
#2153 = CARTESIAN_POINT ( 'NONE',  ( -2.250000000000000000, 0.2399999999999997691, 0.000000000000000000 ) ) ;
#2154 = ORIENTED_EDGE ( 'NONE', *, *, #2953, .F. ) ;
#2155 = ADVANCED_FACE ( 'NONE', ( #2043 ), #1747, .F. ) ;
#2156 = PRESENTATION_LAYER_ASSIGNMENT (  '', '', ( #1279 ) ) ;
#2157 = DIRECTION ( 'NONE',  ( -1.626303258728257045E-15, -1.000000000000000000, 0.000000000000000000 ) ) ;
#2158 = VERTEX_POINT ( 'NONE', #622 ) ;
#2159 = ORIENTED_EDGE ( 'NONE', *, *, #3704, .T. ) ;
#2160 = DIRECTION ( 'NONE',  ( -1.896563567030044345E-16, 0.000000000000000000, -1.000000000000000000 ) ) ;
#2161 = EDGE_CURVE ( 'NONE', #2006, #1444, #3272, .T. ) ;
#2162 =( NAMED_UNIT ( * ) SI_UNIT ( $, .STERADIAN. ) SOLID_ANGLE_UNIT ( ) );
#2163 = CARTESIAN_POINT ( 'NONE',  ( 1.050000000000000266, 0.2399999999999995470, -2.450000000000001066 ) ) ;
#2164 = CARTESIAN_POINT ( 'NONE',  ( -1.143333333333329316, 2.000000000000000000, 2.450000000000000622 ) ) ;
#2165 = CARTESIAN_POINT ( 'NONE',  ( 2.250000000000000000, 0.2399999999999997691, 2.123333333333333961 ) ) ;
#2166 = ORIENTED_EDGE ( 'NONE', *, *, #2128, .T. ) ;
#2167 = EDGE_CURVE ( 'NONE', #2668, #2119, #2408, .T. ) ;
#2168 = LINE ( 'NONE', #77, #2695 ) ;
#2169 = DIRECTION ( 'NONE',  ( -0.7071067811865454633, 0.000000000000000000, 0.7071067811865495711 ) ) ;
#2170 = ORIENTED_EDGE ( 'NONE', *, *, #1290, .T. ) ;
#2171 = VERTEX_POINT ( 'NONE', #2936 ) ;
#2172 = DIRECTION ( 'NONE',  ( 1.000000000000000000, 0.000000000000000000, 0.000000000000000000 ) ) ;
#2173 = FACE_OUTER_BOUND ( 'NONE', #3059, .T. ) ;
#2174 = DIRECTION ( 'NONE',  ( -0.7071067811865517916, 0.000000000000000000, -0.7071067811865433539 ) ) ;
#2175 = FILL_AREA_STYLE_COLOUR ( '', #2190 ) ;
#2176 =( NAMED_UNIT ( * ) SI_UNIT ( $, .STERADIAN. ) SOLID_ANGLE_UNIT ( ) );
#2177 = DIRECTION ( 'NONE',  ( 0.7071067811865433539, -0.000000000000000000, 0.7071067811865517916 ) ) ;
#2178 = CARTESIAN_POINT ( 'NONE',  ( 1.923333333333333561, 2.000000000000000000, 1.188333333333333686 ) ) ;
#2179 = DIRECTION ( 'NONE',  ( -0.7071067811865454633, 0.000000000000000000, -0.7071067811865496822 ) ) ;
#2180 = CARTESIAN_POINT ( 'NONE',  ( 2.912069900877995110, 1.320000000000000062, 1.188333333333333686 ) ) ;
#2181 = SURFACE_STYLE_USAGE ( .BOTH. , #3103 ) ;
#2182 = VERTEX_POINT ( 'NONE', #609 ) ;
#2183 = AXIS2_PLACEMENT_3D ( 'NONE', #2509, #1876, #3639 ) ;
#2184 = VECTOR ( 'NONE', #3326, 1000.000000000000000 ) ;
#2185 = SURFACE_STYLE_USAGE ( .BOTH. , #3646 ) ;
#2186 = MECHANICAL_DESIGN_GEOMETRIC_PRESENTATION_REPRESENTATION (  '', ( #1320 ), #2081 ) ;
#2187 = ADVANCED_FACE ( 'NONE', ( #265 ), #584, .F. ) ;
#2188 = AXIS2_PLACEMENT_3D ( 'NONE', #984, #910, #1270 ) ;
#2189 = DIRECTION ( 'NONE',  ( -0.000000000000000000, 1.000000000000000000, -0.000000000000000000 ) ) ;
#2190 = COLOUR_RGB ( '',0.2509803921568627416, 0.2509803921568627416, 0.2509803921568627416 ) ;
#2191 = ORIENTED_EDGE ( 'NONE', *, *, #2928, .F. ) ;
#2192 = ORIENTED_EDGE ( 'NONE', *, *, #1377, .F. ) ;
#2193 = CARTESIAN_POINT ( 'NONE',  ( 1.188333333333333686, 1.320000000000000062, -2.912069900877995998 ) ) ;
#2194 = PRESENTATION_LAYER_ASSIGNMENT (  '', '', ( #833 ) ) ;
#2195 = EDGE_CURVE ( 'NONE', #3239, #3626, #2989, .T. ) ;
#2196 = PRESENTATION_LAYER_ASSIGNMENT (  '', '', ( #2140 ) ) ;
#2197 = CARTESIAN_POINT ( 'NONE',  ( 2.250000000000000000, 0.2399999999999997691, -2.123333333333333961 ) ) ;
#2198 =( GEOMETRIC_REPRESENTATION_CONTEXT ( 3 ) GLOBAL_UNCERTAINTY_ASSIGNED_CONTEXT ( ( #2365 ) ) GLOBAL_UNIT_ASSIGNED_CONTEXT ( ( #2205, #129, #3419 ) ) REPRESENTATION_CONTEXT ( 'NONE', 'WORKASPACE' ) );
#2199 = CYLINDRICAL_SURFACE ( 'NONE', #2330, 1.200000000000000178 ) ;
#2200 = CARTESIAN_POINT ( 'NONE',  ( -1.143333333333329316, 2.399999999999999911, 2.450000000000000622 ) ) ;
#2201 = SURFACE_SIDE_STYLE ('',( #1895 ) ) ;
#2202 = DIRECTION ( 'NONE',  ( 0.000000000000000000, 0.000000000000000000, 1.000000000000000000 ) ) ;
#2203 = CARTESIAN_POINT ( 'NONE',  ( 1.143333333333329094, 2.000000000000000000, 2.450000000000000622 ) ) ;
#2204 = COLOUR_RGB ( '',0.7294117647058823151, 0.3568627450980392246, 0.02352941176470588203 ) ;
#2205 =( LENGTH_UNIT ( ) NAMED_UNIT ( * ) SI_UNIT ( .MILLI., .METRE. ) );
#2206 = STYLED_ITEM ( 'NONE', ( #1810 ), #1919 ) ;
#2207 = ORIENTED_EDGE ( 'NONE', *, *, #2479, .T. ) ;
#2208 = EDGE_LOOP ( 'NONE', ( #2560, #2134, #3649 ) ) ;
#2209 = PRESENTATION_LAYER_ASSIGNMENT (  '', '', ( #2640 ) ) ;
#2210 = EDGE_CURVE ( 'NONE', #2910, #2731, #3510, .T. ) ;
#2211 = PRESENTATION_LAYER_ASSIGNMENT (  '', '', ( #3135 ) ) ;
#2212 = CARTESIAN_POINT ( 'NONE',  ( 1.188333333333333686, 1.320000000000000062, -1.188333333333333686 ) ) ;
#2213 = STYLED_ITEM ( 'NONE', ( #576 ), #2536 ) ;
#2214 = CARTESIAN_POINT ( 'NONE',  ( -1.469999999999999973, -2.168404344971008868E-16, 2.123333333333333517 ) ) ;
#2215 = ORIENTED_EDGE ( 'NONE', *, *, #1513, .T. ) ;
#2216 = SURFACE_STYLE_USAGE ( .BOTH. , #1610 ) ;
#2217 = AXIS2_PLACEMENT_3D ( 'NONE', #2214, #1689, #786 ) ;
#2218 =( NAMED_UNIT ( * ) PLANE_ANGLE_UNIT ( ) SI_UNIT ( $, .RADIAN. ) );
#2219 = EDGE_CURVE ( 'NONE', #2993, #2965, #3525, .T. ) ;
#2220 = EDGE_LOOP ( 'NONE', ( #3415, #2654, #1300, #737 ) ) ;
#2221 =( GEOMETRIC_REPRESENTATION_CONTEXT ( 3 ) GLOBAL_UNCERTAINTY_ASSIGNED_CONTEXT ( ( #849 ) ) GLOBAL_UNIT_ASSIGNED_CONTEXT ( ( #2494, #719, #2800 ) ) REPRESENTATION_CONTEXT ( 'NONE', 'WORKASPACE' ) );
#2222 =( NAMED_UNIT ( * ) PLANE_ANGLE_UNIT ( ) SI_UNIT ( $, .RADIAN. ) );
#2223 = CARTESIAN_POINT ( 'NONE',  ( 2.449999999999998845, 0.2399999999999997691, -2.048333333333334227 ) ) ;
#2224 = SURFACE_SIDE_STYLE ('',( #1040 ) ) ;
#2225 = FILL_AREA_STYLE ('',( #1584 ) ) ;
#2226 = VERTEX_POINT ( 'NONE', #2664 ) ;
#2227 = LINE ( 'NONE', #3392, #2414 ) ;
#2228 = ORIENTED_EDGE ( 'NONE', *, *, #2456, .T. ) ;
#2229 = DIRECTION ( 'NONE',  ( -0.9537169507482291531, 0.3007057995042662912, -0.000000000000000000 ) ) ;
#2230 = ORIENTED_EDGE ( 'NONE', *, *, #3067, .T. ) ;
#2231 = SURFACE_STYLE_FILL_AREA ( #2252 ) ;
#2232 = EDGE_LOOP ( 'NONE', ( #1048, #2977, #2308, #1455, #41, #1141 ) ) ;
#2233 = CARTESIAN_POINT ( 'NONE',  ( 1.469999999999999973, 0.6399999999999996803, -2.123333333333333961 ) ) ;
#2234 = ADVANCED_FACE ( 'NONE', ( #2378 ), #924, .F. ) ;
#2235 = FACE_OUTER_BOUND ( 'NONE', #3398, .T. ) ;
#2236 = CARTESIAN_POINT ( 'NONE',  ( 1.469999999999997531, 0.6689969212023516576, 1.903390805601640201 ) ) ;
#2237 =( NAMED_UNIT ( * ) PLANE_ANGLE_UNIT ( ) SI_UNIT ( $, .RADIAN. ) );
#2238 = ORIENTED_EDGE ( 'NONE', *, *, #3337, .T. ) ;
#2239 =( NAMED_UNIT ( * ) PLANE_ANGLE_UNIT ( ) SI_UNIT ( $, .RADIAN. ) );
#2240 = ADVANCED_FACE ( 'NONE', ( #1578 ), #277, .F. ) ;
#2241 =( NAMED_UNIT ( * ) PLANE_ANGLE_UNIT ( ) SI_UNIT ( $, .RADIAN. ) );
#2242 = CARTESIAN_POINT ( 'NONE',  ( 1.797345841757090668, 0.3827213078750212882, 2.123333333333333961 ) ) ;
#2243 = CARTESIAN_POINT ( 'NONE',  ( -1.592500000000000027, 0.6399999999999996803, 2.123333333333334405 ) ) ;
#2244 = EDGE_LOOP ( 'NONE', ( #2937, #421, #1923, #3213 ) ) ;
#2245 = VERTEX_POINT ( 'NONE', #659 ) ;
#2246 = DIRECTION ( 'NONE',  ( 0.000000000000000000, 0.000000000000000000, 1.000000000000000000 ) ) ;
#2247 = CARTESIAN_POINT ( 'NONE',  ( 1.143333333333329094, 0.2694278869620360672, 2.450000000000000622 ) ) ;
#2248 = ORIENTED_EDGE ( 'NONE', *, *, #1499, .T. ) ;
#2249 = CARTESIAN_POINT ( 'NONE',  ( 1.469999999999999973, 0.3724254913291695224, -2.123333333333333961 ) ) ;
#2250 = EDGE_CURVE ( 'NONE', #3173, #2044, #1613, .T. ) ;
#2251 = MECHANICAL_DESIGN_GEOMETRIC_PRESENTATION_REPRESENTATION (  '', ( #2132 ), #1193 ) ;
#2252 = FILL_AREA_STYLE ('',( #1047 ) ) ;
#2253 = LINE ( 'NONE', #2310, #3187 ) ;
#2254 = LINE ( 'NONE', #1115, #2020 ) ;
#2255 = CARTESIAN_POINT ( 'NONE',  ( -1.188333333333333686, 1.320000000000000062, 1.712069900877995154 ) ) ;
#2256 = AXIS2_PLACEMENT_3D ( 'NONE', #3523, #2358, #3228 ) ;
#2257 = PLANE ( 'NONE',  #20 ) ;
#2258 = PLANE ( 'NONE',  #780 ) ;
#2259 = COLOUR_RGB ( '',0.2509803921568627416, 0.2509803921568627416, 0.2509803921568627416 ) ;
#2260 = LINE ( 'NONE', #770, #1569 ) ;
#2261 = STYLED_ITEM ( 'NONE', ( #1108 ), #170 ) ;
#2262 = CIRCLE ( 'NONE', #577, 1.200000000000000622 ) ;
#2263 = DIRECTION ( 'NONE',  ( 0.000000000000000000, 0.000000000000000000, -1.000000000000000000 ) ) ;
#2264 = DIRECTION ( 'NONE',  ( 0.9537169507482290420, 0.3007057995042664023, -4.570262938950188936E-16 ) ) ;
#2265 = ORIENTED_EDGE ( 'NONE', *, *, #2803, .T. ) ;
#2266 = SURFACE_STYLE_FILL_AREA ( #1079 ) ;
#2267 = EDGE_CURVE ( 'NONE', #1148, #2049, #3602, .T. ) ;
#2268 = ORIENTED_EDGE ( 'NONE', *, *, #1450, .F. ) ;
#2269 = VECTOR ( 'NONE', #3101, 999.9999999999998863 ) ;
#2270 = DIRECTION ( 'NONE',  ( -0.7071067811865517916, 0.000000000000000000, 0.7071067811865433539 ) ) ;
#2271 = DIRECTION ( 'NONE',  ( 0.6901619708142004983, -0.2176072335280443970, -0.6901619708141922827 ) ) ;
#2272 = AXIS2_PLACEMENT_3D ( 'NONE', #784, #2009, #3053 ) ;
#2273 = COLOUR_RGB ( '',0.2509803921568627416, 0.2509803921568627416, 0.2509803921568627416 ) ;
#2274 = EDGE_CURVE ( 'NONE', #3390, #3843, #3625, .T. ) ;
#2275 = EDGE_LOOP ( 'NONE', ( #1784, #273, #2766, #660 ) ) ;
#2276 = AXIS2_PLACEMENT_3D ( 'NONE', #2606, #3785, #1138 ) ;
#2277 = PLANE ( 'NONE',  #2217 ) ;
#2278 = AXIS2_PLACEMENT_3D ( 'NONE', #911, #2120, #1238 ) ;
#2279 =( NAMED_UNIT ( * ) SI_UNIT ( $, .STERADIAN. ) SOLID_ANGLE_UNIT ( ) );
#2280 = CARTESIAN_POINT ( 'NONE',  ( -2.449999999999998845, 0.6399999999999996803, 2.048333333333333783 ) ) ;
#2281 = CARTESIAN_POINT ( 'NONE',  ( 1.469999999999999973, 0.3724254913291695779, 2.123333333333333961 ) ) ;
#2282 = DIRECTION ( 'NONE',  ( -4.792053801040901909E-16, 0.000000000000000000, -1.000000000000000000 ) ) ;
#2283 = FILL_AREA_STYLE ('',( #2605 ) ) ;
#2284 = FACE_OUTER_BOUND ( 'NONE', #2232, .T. ) ;
#2285 = CARTESIAN_POINT ( 'NONE',  ( -1.502654158242909377, 0.3827213078750212882, 2.123333333333333073 ) ) ;
#2286 = UNCERTAINTY_MEASURE_WITH_UNIT (LENGTH_MEASURE( 1.000000000000000082E-05 ), #619, 'distance_accuracy_value', 'NONE');
#2287 =( NAMED_UNIT ( * ) SI_UNIT ( $, .STERADIAN. ) SOLID_ANGLE_UNIT ( ) );
#2288 = VERTEX_POINT ( 'NONE', #2513 ) ;
#2289 = CARTESIAN_POINT ( 'NONE',  ( -1.241454421952312037, 0.09246576166006402475, 2.351878911381017456 ) ) ;
#2290 = EDGE_LOOP ( 'NONE', ( #2062, #1715, #3221, #981 ) ) ;
#2291 = LINE ( 'NONE', #1622, #312 ) ;
#2292 = DIRECTION ( 'NONE',  ( 0.7071067811865516806, 0.000000000000000000, 0.7071067811865433539 ) ) ;
#2293 = ORIENTED_EDGE ( 'NONE', *, *, #2596, .F. ) ;
#2294 =( NAMED_UNIT ( * ) PLANE_ANGLE_UNIT ( ) SI_UNIT ( $, .RADIAN. ) );
#2295 = PRODUCT_DEFINITION_SHAPE ( 'NONE', 'NONE',  #2376 ) ;
#2296 = DIRECTION ( 'NONE',  ( -1.779812047855822958E-16, 0.000000000000000000, -1.000000000000000000 ) ) ;
#2297 = SURFACE_STYLE_FILL_AREA ( #512 ) ;
#2298 = SURFACE_SIDE_STYLE ('',( #3764 ) ) ;
#2299 = DIRECTION ( 'NONE',  ( 1.896563567030044345E-16, -0.000000000000000000, 1.000000000000000000 ) ) ;
#2300 = SURFACE_STYLE_FILL_AREA ( #1383 ) ;
#2301 = CARTESIAN_POINT ( 'NONE',  ( -1.469999999999999307, 0.6399999999999996803, 2.123333333333334405 ) ) ;
#2302 = VERTEX_POINT ( 'NONE', #2163 ) ;
#2303 = FILL_AREA_STYLE ('',( #2903 ) ) ;
#2304 = EDGE_LOOP ( 'NONE', ( #1973, #2506, #3728 ) ) ;
#2305 = CARTESIAN_POINT ( 'NONE',  ( -1.188333333333333686, 1.320000000000000062, 1.712069900877996043 ) ) ;
#2306 = ORIENTED_EDGE ( 'NONE', *, *, #848, .F. ) ;
#2307 = DIRECTION ( 'NONE',  ( -1.000000000000000000, 0.000000000000000000, 0.000000000000000000 ) ) ;
#2308 = ORIENTED_EDGE ( 'NONE', *, *, #3613, .F. ) ;
#2309 =( NAMED_UNIT ( * ) SI_UNIT ( $, .STERADIAN. ) SOLID_ANGLE_UNIT ( ) );
#2310 = CARTESIAN_POINT ( 'NONE',  ( 1.923333333333333783, 0.6399999999999996803, 1.188333333333333686 ) ) ;
#2311 = CARTESIAN_POINT ( 'NONE',  ( 1.469999999999999973, 2.399999999999999911, -2.123333333333333961 ) ) ;
#2312 = COLOUR_RGB ( '',0.2509803921568627416, 0.2509803921568627416, 0.2509803921568627416 ) ;
#2313 = CARTESIAN_POINT ( 'NONE',  ( 1.704847932310373571, 0.6985130741880994920, 1.885175890090794670 ) ) ;
#2314 = CARTESIAN_POINT ( 'NONE',  ( -1.050000000000000044, 0.2399999999999997968, -2.450000000000000178 ) ) ;
#2315 = FACE_OUTER_BOUND ( 'NONE', #1109, .T. ) ;
#2316 =( NAMED_UNIT ( * ) PLANE_ANGLE_UNIT ( ) SI_UNIT ( $, .RADIAN. ) );
#2317 = EDGE_CURVE ( 'NONE', #1621, #925, #1165, .T. ) ;
#2318 = COLOUR_RGB ( '',0.2509803921568627416, 0.2509803921568627416, 0.2509803921568627416 ) ;
#2319 = DIRECTION ( 'NONE',  ( 4.792053801040901909E-16, -0.000000000000000000, -1.000000000000000000 ) ) ;
#2320 = CLOSED_SHELL ( 'NONE', ( #1442, #2240, #607, #3807, #276, #1822, #2644, #1550, #2187, #2544, #170, #3139, #1775, #1007, #2042, #46, #582, #3678, #1158, #1843 ) ) ;
#2321 = VECTOR ( 'NONE', #1672, 1000.000000000000000 ) ;
#2322 = UNCERTAINTY_MEASURE_WITH_UNIT (LENGTH_MEASURE( 1.000000000000000082E-05 ), #97, 'distance_accuracy_value', 'NONE');
#2323 = CARTESIAN_POINT ( 'NONE',  ( 1.592499999999997140, 0.2400000000000000189, 2.245833333333334458 ) ) ;
#2324 = VERTEX_POINT ( 'NONE', #2200 ) ;
#2325 = PRESENTATION_STYLE_ASSIGNMENT (( #3773 ) ) ;
#2326 =( GEOMETRIC_REPRESENTATION_CONTEXT ( 3 ) GLOBAL_UNCERTAINTY_ASSIGNED_CONTEXT ( ( #1487 ) ) GLOBAL_UNIT_ASSIGNED_CONTEXT ( ( #3598, #2430, #2143 ) ) REPRESENTATION_CONTEXT ( 'NONE', 'WORKASPACE' ) );
#2327 = VERTEX_POINT ( 'NONE', #1557 ) ;
#2328 = AXIS2_PLACEMENT_3D ( 'NONE', #2490, #166, #1637 ) ;
#2329 = STYLED_ITEM ( 'NONE', ( #3351 ), #3758 ) ;
#2330 = AXIS2_PLACEMENT_3D ( 'NONE', #2147, #2793, #3683 ) ;
#2331 = COLOUR_RGB ( '',0.7294117647058823151, 0.3568627450980392246, 0.02352941176470588203 ) ;
#2332 = EDGE_LOOP ( 'NONE', ( #2334, #1619, #1949, #720, #2454, #852, #3650, #3756 ) ) ;
#2333 = AXIS2_PLACEMENT_3D ( 'NONE', #601, #307, #2112 ) ;
#2334 = ORIENTED_EDGE ( 'NONE', *, *, #3335, .F. ) ;
#2335 = SHAPE_DEFINITION_REPRESENTATION ( #2295, #3131 ) ;
#2336 = VECTOR ( 'NONE', #1142, 1000.000000000000000 ) ;
#2337 = DIRECTION ( 'NONE',  ( 1.626303258728257045E-15, 1.000000000000000000, -0.000000000000000000 ) ) ;
#2338 = SURFACE_STYLE_FILL_AREA ( #2951 ) ;
#2339 =( GEOMETRIC_REPRESENTATION_CONTEXT ( 3 ) GLOBAL_UNCERTAINTY_ASSIGNED_CONTEXT ( ( #1663 ) ) GLOBAL_UNIT_ASSIGNED_CONTEXT ( ( #3522, #2126, #2400 ) ) REPRESENTATION_CONTEXT ( 'NONE', 'WORKASPACE' ) );
#2340 = VECTOR ( 'NONE', #1021, 1000.000000000000000 ) ;
#2341 = SURFACE_SIDE_STYLE ('',( #1447 ) ) ;
#2342 = DIRECTION ( 'NONE',  ( 0.000000000000000000, 0.000000000000000000, 1.000000000000000000 ) ) ;
#2343 = MECHANICAL_DESIGN_GEOMETRIC_PRESENTATION_REPRESENTATION (  '', ( #2646 ), #91 ) ;
#2344 = FACE_OUTER_BOUND ( 'NONE', #1162, .T. ) ;
#2345 = EDGE_CURVE ( 'NONE', #2884, #3774, #2794, .T. ) ;
#2346 = ORIENTED_EDGE ( 'NONE', *, *, #2878, .T. ) ;
#2347 = PRESENTATION_STYLE_ASSIGNMENT (( #2840 ) ) ;
#2348 = EDGE_LOOP ( 'NONE', ( #3259, #3814, #929, #775, #610 ) ) ;
#2349 = COLOUR_RGB ( '',0.7921568627450980005, 0.8196078431372548767, 0.9333333333333333481 ) ;
#2350 = FILL_AREA_STYLE ('',( #3830 ) ) ;
#2351 = SURFACE_STYLE_FILL_AREA ( #3816 ) ;
#2352 = ORIENTED_EDGE ( 'NONE', *, *, #2250, .F. ) ;
#2353 = SURFACE_STYLE_FILL_AREA ( #1740 ) ;
#2354 =( NAMED_UNIT ( * ) SI_UNIT ( $, .STERADIAN. ) SOLID_ANGLE_UNIT ( ) );
#2355 = FACE_OUTER_BOUND ( 'NONE', #698, .T. ) ;
#2356 = DIRECTION ( 'NONE',  ( 0.000000000000000000, -1.000000000000000000, -0.000000000000000000 ) ) ;
#2357 = PRESENTATION_STYLE_ASSIGNMENT (( #3227 ) ) ;
#2358 = DIRECTION ( 'NONE',  ( 0.7071067811865433539, -0.000000000000000000, 0.7071067811865517916 ) ) ;
#2359 = PLANE ( 'NONE',  #1333 ) ;
#2360 = SURFACE_STYLE_USAGE ( .BOTH. , #2403 ) ;
#2361 = ORIENTED_EDGE ( 'NONE', *, *, #1528, .T. ) ;
#2362 = LINE ( 'NONE', #942, #1092 ) ;
#2363 = ORIENTED_EDGE ( 'NONE', *, *, #2876, .T. ) ;
#2364 = EDGE_CURVE ( 'NONE', #417, #1128, #3640, .T. ) ;
#2365 = UNCERTAINTY_MEASURE_WITH_UNIT (LENGTH_MEASURE( 1.000000000000000082E-05 ), #2205, 'distance_accuracy_value', 'NONE');
#2366 = DIRECTION ( 'NONE',  ( -1.000000000000000000, 0.000000000000000000, 0.000000000000000000 ) ) ;
#2367 = FACE_OUTER_BOUND ( 'NONE', #1081, .T. ) ;
#2368 = CARTESIAN_POINT ( 'NONE',  ( 1.592499999999997806, 0.6399999999999996803, 2.123333333333334405 ) ) ;
#2369 = EDGE_LOOP ( 'NONE', ( #529, #1023, #2653 ) ) ;
#2370 = EDGE_CURVE ( 'NONE', #2514, #1148, #3097, .T. ) ;
#2371 = SURFACE_STYLE_USAGE ( .BOTH. , #649 ) ;
#2372 = LINE ( 'NONE', #2091, #2631 ) ;
#2373 = DIRECTION ( 'NONE',  ( 1.000000000000000000, -1.770125995894701153E-15, 0.000000000000000000 ) ) ;
#2374 = CARTESIAN_POINT ( 'NONE',  ( -1.649999999999999911, -0.08459999799161091460, -2.123333333333333517 ) ) ;
#2375 =( GEOMETRIC_REPRESENTATION_CONTEXT ( 3 ) GLOBAL_UNCERTAINTY_ASSIGNED_CONTEXT ( ( #107 ) ) GLOBAL_UNIT_ASSIGNED_CONTEXT ( ( #1693, #2584, #2868 ) ) REPRESENTATION_CONTEXT ( 'NONE', 'WORKASPACE' ) );
#2376 = PRODUCT_DEFINITION ( 'UNKNOWN', '', #2579, #1309 ) ;
#2377 = DIRECTION ( 'NONE',  ( -0.000000000000000000, 1.000000000000000000, 0.000000000000000000 ) ) ;
#2378 = FACE_OUTER_BOUND ( 'NONE', #3409, .T. ) ;
#2379 = EDGE_LOOP ( 'NONE', ( #2799, #1551, #1045, #2065 ) ) ;
#2380 = VERTEX_POINT ( 'NONE', #1542 ) ;
#2381 = FACE_OUTER_BOUND ( 'NONE', #243, .T. ) ;
#2382 = ORIENTED_EDGE ( 'NONE', *, *, #3291, .T. ) ;
#2383 = STYLED_ITEM ( 'NONE', ( #2897 ), #44 ) ;
#2384 = CARTESIAN_POINT ( 'NONE',  ( -2.449999999999998845, 0.2399999999999997691, 2.048333333333333783 ) ) ;
#2385 = EDGE_CURVE ( 'NONE', #3169, #2495, #2768, .T. ) ;
#2386 = ORIENTED_EDGE ( 'NONE', *, *, #823, .T. ) ;
#2387 = CIRCLE ( 'NONE', #2328, 0.8699999999999996625 ) ;
#2388 =( GEOMETRIC_REPRESENTATION_CONTEXT ( 3 ) GLOBAL_UNCERTAINTY_ASSIGNED_CONTEXT ( ( #2528 ) ) GLOBAL_UNIT_ASSIGNED_CONTEXT ( ( #148, #3328, #2162 ) ) REPRESENTATION_CONTEXT ( 'NONE', 'WORKASPACE' ) );
#2389 = PRESENTATION_LAYER_ASSIGNMENT (  '', '', ( #2694 ) ) ;
#2390 = AXIS2_PLACEMENT_3D ( 'NONE', #2068, #3576, #860 ) ;
#2391 = EDGE_CURVE ( 'NONE', #3237, #2405, #816, .T. ) ;
#2392 = FILL_AREA_STYLE ('',( #3299 ) ) ;
#2393 = COLOUR_RGB ( '',0.2509803921568627416, 0.2509803921568627416, 0.2509803921568627416 ) ;
#2394 = LINE ( 'NONE', #3243, #18 ) ;
#2395 = MECHANICAL_DESIGN_GEOMETRIC_PRESENTATION_REPRESENTATION (  '', ( #2206 ), #3679 ) ;
#2396 = CARTESIAN_POINT ( 'NONE',  ( 1.143333333333329094, 2.000000000000000000, -2.450000000000000622 ) ) ;
#2397 = CYLINDRICAL_SURFACE ( 'NONE', #333, 0.1224999999999999978 ) ;
#2398 = LINE ( 'NONE', #2675, #370 ) ;
#2399 = CIRCLE ( 'NONE', #767, 0.1224999999999999978 ) ;
#2400 =( NAMED_UNIT ( * ) SI_UNIT ( $, .STERADIAN. ) SOLID_ANGLE_UNIT ( ) );
#2401 =( LENGTH_UNIT ( ) NAMED_UNIT ( * ) SI_UNIT ( .MILLI., .METRE. ) );
#2402 = PRESENTATION_LAYER_ASSIGNMENT (  '', '', ( #1097 ) ) ;
#2403 = SURFACE_SIDE_STYLE ('',( #3290 ) ) ;
#2404 = ORIENTED_EDGE ( 'NONE', *, *, #2195, .F. ) ;
#2405 = VERTEX_POINT ( 'NONE', #2835 ) ;
#2406 = FILL_AREA_STYLE_COLOUR ( '', #2204 ) ;
#2407 = ORIENTED_EDGE ( 'NONE', *, *, #795, .T. ) ;
#2408 = CIRCLE ( 'NONE', #394, 1.200000000000000622 ) ;
#2409 =( NAMED_UNIT ( * ) SI_UNIT ( $, .STERADIAN. ) SOLID_ANGLE_UNIT ( ) );
#2410 = VECTOR ( 'NONE', #3058, 1000.000000000000000 ) ;
#2411 = DIRECTION ( 'NONE',  ( -0.000000000000000000, -0.000000000000000000, -1.000000000000000000 ) ) ;
#2412 = ORIENTED_EDGE ( 'NONE', *, *, #1623, .T. ) ;
#2413 = VECTOR ( 'NONE', #405, 1000.000000000000000 ) ;
#2414 = VECTOR ( 'NONE', #1293, 1000.000000000000000 ) ;
#2415 = ADVANCED_FACE ( 'NONE', ( #2871 ), #163, .T. ) ;
#2416 = PLANE ( 'NONE',  #1104 ) ;
#2417 = DIRECTION ( 'NONE',  ( 0.000000000000000000, 1.000000000000000000, 0.000000000000000000 ) ) ;
#2418 = PRESENTATION_STYLE_ASSIGNMENT (( #3541 ) ) ;
#2419 = SURFACE_STYLE_USAGE ( .BOTH. , #1839 ) ;
#2420 = SURFACE_SIDE_STYLE ('',( #1233 ) ) ;
#2421 = ORIENTED_EDGE ( 'NONE', *, *, #2167, .T. ) ;
#2422 = CARTESIAN_POINT ( 'NONE',  ( -1.469999999999999973, 0.2399999999999997413, 2.123333333333334405 ) ) ;
#2423 = ORIENTED_EDGE ( 'NONE', *, *, #1978, .T. ) ;
#2424 = CYLINDRICAL_SURFACE ( 'NONE', #693, 1.200000000000000178 ) ;
#2425 = DIRECTION ( 'NONE',  ( 0.000000000000000000, 0.000000000000000000, -1.000000000000000000 ) ) ;
#2426 = LINE ( 'NONE', #2053, #2048 ) ;
#2427 = ORIENTED_EDGE ( 'NONE', *, *, #2047, .F. ) ;
#2428 =( NAMED_UNIT ( * ) PLANE_ANGLE_UNIT ( ) SI_UNIT ( $, .RADIAN. ) );
#2429 = LINE ( 'NONE', #3592, #2511 ) ;
#2430 =( NAMED_UNIT ( * ) PLANE_ANGLE_UNIT ( ) SI_UNIT ( $, .RADIAN. ) );
#2431 = CARTESIAN_POINT ( 'NONE',  ( 1.143333333333329094, -2.168404344971008868E-16, 2.450000000000000622 ) ) ;
#2432 =( LENGTH_UNIT ( ) NAMED_UNIT ( * ) SI_UNIT ( .MILLI., .METRE. ) );
#2433 = LINE ( 'NONE', #1554, #2620 ) ;
#2434 = EDGE_CURVE ( 'NONE', #2245, #888, #2553, .T. ) ;
#2435 = EDGE_LOOP ( 'NONE', ( #141, #1988, #231, #3038, #3151, #532 ) ) ;
#2436 = CARTESIAN_POINT ( 'NONE',  ( -1.704633059213566559, 0.6989806164760767881, 1.884894146501785883 ) ) ;
#2437 =( LENGTH_UNIT ( ) NAMED_UNIT ( * ) SI_UNIT ( .MILLI., .METRE. ) );
#2438 = PRESENTATION_LAYER_ASSIGNMENT (  '', '', ( #1378 ) ) ;
#2439 =( NAMED_UNIT ( * ) PLANE_ANGLE_UNIT ( ) SI_UNIT ( $, .RADIAN. ) );
#2440 = SURFACE_SIDE_STYLE ('',( #235 ) ) ;
#2441 = ORIENTED_EDGE ( 'NONE', *, *, #204, .T. ) ;
#2442 = MECHANICAL_DESIGN_GEOMETRIC_PRESENTATION_REPRESENTATION (  '', ( #252 ), #2498 ) ;
#2443 = AXIS2_PLACEMENT_3D ( 'NONE', #411, #2177, #3654 ) ;
#2444 = VECTOR ( 'NONE', #3805, 1000.000000000000000 ) ;
#2445 = CARTESIAN_POINT ( 'NONE',  ( 1.188333333333333686, 0.6400000000000000133, 1.923333333333333339 ) ) ;
#2446 = VECTOR ( 'NONE', #3220, 1000.000000000000000 ) ;
#2447 = AXIS2_PLACEMENT_3D ( 'NONE', #1424, #756, #2292 ) ;
#2448 = CARTESIAN_POINT ( 'NONE',  ( 1.714999999999999414, 0.6399999999999996803, 1.673333333333334227 ) ) ;
#2449 = ORIENTED_EDGE ( 'NONE', *, *, #2785, .T. ) ;
#2450 =( LENGTH_UNIT ( ) NAMED_UNIT ( * ) SI_UNIT ( .MILLI., .METRE. ) );
#2451 = SURFACE_STYLE_USAGE ( .BOTH. , #1286 ) ;
#2452 = STYLED_ITEM ( 'NONE', ( #1633 ), #3139 ) ;
#2453 = SURFACE_STYLE_FILL_AREA ( #3027 ) ;
#2454 = ORIENTED_EDGE ( 'NONE', *, *, #118, .F. ) ;
#2455 = SURFACE_STYLE_FILL_AREA ( #1289 ) ;
#2456 = EDGE_CURVE ( 'NONE', #287, #1481, #279, .T. ) ;
#2457 = DIRECTION ( 'NONE',  ( 0.000000000000000000, 0.000000000000000000, 1.000000000000000000 ) ) ;
#2458 = ORIENTED_EDGE ( 'NONE', *, *, #140, .T. ) ;
#2459 = VECTOR ( 'NONE', #126, 1000.000000000000000 ) ;
#2460 = AXIS2_PLACEMENT_3D ( 'NONE', #1981, #1999, #1136 ) ;
#2461 = FILL_AREA_STYLE_COLOUR ( '', #137 ) ;
#2462 = UNCERTAINTY_MEASURE_WITH_UNIT (LENGTH_MEASURE( 1.000000000000000082E-05 ), #239, 'distance_accuracy_value', 'NONE');
#2463 = FACE_OUTER_BOUND ( 'NONE', #2784, .T. ) ;
#2464 = FACE_OUTER_BOUND ( 'NONE', #3526, .T. ) ;
#2465 = ORIENTED_EDGE ( 'NONE', *, *, #1420, .F. ) ;
#2466 = ORIENTED_EDGE ( 'NONE', *, *, #1275, .F. ) ;
#2467 = DIRECTION ( 'NONE',  ( -0.7071067811865441310, 0.000000000000000000, 0.7071067811865510144 ) ) ;
#2468 = PRESENTATION_STYLE_ASSIGNMENT (( #2451 ) ) ;
#2469 = PRESENTATION_STYLE_ASSIGNMENT (( #1921 ) ) ;
#2470 = DIRECTION ( 'NONE',  ( 1.000000000000000000, 0.000000000000000000, 0.000000000000000000 ) ) ;
#2471 = DIRECTION ( 'NONE',  ( -1.000000000000000000, 0.000000000000000000, 0.000000000000000000 ) ) ;
#2472 = UNCERTAINTY_MEASURE_WITH_UNIT (LENGTH_MEASURE( 1.000000000000000082E-05 ), #3619, 'distance_accuracy_value', 'NONE');
#2473 = FILL_AREA_STYLE ('',( #1640 ) ) ;
#2474 = FILL_AREA_STYLE_COLOUR ( '', #3395 ) ;
#2475 = ORIENTED_EDGE ( 'NONE', *, *, #3330, .F. ) ;
#2476 = ADVANCED_FACE ( 'NONE', ( #1413 ), #2258, .F. ) ;
#2477 = EDGE_CURVE ( 'NONE', #1439, #624, #2585, .T. ) ;
#2478 = FILL_AREA_STYLE ('',( #2461 ) ) ;
#2479 = EDGE_CURVE ( 'NONE', #3310, #3274, #2963, .T. ) ;
#2480 = CARTESIAN_POINT ( 'NONE',  ( -2.375000000000000444, 0.2399999999999997691, -2.123333333333333073 ) ) ;
#2481 = EDGE_LOOP ( 'NONE', ( #3637, #2999, #2905, #1510 ) ) ;
#2482 = ORIENTED_EDGE ( 'NONE', *, *, #1134, .F. ) ;
#2483 = UNCERTAINTY_MEASURE_WITH_UNIT (LENGTH_MEASURE( 1.000000000000000082E-05 ), #1611, 'distance_accuracy_value', 'NONE');
#2484 = SURFACE_STYLE_FILL_AREA ( #124 ) ;
#2485 = LINE ( 'NONE', #3623, #3478 ) ;
#2486 =( NAMED_UNIT ( * ) SI_UNIT ( $, .STERADIAN. ) SOLID_ANGLE_UNIT ( ) );
#2487 = DIRECTION ( 'NONE',  ( 0.000000000000000000, 0.000000000000000000, 1.000000000000000000 ) ) ;
#2488 = FILL_AREA_STYLE ('',( #454 ) ) ;
#2489 = SURFACE_SIDE_STYLE ('',( #2455 ) ) ;
#2490 = CARTESIAN_POINT ( 'NONE',  ( 1.649999999999999911, 0.8699999999999994404, 2.450000000000000622 ) ) ;
#2491 = PRESENTATION_STYLE_ASSIGNMENT (( #1929 ) ) ;
#2492 = CARTESIAN_POINT ( 'NONE',  ( -2.374999999999999112, 2.399999999999999911, -1.218333333333331270 ) ) ;
#2493 = ORIENTED_EDGE ( 'NONE', *, *, #1195, .F. ) ;
#2494 =( LENGTH_UNIT ( ) NAMED_UNIT ( * ) SI_UNIT ( .MILLI., .METRE. ) );
#2495 = VERTEX_POINT ( 'NONE', #2314 ) ;
#2496 = CIRCLE ( 'NONE', #3534, 0.4899999999999999911 ) ;
#2497 = ADVANCED_FACE ( 'NONE', ( #3145 ), #475, .T. ) ;
#2498 =( GEOMETRIC_REPRESENTATION_CONTEXT ( 3 ) GLOBAL_UNCERTAINTY_ASSIGNED_CONTEXT ( ( #3378 ) ) GLOBAL_UNIT_ASSIGNED_CONTEXT ( ( #2432, #655, #471 ) ) REPRESENTATION_CONTEXT ( 'NONE', 'WORKASPACE' ) );
#2499 = CARTESIAN_POINT ( 'NONE',  ( -2.375000000000000444, 0.2399999999999997691, 2.123333333333333073 ) ) ;
#2500 = MECHANICAL_DESIGN_GEOMETRIC_PRESENTATION_REPRESENTATION (  '', ( #1256 ), #254 ) ;
#2501 = EDGE_CURVE ( 'NONE', #2709, #2302, #934, .T. ) ;
#2502 = COLOUR_RGB ( '',0.2509803921568627416, 0.2509803921568627416, 0.2509803921568627416 ) ;
#2503 = DIRECTION ( 'NONE',  ( 0.000000000000000000, 0.000000000000000000, -1.000000000000000000 ) ) ;
#2504 =( LENGTH_UNIT ( ) NAMED_UNIT ( * ) SI_UNIT ( .MILLI., .METRE. ) );
#2505 = AXIS2_PLACEMENT_3D ( 'NONE', #1172, #2070, #3244 ) ;
#2506 = ORIENTED_EDGE ( 'NONE', *, *, #3106, .T. ) ;
#2507 = DIRECTION ( 'NONE',  ( 1.000000000000000000, 0.000000000000000000, 0.000000000000000000 ) ) ;
#2508 =( GEOMETRIC_REPRESENTATION_CONTEXT ( 3 ) GLOBAL_UNCERTAINTY_ASSIGNED_CONTEXT ( ( #803 ) ) GLOBAL_UNIT_ASSIGNED_CONTEXT ( ( #518, #1380, #1694 ) ) REPRESENTATION_CONTEXT ( 'NONE', 'WORKASPACE' ) );
#2509 = CARTESIAN_POINT ( 'NONE',  ( -2.912069900877995998, 1.320000000000000062, 1.188333333333333242 ) ) ;
#2510 = COLOUR_RGB ( '',0.2509803921568627416, 0.2509803921568627416, 0.2509803921568627416 ) ;
#2511 = VECTOR ( 'NONE', #2136, 1000.000000000000000 ) ;
#2512 = FACE_OUTER_BOUND ( 'NONE', #3477, .T. ) ;
#2513 = CARTESIAN_POINT ( 'NONE',  ( -1.592500000000000027, 0.6399999999999999023, 2.245833333333334458 ) ) ;
#2514 = VERTEX_POINT ( 'NONE', #604 ) ;
#2515 = PRESENTATION_LAYER_ASSIGNMENT (  '', '', ( #1025 ) ) ;
#2516 = MECHANICAL_DESIGN_GEOMETRIC_PRESENTATION_REPRESENTATION (  '', ( #1585 ), #3555 ) ;
#2517 = MECHANICAL_DESIGN_GEOMETRIC_PRESENTATION_REPRESENTATION (  '', ( #378 ), #1089 ) ;
#2518 = FILL_AREA_STYLE_COLOUR ( '', #3548 ) ;
#2519 = STYLED_ITEM ( 'NONE', ( #1475 ), #2960 ) ;
#2520 = CARTESIAN_POINT ( 'NONE',  ( -1.143333333333329094, 0.1627596668112848421, -2.450000000000000178 ) ) ;
#2521 = UNCERTAINTY_MEASURE_WITH_UNIT (LENGTH_MEASURE( 1.000000000000000082E-05 ), #2689, 'distance_accuracy_value', 'NONE');
#2522 = COLOUR_RGB ( '',0.7294117647058823151, 0.3568627450980392246, 0.02352941176470588203 ) ;
#2523 = EDGE_LOOP ( 'NONE', ( #400, #3273, #1783, #2855 ) ) ;
#2524 = COLOUR_RGB ( '',0.2509803921568627416, 0.2509803921568627416, 0.2509803921568627416 ) ;
#2525 = ORIENTED_EDGE ( 'NONE', *, *, #1963, .F. ) ;
#2526 = MECHANICAL_DESIGN_GEOMETRIC_PRESENTATION_REPRESENTATION (  '', ( #2640 ), #1845 ) ;
#2527 = MECHANICAL_DESIGN_GEOMETRIC_PRESENTATION_REPRESENTATION (  '', ( #3819 ), #151 ) ;
#2528 = UNCERTAINTY_MEASURE_WITH_UNIT (LENGTH_MEASURE( 1.000000000000000082E-05 ), #148, 'distance_accuracy_value', 'NONE');
#2529 = SURFACE_STYLE_USAGE ( .BOTH. , #1946 ) ;
#2530 = EDGE_CURVE ( 'NONE', #112, #3827, #1203, .T. ) ;
#2531 = MECHANICAL_DESIGN_GEOMETRIC_PRESENTATION_REPRESENTATION (  '', ( #2213 ), #2588 ) ;
#2532 = PLANE ( 'NONE',  #1793 ) ;
#2533 = EDGE_LOOP ( 'NONE', ( #2750, #3132, #3636 ) ) ;
#2534 = DIRECTION ( 'NONE',  ( 0.000000000000000000, 1.000000000000000000, 0.000000000000000000 ) ) ;
#2535 = LINE ( 'NONE', #2280, #2135 ) ;
#2536 = ADVANCED_FACE ( 'NONE', ( #2642 ), #2397, .T. ) ;
#2537 =( GEOMETRIC_REPRESENTATION_CONTEXT ( 3 ) GLOBAL_UNCERTAINTY_ASSIGNED_CONTEXT ( ( #3365 ) ) GLOBAL_UNIT_ASSIGNED_CONTEXT ( ( #1546, #834, #2309 ) ) REPRESENTATION_CONTEXT ( 'NONE', 'WORKASPACE' ) );
#2538 = CARTESIAN_POINT ( 'NONE',  ( 1.502654158242908711, 0.3827213078750210662, -2.123333333333333961 ) ) ;
#2539 = AXIS2_PLACEMENT_3D ( 'NONE', #2765, #1355, #2545 ) ;
#2540 = CARTESIAN_POINT ( 'NONE',  ( 2.375000000000000444, 0.2399999999999997691, -2.123333333333333517 ) ) ;
#2541 = FILL_AREA_STYLE_COLOUR ( '', #1831 ) ;
#2542 = CARTESIAN_POINT ( 'NONE',  ( -1.469999999999999973, 2.000000000000000000, 2.123333333333333517 ) ) ;
#2543 = DIRECTION ( 'NONE',  ( 0.7071067811865510144, 0.000000000000000000, 0.7071067811865441310 ) ) ;
#2544 = ADVANCED_FACE ( 'NONE', ( #2355 ), #1818, .T. ) ;
#2545 = DIRECTION ( 'NONE',  ( 0.000000000000000000, 0.000000000000000000, 1.000000000000000000 ) ) ;
#2546 = VERTEX_POINT ( 'NONE', #1228 ) ;
#2547 =( LENGTH_UNIT ( ) NAMED_UNIT ( * ) SI_UNIT ( .MILLI., .METRE. ) );
#2548 = FILL_AREA_STYLE_COLOUR ( '', #2089 ) ;
#2549 = CARTESIAN_POINT ( 'NONE',  ( 1.143333333333329094, 2.000000000000000000, 2.450000000000000622 ) ) ;
#2550 = DIRECTION ( 'NONE',  ( 0.000000000000000000, 1.000000000000000000, -0.000000000000000000 ) ) ;
#2551 = SURFACE_SIDE_STYLE ('',( #1361 ) ) ;
#2552 = CARTESIAN_POINT ( 'NONE',  ( 1.714999999999998526, 0.6399999999999996803, 2.123333333333334405 ) ) ;
#2553 = LINE ( 'NONE', #2813, #1855 ) ;
#2554 = ORIENTED_EDGE ( 'NONE', *, *, #127, .T. ) ;
#2555 = ADVANCED_FACE ( 'NONE', ( #1758 ), #2416, .T. ) ;
#2556 = DIRECTION ( 'NONE',  ( 0.000000000000000000, 1.000000000000000000, 0.000000000000000000 ) ) ;
#2557 = UNCERTAINTY_MEASURE_WITH_UNIT (LENGTH_MEASURE( 1.000000000000000082E-05 ), #746, 'distance_accuracy_value', 'NONE');
#2558 =( LENGTH_UNIT ( ) NAMED_UNIT ( * ) SI_UNIT ( .MILLI., .METRE. ) );
#2559 = EDGE_LOOP ( 'NONE', ( #2293, #3585, #190, #3778 ) ) ;
#2560 = ORIENTED_EDGE ( 'NONE', *, *, #2094, .F. ) ;
#2561 =( NAMED_UNIT ( * ) SI_UNIT ( $, .STERADIAN. ) SOLID_ANGLE_UNIT ( ) );
#2562 = FACE_OUTER_BOUND ( 'NONE', #350, .T. ) ;
#2563 = DIRECTION ( 'NONE',  ( 1.626303258728257045E-15, -1.000000000000000000, 0.000000000000000000 ) ) ;
#2564 = PRESENTATION_LAYER_ASSIGNMENT (  '', '', ( #367 ) ) ;
#2565 = FILL_AREA_STYLE_COLOUR ( '', #1072 ) ;
#2566 = VECTOR ( 'NONE', #3126, 1000.000000000000000 ) ;
#2567 = DIRECTION ( 'NONE',  ( -0.000000000000000000, 0.000000000000000000, 1.000000000000000000 ) ) ;
#2568 = AXIS2_PLACEMENT_3D ( 'NONE', #2843, #547, #828 ) ;
#2569 = SURFACE_STYLE_USAGE ( .BOTH. , #2021 ) ;
#2570 = EDGE_LOOP ( 'NONE', ( #705, #2386, #1852, #1752 ) ) ;
#2571 = LINE ( 'NONE', #3753, #203 ) ;
#2572 = VERTEX_POINT ( 'NONE', #3078 ) ;
#2573 = CIRCLE ( 'NONE', #2028, 1.200000000000000178 ) ;
#2574 = EDGE_CURVE ( 'NONE', #2380, #3610, #3353, .T. ) ;
#2575 = PRESENTATION_LAYER_ASSIGNMENT (  '', '', ( #590 ) ) ;
#2576 = AXIS2_PLACEMENT_3D ( 'NONE', #912, #869, #1849 ) ;
#2577 = EDGE_LOOP ( 'NONE', ( #3817, #155, #943, #1935, #2465, #826, #1331 ) ) ;
#2578 = CARTESIAN_POINT ( 'NONE',  ( 1.649999999999999911, -0.08459999799161091460, 2.450000000000000622 ) ) ;
#2579 = PRODUCT_DEFINITION_FORMATION_WITH_SPECIFIED_SOURCE ( 'ANY', '', #3582, .NOT_KNOWN. ) ;
#2580 = EDGE_CURVE ( 'NONE', #290, #324, #1009, .T. ) ;
#2581 = VECTOR ( 'NONE', #732, 1000.000000000000000 ) ;
#2582 = LINE ( 'NONE', #195, #700 ) ;
#2583 = AXIS2_PLACEMENT_3D ( 'NONE', #366, #1877, #62 ) ;
#2584 =( NAMED_UNIT ( * ) PLANE_ANGLE_UNIT ( ) SI_UNIT ( $, .RADIAN. ) );
#2585 = LINE ( 'NONE', #3432, #1792 ) ;
#2586 =( NAMED_UNIT ( * ) PLANE_ANGLE_UNIT ( ) SI_UNIT ( $, .RADIAN. ) );
#2587 = LINE ( 'NONE', #1071, #3811 ) ;
#2588 =( GEOMETRIC_REPRESENTATION_CONTEXT ( 3 ) GLOBAL_UNCERTAINTY_ASSIGNED_CONTEXT ( ( #2781 ) ) GLOBAL_UNIT_ASSIGNED_CONTEXT ( ( #874, #1171, #7 ) ) REPRESENTATION_CONTEXT ( 'NONE', 'WORKASPACE' ) );
#2589 =( NAMED_UNIT ( * ) PLANE_ANGLE_UNIT ( ) SI_UNIT ( $, .RADIAN. ) );
#2590 = VERTEX_POINT ( 'NONE', #79 ) ;
#2591 = UNCERTAINTY_MEASURE_WITH_UNIT (LENGTH_MEASURE( 1.000000000000000082E-05 ), #2621, 'distance_accuracy_value', 'NONE');
#2592 = VERTEX_POINT ( 'NONE', #3673 ) ;
#2593 = FILL_AREA_STYLE ('',( #1312 ) ) ;
#2594 = DIRECTION ( 'NONE',  ( 0.000000000000000000, 1.000000000000000000, 0.000000000000000000 ) ) ;
#2595 = EDGE_CURVE ( 'NONE', #1437, #3405, #3374, .T. ) ;
#2596 = EDGE_CURVE ( 'NONE', #2049, #3336, #992, .T. ) ;
#2597 = ORIENTED_EDGE ( 'NONE', *, *, #1596, .T. ) ;
#2598 = CARTESIAN_POINT ( 'NONE',  ( 1.143333333333329094, 2.399999999999999911, -2.450000000000000622 ) ) ;
#2599 = EDGE_CURVE ( 'NONE', #2592, #287, #47, .T. ) ;
#2600 = DIRECTION ( 'NONE',  ( 1.000000000000000000, 0.000000000000000000, -1.779812047855822958E-16 ) ) ;
#2601 = FACE_OUTER_BOUND ( 'NONE', #3048, .T. ) ;
#2602 = LINE ( 'NONE', #741, #3665 ) ;
#2603 = SURFACE_STYLE_USAGE ( .BOTH. , #1998 ) ;
#2604 = FILL_AREA_STYLE ('',( #149 ) ) ;
#2605 = FILL_AREA_STYLE_COLOUR ( '', #1765 ) ;
#2606 = CARTESIAN_POINT ( 'NONE',  ( 1.592499999999997140, 0.6399999999999999023, 2.123333333333334405 ) ) ;
#2607 = DIRECTION ( 'NONE',  ( 0.000000000000000000, 0.000000000000000000, -1.000000000000000000 ) ) ;
#2608 = ORIENTED_EDGE ( 'NONE', *, *, #439, .T. ) ;
#2609 = DIRECTION ( 'NONE',  ( 0.000000000000000000, 0.000000000000000000, 1.000000000000000000 ) ) ;
#2610 = APPLICATION_CONTEXT ( 'automotive_design' ) ;
#2611 = ORIENTED_EDGE ( 'NONE', *, *, #388, .F. ) ;
#2612 = LINE ( 'NONE', #1685, #1960 ) ;
#2613 = ORIENTED_EDGE ( 'NONE', *, *, #3845, .T. ) ;
#2614 = DIRECTION ( 'NONE',  ( 0.000000000000000000, 0.000000000000000000, 1.000000000000000000 ) ) ;
#2615 = VERTEX_POINT ( 'NONE', #3597 ) ;
#2616 = EDGE_CURVE ( 'NONE', #1437, #290, #2124, .T. ) ;
#2617 = DIRECTION ( 'NONE',  ( 6.123233995736766036E-17, -0.000000000000000000, 1.000000000000000000 ) ) ;
#2618 = DIRECTION ( 'NONE',  ( -1.000000000000000000, 0.000000000000000000, 0.000000000000000000 ) ) ;
#2619 = EDGE_CURVE ( 'NONE', #3355, #2288, #3568, .T. ) ;
#2620 = VECTOR ( 'NONE', #60, 999.9999999999998863 ) ;
#2621 =( LENGTH_UNIT ( ) NAMED_UNIT ( * ) SI_UNIT ( .MILLI., .METRE. ) );
#2622 = PRESENTATION_STYLE_ASSIGNMENT (( #1366 ) ) ;
#2623 = AXIS2_PLACEMENT_3D ( 'NONE', #1284, #3581, #1301 ) ;
#2624 = SURFACE_STYLE_FILL_AREA ( #1416 ) ;
#2625 = CARTESIAN_POINT ( 'NONE',  ( 1.143333333333329094, 0.2399999999999997691, -2.450000000000000622 ) ) ;
#2626 = VECTOR ( 'NONE', #2229, 1000.000000000000000 ) ;
#2627 = VERTEX_POINT ( 'NONE', #3339 ) ;
#2628 = FILL_AREA_STYLE ('',( #1454 ) ) ;
#2629 = VECTOR ( 'NONE', #2701, 1000.000000000000000 ) ;
#2630 = EDGE_LOOP ( 'NONE', ( #1065, #2441, #2554, #1058, #216, #3716, #3690 ) ) ;
#2631 = VECTOR ( 'NONE', #1773, 1000.000000000000000 ) ;
#2632 = VECTOR ( 'NONE', #2834, 1000.000000000000000 ) ;
#2633 = ORIENTED_EDGE ( 'NONE', *, *, #1220, .F. ) ;
#2634 = CARTESIAN_POINT ( 'NONE',  ( 0.000000000000000000, 1.320000000000000062, -2.912069900877995998 ) ) ;
#2635 = ORIENTED_EDGE ( 'NONE', *, *, #418, .T. ) ;
#2636 = VECTOR ( 'NONE', #2667, 1000.000000000000000 ) ;
#2637 = EDGE_CURVE ( 'NONE', #2226, #3237, #703, .T. ) ;
#2638 = AXIS2_PLACEMENT_3D ( 'NONE', #48, #2467, #3094 ) ;
#2639 = DIRECTION ( 'NONE',  ( -0.6901619708141997211, 0.2176072335280440917, -0.6901619708141929488 ) ) ;
#2640 = STYLED_ITEM ( 'NONE', ( #3399 ), #3400 ) ;
#2641 = B_SPLINE_CURVE_WITH_KNOTS ( 'NONE', 3,
 ( #2102, #1506, #3276, #960, #1177, #3842, #2704, #2436, #3527, #3586 ),
 .UNSPECIFIED., .F., .F.,
 ( 4, 2, 2, 2, 4 ),
 ( 3.909146525865938448E-19, 0.0001035845920381451554, 0.0002071691840762899042, 0.0003107537761144346937, 0.0004143383681525794290 ),
 .UNSPECIFIED. ) ;
#2642 = FACE_OUTER_BOUND ( 'NONE', #1400, .T. ) ;
#2643 = EDGE_CURVE ( 'NONE', #2965, #871, #1912, .T. ) ;
#2644 = ADVANCED_FACE ( 'NONE', ( #3324 ), #652, .F. ) ;
#2645 = DIRECTION ( 'NONE',  ( -1.000000000000000000, 0.000000000000000000, 0.000000000000000000 ) ) ;
#2646 = STYLED_ITEM ( 'NONE', ( #1057 ), #2155 ) ;
#2647 = ORIENTED_EDGE ( 'NONE', *, *, #2385, .T. ) ;
#2648 = ORIENTED_EDGE ( 'NONE', *, *, #3497, .F. ) ;
#2649 = AXIS2_PLACEMENT_3D ( 'NONE', #3297, #2033, #1511 ) ;
#2650 = CARTESIAN_POINT ( 'NONE',  ( 1.469999999999998197, 0.6399999999999996803, 2.123333333333334405 ) ) ;
#2651 = SURFACE_SIDE_STYLE ('',( #1789 ) ) ;
#2652 = SURFACE_STYLE_USAGE ( .BOTH. , #1480 ) ;
#2653 = ORIENTED_EDGE ( 'NONE', *, *, #1221, .T. ) ;
#2654 = ORIENTED_EDGE ( 'NONE', *, *, #729, .T. ) ;
#2655 = DIRECTION ( 'NONE',  ( 0.000000000000000000, 0.000000000000000000, 1.000000000000000000 ) ) ;
#2656 = LINE ( 'NONE', #599, #514 ) ;
#2657 = PRESENTATION_STYLE_ASSIGNMENT (( #933 ) ) ;
#2658 = CARTESIAN_POINT ( 'NONE',  ( 2.374999999999999112, 2.399999999999999911, 1.218333333333330826 ) ) ;
#2659 = CARTESIAN_POINT ( 'NONE',  ( -1.502654158242909377, 0.3827213078750212882, 2.450000000000000622 ) ) ;
#2660 = FILL_AREA_STYLE ('',( #1489 ) ) ;
#2661 = DIRECTION ( 'NONE',  ( 6.123233995736766036E-17, -0.000000000000000000, 1.000000000000000000 ) ) ;
#2662 = CARTESIAN_POINT ( 'NONE',  ( 2.912069900877995110, 1.320000000000000062, -1.188333333333333686 ) ) ;
#2663 = ADVANCED_FACE ( 'NONE', ( #1406 ), #2532, .F. ) ;
#2664 = CARTESIAN_POINT ( 'NONE',  ( 2.375000000000000444, 0.2399999999999997691, 2.123333333333333517 ) ) ;
#2665 = ORIENTED_EDGE ( 'NONE', *, *, #840, .T. ) ;
#2666 = EDGE_LOOP ( 'NONE', ( #612, #993, #2681, #866, #830, #184, #724, #463 ) ) ;
#2667 = DIRECTION ( 'NONE',  ( 3.649488378632832720E-16, 0.000000000000000000, -1.000000000000000000 ) ) ;
#2668 = VERTEX_POINT ( 'NONE', #3696 ) ;
#2669 = ADVANCED_FACE ( 'NONE', ( #2562 ), #222, .F. ) ;
#2670 =( NAMED_UNIT ( * ) SI_UNIT ( $, .STERADIAN. ) SOLID_ANGLE_UNIT ( ) );
#2671 = ORIENTED_EDGE ( 'NONE', *, *, #3720, .F. ) ;
#2672 = UNCERTAINTY_MEASURE_WITH_UNIT (LENGTH_MEASURE( 1.000000000000000082E-05 ), #3401, 'distance_accuracy_value', 'NONE');
#2673 = FACE_OUTER_BOUND ( 'NONE', #123, .T. ) ;
#2674 = DIRECTION ( 'NONE',  ( 0.000000000000000000, -0.000000000000000000, -1.000000000000000000 ) ) ;
#2675 = CARTESIAN_POINT ( 'NONE',  ( 1.469999999999999973, 2.000000000000000000, -2.123333333333333961 ) ) ;
#2676 = DIRECTION ( 'NONE',  ( -3.649488378632832720E-16, -0.000000000000000000, 1.000000000000000000 ) ) ;
#2677 = FILL_AREA_STYLE ('',( #581 ) ) ;
#2678 = MECHANICAL_DESIGN_GEOMETRIC_PRESENTATION_REPRESENTATION (  '', ( #2740 ), #1883 ) ;
#2679 = DIRECTION ( 'NONE',  ( -0.9537169507482290420, 0.3007057995042664023, 4.570262938950188936E-16 ) ) ;
#2680 = PRESENTATION_LAYER_ASSIGNMENT (  '', '', ( #3603 ) ) ;
#2681 = ORIENTED_EDGE ( 'NONE', *, *, #3337, .F. ) ;
#2682 = ORIENTED_EDGE ( 'NONE', *, *, #2714, .T. ) ;
#2683 = DIRECTION ( 'NONE',  ( 0.000000000000000000, 1.000000000000000000, 0.000000000000000000 ) ) ;
#2684 = ORIENTED_EDGE ( 'NONE', *, *, #2767, .T. ) ;
#2685 = PLANE ( 'NONE',  #1258 ) ;
#2686 = SURFACE_STYLE_USAGE ( .BOTH. , #1809 ) ;
#2687 = STYLED_ITEM ( 'NONE', ( #390 ), #276 ) ;
#2688 = PLANE ( 'NONE',  #3552 ) ;
#2689 =( LENGTH_UNIT ( ) NAMED_UNIT ( * ) SI_UNIT ( .MILLI., .METRE. ) );
#2690 = ORIENTED_EDGE ( 'NONE', *, *, #63, .F. ) ;
#2691 = VECTOR ( 'NONE', #1351, 1000.000000000000000 ) ;
#2692 = ADVANCED_FACE ( 'NONE', ( #1031 ), #2277, .F. ) ;
#2693 = COLOUR_RGB ( '',0.7294117647058823151, 0.3568627450980392246, 0.02352941176470588203 ) ;
#2694 = STYLED_ITEM ( 'NONE', ( #1240 ), #1670 ) ;
#2695 = VECTOR ( 'NONE', #3668, 1000.000000000000000 ) ;
#2696 = CARTESIAN_POINT ( 'NONE',  ( 0.000000000000000000, 0.6400000000000000133, -1.923333333333334005 ) ) ;
#2697 = LINE ( 'NONE', #3519, #1463 ) ;
#2698 = COLOUR_RGB ( '',0.2509803921568627416, 0.2509803921568627416, 0.2509803921568627416 ) ;
#2699 = MECHANICAL_DESIGN_GEOMETRIC_PRESENTATION_REPRESENTATION (  '', ( #1274 ), #2097 ) ;
#2700 = PRESENTATION_STYLE_ASSIGNMENT (( #951 ) ) ;
#2701 = DIRECTION ( 'NONE',  ( 0.7071067811865517916, 0.000000000000000000, -0.7071067811865433539 ) ) ;
#2702 = DIRECTION ( 'NONE',  ( -4.792053801040901909E-16, -0.000000000000000000, -1.000000000000000000 ) ) ;
#2703 = PRESENTATION_STYLE_ASSIGNMENT (( #2360 ) ) ;
#2704 = CARTESIAN_POINT ( 'NONE',  ( -1.660897955096258372, 0.7466501562452748653, 1.857543911744867549 ) ) ;
#2705 = ORIENTED_EDGE ( 'NONE', *, *, #1179, .F. ) ;
#2706 = COLOUR_RGB ( '',0.2509803921568627416, 0.2509803921568627416, 0.2509803921568627416 ) ;
#2707 = CARTESIAN_POINT ( 'NONE',  ( 1.592499999999997806, 0.6399999999999996803, 2.123333333333334405 ) ) ;
#2708 = LINE ( 'NONE', #2121, #2898 ) ;
#2709 = VERTEX_POINT ( 'NONE', #808 ) ;
#2710 = PRESENTATION_LAYER_ASSIGNMENT (  '', '', ( #1601 ) ) ;
#2711 = ADVANCED_FACE ( 'NONE', ( #2010 ), #858, .F. ) ;
#2712 = PRESENTATION_LAYER_ASSIGNMENT (  '', '', ( #709 ) ) ;
#2713 = SURFACE_SIDE_STYLE ('',( #629 ) ) ;
#2714 = EDGE_CURVE ( 'NONE', #385, #2790, #1739, .T. ) ;
#2715 =( NAMED_UNIT ( * ) PLANE_ANGLE_UNIT ( ) SI_UNIT ( $, .RADIAN. ) );
#2716 = CARTESIAN_POINT ( 'NONE',  ( -1.592500000000000693, 0.6399999999999999023, 2.123333333333334405 ) ) ;
#2717 = CARTESIAN_POINT ( 'NONE',  ( 2.375000000000000444, 0.2399999999999997691, 2.123333333333333517 ) ) ;
#2718 = CARTESIAN_POINT ( 'NONE',  ( -1.143333333333329316, 0.2399999999999997691, 2.450000000000000622 ) ) ;
#2719 = PLANE ( 'NONE',  #2863 ) ;
#2720 = CARTESIAN_POINT ( 'NONE',  ( -1.649999999999999911, 0.8699999999999994404, -2.450000000000000622 ) ) ;
#2721 = CARTESIAN_POINT ( 'NONE',  ( 2.250000000000000000, 0.2399999999999996581, -2.123333333333333517 ) ) ;
#2722 =( NAMED_UNIT ( * ) SI_UNIT ( $, .STERADIAN. ) SOLID_ANGLE_UNIT ( ) );
#2723 = SURFACE_STYLE_USAGE ( .BOTH. , #1214 ) ;
#2724 = EDGE_CURVE ( 'NONE', #2858, #1439, #53, .T. ) ;
#2725 = ORIENTED_EDGE ( 'NONE', *, *, #157, .F. ) ;
#2726 = ORIENTED_EDGE ( 'NONE', *, *, #3223, .T. ) ;
#2727 = MANIFOLD_SOLID_BREP ( 'Cut-Extrude4[1]', #952 ) ;
#2728 = PRESENTATION_STYLE_ASSIGNMENT (( #2787 ) ) ;
#2729 = EDGE_CURVE ( 'NONE', #2405, #2993, #1563, .T. ) ;
#2730 = DIRECTION ( 'NONE',  ( 2.212657494868376441E-16, 1.000000000000000000, -0.000000000000000000 ) ) ;
#2731 = VERTEX_POINT ( 'NONE', #537 ) ;
#2732 = PLANE ( 'NONE',  #3499 ) ;
#2733 = EDGE_CURVE ( 'NONE', #611, #287, #2426, .T. ) ;
#2734 =( NAMED_UNIT ( * ) PLANE_ANGLE_UNIT ( ) SI_UNIT ( $, .RADIAN. ) );
#2735 = DIRECTION ( 'NONE',  ( 1.000000000000000000, 0.000000000000000000, -0.000000000000000000 ) ) ;
#2736 = CARTESIAN_POINT ( 'NONE',  ( -1.469999999999999973, 0.2399999999999997691, -2.123333333333333517 ) ) ;
#2737 = EDGE_LOOP ( 'NONE', ( #563, #3018, #3191, #2100 ) ) ;
#2738 = CARTESIAN_POINT ( 'NONE',  ( 1.050000000000000266, 0.2399999999999995470, 2.450000000000000622 ) ) ;
#2739 =( LENGTH_UNIT ( ) NAMED_UNIT ( * ) SI_UNIT ( .MILLI., .METRE. ) );
#2740 = STYLED_ITEM ( 'NONE', ( #3430 ), #582 ) ;
#2741 = SURFACE_SIDE_STYLE ('',( #1930 ) ) ;
#2742 = VERTEX_POINT ( 'NONE', #1532 ) ;
#2743 = CIRCLE ( 'NONE', #1075, 0.5237365675446613578 ) ;
#2744 = MANIFOLD_SOLID_BREP ( 'Cut-Sweep1', #2320 ) ;
#2745 = CARTESIAN_POINT ( 'NONE',  ( -2.449999999999998845, 1.320000000000000062, 2.912069900877995110 ) ) ;
#2746 = STYLED_ITEM ( 'NONE', ( #1989 ), #234 ) ;
#2747 = CIRCLE ( 'NONE', #2568, 1.200000000000000622 ) ;
#2748 = SURFACE_STYLE_FILL_AREA ( #1744 ) ;
#2749 = ORIENTED_EDGE ( 'NONE', *, *, #2477, .T. ) ;
#2750 = ORIENTED_EDGE ( 'NONE', *, *, #491, .F. ) ;
#2751 = UNCERTAINTY_MEASURE_WITH_UNIT (LENGTH_MEASURE( 1.000000000000000082E-05 ), #180, 'distance_accuracy_value', 'NONE');
#2752 = CARTESIAN_POINT ( 'NONE',  ( -1.469999999999999973, -2.168404344971008868E-16, 2.123333333333333517 ) ) ;
#2753 = STYLED_ITEM ( 'NONE', ( #1050 ), #1775 ) ;
#2754 = CARTESIAN_POINT ( 'NONE',  ( 1.469999999999999973, 0.6399999999999996803, -2.123333333333333961 ) ) ;
#2755 = EDGE_CURVE ( 'NONE', #3355, #73, #2708, .T. ) ;
#2756 = ORIENTED_EDGE ( 'NONE', *, *, #233, .T. ) ;
#2757 = FACE_OUTER_BOUND ( 'NONE', #3348, .T. ) ;
#2758 = CARTESIAN_POINT ( 'NONE',  ( 1.143333333333329094, 0.1627596668112848421, 2.450000000000000622 ) ) ;
#2759 = FILL_AREA_STYLE_COLOUR ( '', #3426 ) ;
#2760 = EDGE_CURVE ( 'NONE', #1608, #3566, #42, .T. ) ;
#2761 = MANIFOLD_SOLID_BREP ( 'Cut-Extrude3[2]', #3605 ) ;
#2762 = DIRECTION ( 'NONE',  ( 4.425314989736752882E-16, 1.000000000000000000, -0.000000000000000000 ) ) ;
#2763 =( LENGTH_UNIT ( ) NAMED_UNIT ( * ) SI_UNIT ( .MILLI., .METRE. ) );
#2764 = COLOUR_RGB ( '',0.2509803921568627416, 0.2509803921568627416, 0.2509803921568627416 ) ;
#2765 = CARTESIAN_POINT ( 'NONE',  ( -1.188333333333333686, 1.319999999999999840, 1.188333333333333686 ) ) ;
#2766 = ORIENTED_EDGE ( 'NONE', *, *, #3669, .F. ) ;
#2767 = EDGE_CURVE ( 'NONE', #1764, #385, #2982, .T. ) ;
#2768 = CIRCLE ( 'NONE', #1655, 0.8699999999999996625 ) ;
#2769 = MECHANICAL_DESIGN_GEOMETRIC_PRESENTATION_REPRESENTATION (  '', ( #220 ), #1348 ) ;
#2770 = MECHANICAL_DESIGN_GEOMETRIC_PRESENTATION_REPRESENTATION (  '', ( #2896 ), #3019 ) ;
#2771 = DIRECTION ( 'NONE',  ( 0.000000000000000000, -1.000000000000000000, 0.000000000000000000 ) ) ;
#2772 = ORIENTED_EDGE ( 'NONE', *, *, #1152, .T. ) ;
#2773 = EDGE_LOOP ( 'NONE', ( #3500, #986, #3776, #1913 ) ) ;
#2774 = DIRECTION ( 'NONE',  ( 0.000000000000000000, 0.000000000000000000, -1.000000000000000000 ) ) ;
#2775 = CARTESIAN_POINT ( 'NONE',  ( 1.450111778604833868, 0.3661547592103167048, -2.143221554728499623 ) ) ;
#2776 = VERTEX_POINT ( 'NONE', #3047 ) ;
#2777 = DIRECTION ( 'NONE',  ( -1.000000000000000000, 0.000000000000000000, -4.792053801040901909E-16 ) ) ;
#2778 = EDGE_CURVE ( 'NONE', #375, #104, #3571, .T. ) ;
#2779 = LINE ( 'NONE', #1350, #1710 ) ;
#2780 = DIRECTION ( 'NONE',  ( 0.000000000000000000, 0.000000000000000000, 1.000000000000000000 ) ) ;
#2781 = UNCERTAINTY_MEASURE_WITH_UNIT (LENGTH_MEASURE( 1.000000000000000082E-05 ), #874, 'distance_accuracy_value', 'NONE');
#2782 = CYLINDRICAL_SURFACE ( 'NONE', #2956, 1.200000000000000178 ) ;
#2783 = DIRECTION ( 'NONE',  ( 0.000000000000000000, 1.000000000000000000, 0.000000000000000000 ) ) ;
#2784 = EDGE_LOOP ( 'NONE', ( #799, #2613, #3574, #2665 ) ) ;
#2785 = EDGE_CURVE ( 'NONE', #2590, #2324, #374, .T. ) ;
#2786 = UNCERTAINTY_MEASURE_WITH_UNIT (LENGTH_MEASURE( 1.000000000000000082E-05 ), #2810, 'distance_accuracy_value', 'NONE');
#2787 = SURFACE_STYLE_USAGE ( .BOTH. , #1606 ) ;
#2788 =( NAMED_UNIT ( * ) SI_UNIT ( $, .STERADIAN. ) SOLID_ANGLE_UNIT ( ) );
#2789 = FILL_AREA_STYLE ('',( #1607 ) ) ;
#2790 = VERTEX_POINT ( 'NONE', #1642 ) ;
#2791 = ORIENTED_EDGE ( 'NONE', *, *, #2935, .F. ) ;
#2792 = FILL_AREA_STYLE ('',( #2833 ) ) ;
#2793 = DIRECTION ( 'NONE',  ( -1.000000000000000000, -0.000000000000000000, -0.000000000000000000 ) ) ;
#2794 = LINE ( 'NONE', #2775, #154 ) ;
#2795 = PLANE ( 'NONE',  #67 ) ;
#2796 = FACE_OUTER_BOUND ( 'NONE', #1122, .T. ) ;
#2797 = DIRECTION ( 'NONE',  ( 1.000000000000000000, -0.000000000000000000, -0.000000000000000000 ) ) ;
#2798 = LINE ( 'NONE', #694, #2566 ) ;
#2799 = ORIENTED_EDGE ( 'NONE', *, *, #3001, .F. ) ;
#2800 =( NAMED_UNIT ( * ) SI_UNIT ( $, .STERADIAN. ) SOLID_ANGLE_UNIT ( ) );
#2801 = ORIENTED_EDGE ( 'NONE', *, *, #678, .T. ) ;
#2802 = LINE ( 'NONE', #3691, #2626 ) ;
#2803 = EDGE_CURVE ( 'NONE', #2858, #2592, #2227, .T. ) ;
#2804 = MECHANICAL_DESIGN_GEOMETRIC_PRESENTATION_REPRESENTATION (  '', ( #1456 ), #1319 ) ;
#2805 = FILL_AREA_STYLE ('',( #419 ) ) ;
#2806 =( GEOMETRIC_REPRESENTATION_CONTEXT ( 3 ) GLOBAL_UNCERTAINTY_ASSIGNED_CONTEXT ( ( #3515 ) ) GLOBAL_UNIT_ASSIGNED_CONTEXT ( ( #820, #3748, #2879 ) ) REPRESENTATION_CONTEXT ( 'NONE', 'WORKASPACE' ) );
#2807 = PRESENTATION_LAYER_ASSIGNMENT (  '', '', ( #15 ) ) ;
#2808 = VERTEX_POINT ( 'NONE', #734 ) ;
#2809 = EDGE_CURVE ( 'NONE', #1371, #2742, #1310, .T. ) ;
#2810 =( LENGTH_UNIT ( ) NAMED_UNIT ( * ) SI_UNIT ( .MILLI., .METRE. ) );
#2811 = VECTOR ( 'NONE', #1183, 1000.000000000000000 ) ;
#2812 = SURFACE_STYLE_USAGE ( .BOTH. , #979 ) ;
#2813 = CARTESIAN_POINT ( 'NONE',  ( -1.502654158242909377, 0.3827213078750212882, -3.716629054470328430 ) ) ;
#2814 = ORIENTED_EDGE ( 'NONE', *, *, #2434, .F. ) ;
#2815 = DIRECTION ( 'NONE',  ( 1.000000000000000000, 0.000000000000000000, 0.000000000000000000 ) ) ;
#2816 = PRESENTATION_STYLE_ASSIGNMENT (( #1636 ) ) ;
#2817 = LINE ( 'NONE', #2203, #3184 ) ;
#2818 = MECHANICAL_DESIGN_GEOMETRIC_PRESENTATION_REPRESENTATION (  '', ( #2452 ), #1588 ) ;
#2819 = MANIFOLD_SOLID_BREP ( 'Cut-Extrude1', #632 ) ;
#2820 = DIRECTION ( 'NONE',  ( -1.000000000000000000, 4.425314989736752882E-16, 0.000000000000000000 ) ) ;
#2821 = UNCERTAINTY_MEASURE_WITH_UNIT (LENGTH_MEASURE( 1.000000000000000082E-05 ), #35, 'distance_accuracy_value', 'NONE');
#2822 = CARTESIAN_POINT ( 'NONE',  ( -1.469999999999999973, 0.3724254913291695224, -2.123333333333333517 ) ) ;
#2823 = AXIS2_PLACEMENT_3D ( 'NONE', #2193, #2172, #2774 ) ;
#2824 = ORIENTED_EDGE ( 'NONE', *, *, #1116, .T. ) ;
#2825 = COLOUR_RGB ( '',0.7294117647058823151, 0.3568627450980392246, 0.02352941176470588203 ) ;
#2826 = AXIS2_PLACEMENT_3D ( 'NONE', #591, #3313, #21 ) ;
#2827 = PRESENTATION_STYLE_ASSIGNMENT (( #2529 ) ) ;
#2828 = AXIS2_PLACEMENT_3D ( 'NONE', #29, #2985, #2674 ) ;
#2829 = SURFACE_STYLE_FILL_AREA ( #3453 ) ;
#2830 = DIRECTION ( 'NONE',  ( 0.000000000000000000, 0.000000000000000000, 1.000000000000000000 ) ) ;
#2831 = EDGE_CURVE ( 'NONE', #2668, #1311, #1218, .T. ) ;
#2832 = MANIFOLD_SOLID_BREP ( 'Cut-Extrude2', #3050 ) ;
#2833 = FILL_AREA_STYLE_COLOUR ( '', #569 ) ;
#2834 = DIRECTION ( 'NONE',  ( -0.000000000000000000, -0.000000000000000000, 1.000000000000000000 ) ) ;
#2835 = CARTESIAN_POINT ( 'NONE',  ( 2.449999999999998845, 0.2399999999999997691, -2.048333333333334227 ) ) ;
#2836 = DIRECTION ( 'NONE',  ( 0.000000000000000000, 0.000000000000000000, 1.000000000000000000 ) ) ;
#2837 = SURFACE_STYLE_USAGE ( .BOTH. , #205 ) ;
#2838 = LINE ( 'NONE', #1056, #3543 ) ;
#2839 = ORIENTED_EDGE ( 'NONE', *, *, #2861, .F. ) ;
#2840 = SURFACE_STYLE_USAGE ( .BOTH. , #1163 ) ;
#2841 = ORIENTED_EDGE ( 'NONE', *, *, #3422, .F. ) ;
#2842 =( NAMED_UNIT ( * ) SI_UNIT ( $, .STERADIAN. ) SOLID_ANGLE_UNIT ( ) );
#2843 = CARTESIAN_POINT ( 'NONE',  ( -1.188333333333333686, 1.320000000000000062, 2.912069900877995998 ) ) ;
#2844 = MANIFOLD_SOLID_BREP ( 'Cut-Extrude4[2]', #1391 ) ;
#2845 =( NAMED_UNIT ( * ) PLANE_ANGLE_UNIT ( ) SI_UNIT ( $, .RADIAN. ) );
#2846 = DIRECTION ( 'NONE',  ( -0.9537169507482290420, 0.3007057995042664023, 0.000000000000000000 ) ) ;
#2847 = DIRECTION ( 'NONE',  ( -0.7071067811865517916, 0.000000000000000000, 0.7071067811865433539 ) ) ;
#2848 = CARTESIAN_POINT ( 'NONE',  ( -1.502654158242909155, 0.3827213078750212327, -2.450000000000000178 ) ) ;
#2849 = SURFACE_SIDE_STYLE ('',( #3769 ) ) ;
#2850 = EDGE_CURVE ( 'NONE', #1729, #1124, #3216, .T. ) ;
#2851 = SURFACE_SIDE_STYLE ('',( #2300 ) ) ;
#2852 = FILL_AREA_STYLE_COLOUR ( '', #2698 ) ;
#2853 = UNCERTAINTY_MEASURE_WITH_UNIT (LENGTH_MEASURE( 1.000000000000000082E-05 ), #3736, 'distance_accuracy_value', 'NONE');
#2854 = DIRECTION ( 'NONE',  ( -0.000000000000000000, -0.000000000000000000, -1.000000000000000000 ) ) ;
#2855 = ORIENTED_EDGE ( 'NONE', *, *, #2094, .T. ) ;
#2856 = LINE ( 'NONE', #3192, #2032 ) ;
#2857 = UNCERTAINTY_MEASURE_WITH_UNIT (LENGTH_MEASURE( 1.000000000000000082E-05 ), #1974, 'distance_accuracy_value', 'NONE');
#2858 = VERTEX_POINT ( 'NONE', #1436 ) ;
#2859 = FACE_OUTER_BOUND ( 'NONE', #851, .T. ) ;
#2860 = CARTESIAN_POINT ( 'NONE',  ( 1.050000000000000266, 0.2399999999999997691, 2.450000000000000622 ) ) ;
#2861 = EDGE_CURVE ( 'NONE', #1124, #3827, #2856, .T. ) ;
#2862 = CARTESIAN_POINT ( 'NONE',  ( 1.469999999999999973, 0.2399999999999997691, 2.123333333333333961 ) ) ;
#2863 = AXIS2_PLACEMENT_3D ( 'NONE', #1492, #1523, #3583 ) ;
#2864 = AXIS2_PLACEMENT_3D ( 'NONE', #2899, #165, #2815 ) ;
#2865 = SURFACE_STYLE_USAGE ( .BOTH. , #1719 ) ;
#2866 = SURFACE_STYLE_USAGE ( .BOTH. , #3454 ) ;
#2867 = FILL_AREA_STYLE ('',( #487 ) ) ;
#2868 =( NAMED_UNIT ( * ) SI_UNIT ( $, .STERADIAN. ) SOLID_ANGLE_UNIT ( ) );
#2869 = PRESENTATION_LAYER_ASSIGNMENT (  '', '', ( #692 ) ) ;
#2870 = CARTESIAN_POINT ( 'NONE',  ( 2.374999999999998668, 2.399999999999999911, 1.218333333333330826 ) ) ;
#2871 = FACE_OUTER_BOUND ( 'NONE', #22, .T. ) ;
#2872 = VECTOR ( 'NONE', #3387, 1000.000000000000114 ) ;
#2873 = SURFACE_SIDE_STYLE ('',( #844 ) ) ;
#2874 = FILL_AREA_STYLE_COLOUR ( '', #2273 ) ;
#2875 = FILL_AREA_STYLE ('',( #2541 ) ) ;
#2876 = EDGE_CURVE ( 'NONE', #435, #3113, #528, .T. ) ;
#2877 = COLOUR_RGB ( '',0.2509803921568627416, 0.2509803921568627416, 0.2509803921568627416 ) ;
#2878 = EDGE_CURVE ( 'NONE', #1608, #640, #1731, .T. ) ;
#2879 =( NAMED_UNIT ( * ) SI_UNIT ( $, .STERADIAN. ) SOLID_ANGLE_UNIT ( ) );
#2880 = COLOUR_RGB ( '',0.2509803921568627416, 0.2509803921568627416, 0.2509803921568627416 ) ;
#2881 = CIRCLE ( 'NONE', #511, 0.4899999999999999911 ) ;
#2882 = ORIENTED_EDGE ( 'NONE', *, *, #1963, .T. ) ;
#2883 = CARTESIAN_POINT ( 'NONE',  ( -1.469999999999999973, 0.01882434245333334394, 2.123333333333333073 ) ) ;
#2884 = VERTEX_POINT ( 'NONE', #3493 ) ;
#2885 = SURFACE_STYLE_FILL_AREA ( #2593 ) ;
#2886 = VECTOR ( 'NONE', #1324, 1000.000000000000000 ) ;
#2887 = EDGE_CURVE ( 'NONE', #1941, #1712, #2571, .T. ) ;
#2888 = CARTESIAN_POINT ( 'NONE',  ( 1.188333333333333686, 1.320000000000000062, 2.912069900877995110 ) ) ;
#2889 = AXIS2_PLACEMENT_3D ( 'NONE', #3537, #1156, #1488 ) ;
#2890 = EDGE_LOOP ( 'NONE', ( #1681, #1736, #2067, #2008 ) ) ;
#2891 =( NAMED_UNIT ( * ) SI_UNIT ( $, .STERADIAN. ) SOLID_ANGLE_UNIT ( ) );
#2892 = CIRCLE ( 'NONE', #2826, 0.7350000000000004308 ) ;
#2893 =( NAMED_UNIT ( * ) PLANE_ANGLE_UNIT ( ) SI_UNIT ( $, .RADIAN. ) );
#2894 = SURFACE_STYLE_FILL_AREA ( #810 ) ;
#2895 = CARTESIAN_POINT ( 'NONE',  ( -1.923333333333334227, 2.000000000000000000, 1.188333333333333686 ) ) ;
#2896 = STYLED_ITEM ( 'NONE', ( #121 ), #2644 ) ;
#2897 = PRESENTATION_STYLE_ASSIGNMENT (( #3486 ) ) ;
#2898 = VECTOR ( 'NONE', #2998, 1000.000000000000000 ) ;
#2899 = CARTESIAN_POINT ( 'NONE',  ( 1.649999999999999911, 0.8699999999999994404, -3.716629054470328430 ) ) ;
#2900 = VECTOR ( 'NONE', #616, 1000.000000000000000 ) ;
#2901 = DIRECTION ( 'NONE',  ( 0.7071067811865516806, 0.000000000000000000, -0.7071067811865433539 ) ) ;
#2902 = ORIENTED_EDGE ( 'NONE', *, *, #1508, .F. ) ;
#2903 = FILL_AREA_STYLE_COLOUR ( '', #1738 ) ;
#2904 = ADVANCED_FACE ( 'NONE', ( #1101 ), #545, .T. ) ;
#2905 = ORIENTED_EDGE ( 'NONE', *, *, #3352, .T. ) ;
#2906 = DIRECTION ( 'NONE',  ( 0.000000000000000000, 0.000000000000000000, 1.000000000000000000 ) ) ;
#2907 = ORIENTED_EDGE ( 'NONE', *, *, #1890, .T. ) ;
#2908 =( NAMED_UNIT ( * ) SI_UNIT ( $, .STERADIAN. ) SOLID_ANGLE_UNIT ( ) );
#2909 = ADVANCED_FACE ( 'NONE', ( #1749 ), #244, .F. ) ;
#2910 = VERTEX_POINT ( 'NONE', #1235 ) ;
#2911 = CARTESIAN_POINT ( 'NONE',  ( 1.469999999999998197, 0.6399999999999996803, 1.673333333333334227 ) ) ;
#2912 = LINE ( 'NONE', #950, #515 ) ;
#2913 = CARTESIAN_POINT ( 'NONE',  ( -1.469999999999998197, 0.6399999999999996803, 1.923333333333334227 ) ) ;
#2914 = FILL_AREA_STYLE_COLOUR ( '', #2393 ) ;
#2915 = DIRECTION ( 'NONE',  ( 1.000000000000000000, 0.000000000000000000, 0.000000000000000000 ) ) ;
#2916 =( NAMED_UNIT ( * ) SI_UNIT ( $, .STERADIAN. ) SOLID_ANGLE_UNIT ( ) );
#2917 = PLANE ( 'NONE',  #2256 ) ;
#2918 = CARTESIAN_POINT ( 'NONE',  ( -1.502654158242909377, 0.3827213078750212882, -3.716629054470328430 ) ) ;
#2919 = UNCERTAINTY_MEASURE_WITH_UNIT (LENGTH_MEASURE( 1.000000000000000082E-05 ), #340, 'distance_accuracy_value', 'NONE');
#2920 = CARTESIAN_POINT ( 'NONE',  ( -1.649999999999999911, 0.8699999999999994404, -3.716629054470328430 ) ) ;
#2921 = ORIENTED_EDGE ( 'NONE', *, *, #3034, .F. ) ;
#2922 = VERTEX_POINT ( 'NONE', #2721 ) ;
#2923 = PLANE ( 'NONE',  #2447 ) ;
#2924 = EDGE_CURVE ( 'NONE', #925, #3441, #301, .T. ) ;
#2925 = VERTEX_POINT ( 'NONE', #1496 ) ;
#2926 = FACE_OUTER_BOUND ( 'NONE', #1168, .T. ) ;
#2927 = VERTEX_POINT ( 'NONE', #2422 ) ;
#2928 = EDGE_CURVE ( 'NONE', #2925, #2108, #3013, .T. ) ;
#2929 = CARTESIAN_POINT ( 'NONE',  ( 0.000000000000000000, 2.000000000000000000, 0.000000000000000000 ) ) ;
#2930 = DIRECTION ( 'NONE',  ( -0.9537169507482291531, 0.3007057995042662912, -0.000000000000000000 ) ) ;
#2931 = CARTESIAN_POINT ( 'NONE',  ( 1.649999999999999911, -0.08459999799161091460, -2.450000000000000622 ) ) ;
#2932 = CYLINDRICAL_SURFACE ( 'NONE', #3009, 0.1225000000000006500 ) ;
#2933 = COLOUR_RGB ( '',0.2509803921568627416, 0.2509803921568627416, 0.2509803921568627416 ) ;
#2934 = CARTESIAN_POINT ( 'NONE',  ( -2.449999999999998845, 0.6399999999999996803, -2.048333333333333783 ) ) ;
#2935 = EDGE_CURVE ( 'NONE', #596, #16, #2641, .T. ) ;
#2936 = CARTESIAN_POINT ( 'NONE',  ( 2.449999999999998845, 0.6399999999999996803, 2.048333333333334227 ) ) ;
#2937 = ORIENTED_EDGE ( 'NONE', *, *, #1358, .T. ) ;
#2938 = LINE ( 'NONE', #289, #3554 ) ;
#2939 = ORIENTED_EDGE ( 'NONE', *, *, #3352, .F. ) ;
#2940 = AXIS2_PLACEMENT_3D ( 'NONE', #1328, #1602, #1001 ) ;
#2941 = AXIS2_PLACEMENT_3D ( 'NONE', #1861, #1556, #2735 ) ;
#2942 = UNCERTAINTY_MEASURE_WITH_UNIT (LENGTH_MEASURE( 1.000000000000000082E-05 ), #1457, 'distance_accuracy_value', 'NONE');
#2943 = CARTESIAN_POINT ( 'NONE',  ( 1.592499999999997806, 0.6399999999999996803, 2.245833333333334458 ) ) ;
#2944 = VERTEX_POINT ( 'NONE', #319 ) ;
#2945 = PRESENTATION_LAYER_ASSIGNMENT (  '', '', ( #378 ) ) ;
#2946 = ORIENTED_EDGE ( 'NONE', *, *, #2724, .F. ) ;
#2947 = APPLICATION_PROTOCOL_DEFINITION ( 'draft international standard', 'automotive_design', 1998, #2610 ) ;
#2948 = STYLED_ITEM ( 'NONE', ( #1790 ), #1843 ) ;
#2949 = AXIS2_PLACEMENT_3D ( 'NONE', #3069, #369, #2777 ) ;
#2950 = SURFACE_STYLE_FILL_AREA ( #306 ) ;
#2951 = FILL_AREA_STYLE ('',( #1224 ) ) ;
#2952 = UNCERTAINTY_MEASURE_WITH_UNIT (LENGTH_MEASURE( 1.000000000000000082E-05 ), #1799, 'distance_accuracy_value', 'NONE');
#2953 = EDGE_CURVE ( 'NONE', #232, #3136, #2362, .T. ) ;
#2954 = VECTOR ( 'NONE', #2661, 1000.000000000000000 ) ;
#2955 =( NAMED_UNIT ( * ) PLANE_ANGLE_UNIT ( ) SI_UNIT ( $, .RADIAN. ) );
#2956 = AXIS2_PLACEMENT_3D ( 'NONE', #1618, #1329, #3688 ) ;
#2957 = FILL_AREA_STYLE_COLOUR ( '', #603 ) ;
#2958 = FACE_OUTER_BOUND ( 'NONE', #305, .T. ) ;
#2959 = CARTESIAN_POINT ( 'NONE',  ( 1.502654158242909377, 0.3827213078750212882, -2.123333333333333961 ) ) ;
#2960 = ADVANCED_FACE ( 'NONE', ( #2381 ), #1543, .F. ) ;
#2961 = ORIENTED_EDGE ( 'NONE', *, *, #118, .T. ) ;
#2962 = ORIENTED_EDGE ( 'NONE', *, *, #2, .T. ) ;
#2963 = CIRCLE ( 'NONE', #2460, 0.4899999999999999911 ) ;
#2964 = DIRECTION ( 'NONE',  ( -1.000000000000000000, -0.000000000000000000, -0.000000000000000000 ) ) ;
#2965 = VERTEX_POINT ( 'NONE', #1785 ) ;
#2966 = STYLED_ITEM ( 'NONE', ( #3762 ), #2663 ) ;
#2967 = DIRECTION ( 'NONE',  ( 0.000000000000000000, 1.000000000000000000, -0.000000000000000000 ) ) ;
#2968 = ORIENTED_EDGE ( 'NONE', *, *, #3164, .F. ) ;
#2969 = LINE ( 'NONE', #327, #2811 ) ;
#2970 =( NAMED_UNIT ( * ) PLANE_ANGLE_UNIT ( ) SI_UNIT ( $, .RADIAN. ) );
#2971 = SURFACE_SIDE_STYLE ('',( #605 ) ) ;
#2972 = LINE ( 'NONE', #1159, #2150 ) ;
#2973 = FILL_AREA_STYLE_COLOUR ( '', #3490 ) ;
#2974 = EDGE_CURVE ( 'NONE', #1786, #2776, #1249, .T. ) ;
#2975 =( LENGTH_UNIT ( ) NAMED_UNIT ( * ) SI_UNIT ( .MILLI., .METRE. ) );
#2976 = ORIENTED_EDGE ( 'NONE', *, *, #1420, .T. ) ;
#2977 = ORIENTED_EDGE ( 'NONE', *, *, #2809, .T. ) ;
#2978 = LINE ( 'NONE', #565, #2581 ) ;
#2979 = ORIENTED_EDGE ( 'NONE', *, *, #1823, .T. ) ;
#2980 = ORIENTED_EDGE ( 'NONE', *, *, #2643, .T. ) ;
#2981 = EDGE_CURVE ( 'NONE', #2615, #1316, #2938, .T. ) ;
#2982 =( BOUNDED_CURVE ( )  B_SPLINE_CURVE ( 3, ( #3404, #1881, #3349, #132 ),
 .UNSPECIFIED., .F., .F. ) 
 B_SPLINE_CURVE_WITH_KNOTS ( ( 4, 4 ),
 ( 0.9491485281454564715, 1.362394520203149328 ),
 .UNSPECIFIED. ) 
 CURVE ( )  GEOMETRIC_REPRESENTATION_ITEM ( )  RATIONAL_B_SPLINE_CURVE ( ( 1.000000000000000000, 0.9858195376617002736, 0.9858195376617002736, 1.000000000000000000 ) ) 
 REPRESENTATION_ITEM ( '' )  );
#2983 = CARTESIAN_POINT ( 'NONE',  ( 1.188333333333333686, 1.319999999999999840, -1.188333333333333686 ) ) ;
#2984 = SURFACE_STYLE_FILL_AREA ( #1817 ) ;
#2985 = DIRECTION ( 'NONE',  ( 0.000000000000000000, -1.000000000000000000, 0.000000000000000000 ) ) ;
#2986 = DIRECTION ( 'NONE',  ( 0.000000000000000000, 1.000000000000000000, 0.000000000000000000 ) ) ;
#2987 = FILL_AREA_STYLE_COLOUR ( '', #2825 ) ;
#2988 = VECTOR ( 'NONE', #2174, 1000.000000000000000 ) ;
#2989 = LINE ( 'NONE', #2117, #3074 ) ;
#2990 = AXIS2_PLACEMENT_3D ( 'NONE', #747, #1054, #3165 ) ;
#2991 = ORIENTED_EDGE ( 'NONE', *, *, #1377, .T. ) ;
#2992 = CARTESIAN_POINT ( 'NONE',  ( 0.000000000000000000, 0.2399999999999997691, 0.000000000000000000 ) ) ;
#2993 = VERTEX_POINT ( 'NONE', #3655 ) ;
#2994 = STYLED_ITEM ( 'NONE', ( #1422 ), #1043 ) ;
#2995 = CARTESIAN_POINT ( 'NONE',  ( 0.000000000000000000, 2.000000000000000000, -1.923333333333334449 ) ) ;
#2996 = AXIS2_PLACEMENT_3D ( 'NONE', #2368, #191, #2307 ) ;
#2997 = FILL_AREA_STYLE_COLOUR ( '', #702 ) ;
#2998 = DIRECTION ( 'NONE',  ( 1.626303258728257045E-15, -1.000000000000000000, 0.000000000000000000 ) ) ;
#2999 = ORIENTED_EDGE ( 'NONE', *, *, #1677, .T. ) ;
#3000 = MECHANICAL_DESIGN_GEOMETRIC_PRESENTATION_REPRESENTATION (  '', ( #833 ), #897 ) ;
#3001 = EDGE_CURVE ( 'NONE', #2103, #2171, #1347, .T. ) ;
#3002 =( GEOMETRIC_REPRESENTATION_CONTEXT ( 3 ) GLOBAL_UNCERTAINTY_ASSIGNED_CONTEXT ( ( #2591 ) ) GLOBAL_UNIT_ASSIGNED_CONTEXT ( ( #2621, #3301, #3618 ) ) REPRESENTATION_CONTEXT ( 'NONE', 'WORKASPACE' ) );
#3003 = DIRECTION ( 'NONE',  ( 1.000000000000000000, 0.000000000000000000, 3.614007241618347785E-16 ) ) ;
#3004 = MECHANICAL_DESIGN_GEOMETRIC_PRESENTATION_REPRESENTATION (  '', ( #1025 ), #1522 ) ;
#3005 = MECHANICAL_DESIGN_GEOMETRIC_PRESENTATION_REPRESENTATION (  '', ( #2031 ), #1467 ) ;
#3006 = CIRCLE ( 'NONE', #449, 0.1224999999999999978 ) ;
#3007 = CARTESIAN_POINT ( 'NONE',  ( 1.143333333333329094, 0.2399999999999997691, 2.450000000000000622 ) ) ;
#3008 = CARTESIAN_POINT ( 'NONE',  ( 1.469999999999999973, 0.2399999999999997691, -2.123333333333333961 ) ) ;
#3009 = AXIS2_PLACEMENT_3D ( 'NONE', #3245, #3824, #2645 ) ;
#3010 = SURFACE_SIDE_STYLE ('',( #1860 ) ) ;
#3011 = AXIS2_PLACEMENT_3D ( 'NONE', #2064, #3279, #3234 ) ;
#3012 =( LENGTH_UNIT ( ) NAMED_UNIT ( * ) SI_UNIT ( .MILLI., .METRE. ) );
#3013 = LINE ( 'NONE', #1525, #1027 ) ;
#3014 = VECTOR ( 'NONE', #1802, 1000.000000000000000 ) ;
#3015 = LINE ( 'NONE', #37, #135 ) ;
#3016 = STYLED_ITEM ( 'NONE', ( #2069 ), #2544 ) ;
#3017 = FILL_AREA_STYLE ('',( #1131 ) ) ;
#3018 = ORIENTED_EDGE ( 'NONE', *, *, #2760, .F. ) ;
#3019 =( GEOMETRIC_REPRESENTATION_CONTEXT ( 3 ) GLOBAL_UNCERTAINTY_ASSIGNED_CONTEXT ( ( #750 ) ) GLOBAL_UNIT_ASSIGNED_CONTEXT ( ( #2504, #3175, #510 ) ) REPRESENTATION_CONTEXT ( 'NONE', 'WORKASPACE' ) );
#3020 = EDGE_CURVE ( 'NONE', #1323, #2731, #3345, .T. ) ;
#3021 = MECHANICAL_DESIGN_GEOMETRIC_PRESENTATION_REPRESENTATION (  '', ( #538 ), #143 ) ;
#3022 = DIRECTION ( 'NONE',  ( 6.123233995736766036E-17, -0.000000000000000000, 1.000000000000000000 ) ) ;
#3023 = PLANE ( 'NONE',  #3483 ) ;
#3024 = FILL_AREA_STYLE ('',( #3356 ) ) ;
#3025 = PRESENTATION_STYLE_ASSIGNMENT (( #1231 ) ) ;
#3026 = FACE_OUTER_BOUND ( 'NONE', #804, .T. ) ;
#3027 = FILL_AREA_STYLE ('',( #3343 ) ) ;
#3028 =( LENGTH_UNIT ( ) NAMED_UNIT ( * ) SI_UNIT ( .MILLI., .METRE. ) );
#3029 = ORIENTED_EDGE ( 'NONE', *, *, #3463, .F. ) ;
#3030 =( NAMED_UNIT ( * ) SI_UNIT ( $, .STERADIAN. ) SOLID_ANGLE_UNIT ( ) );
#3031 = SURFACE_SIDE_STYLE ('',( #3503 ) ) ;
#3032 = ORIENTED_EDGE ( 'NONE', *, *, #3020, .T. ) ;
#3033 = CARTESIAN_POINT ( 'NONE',  ( -1.143333333333329094, 0.2694278869620361783, 2.450000000000000622 ) ) ;
#3034 = EDGE_CURVE ( 'NONE', #1299, #3795, #23, .T. ) ;
#3035 = CYLINDRICAL_SURFACE ( 'NONE', #3741, 0.1224999999999999978 ) ;
#3036 =( NAMED_UNIT ( * ) PLANE_ANGLE_UNIT ( ) SI_UNIT ( $, .RADIAN. ) );
#3037 = ORIENTED_EDGE ( 'NONE', *, *, #2574, .T. ) ;
#3038 = ORIENTED_EDGE ( 'NONE', *, *, #2887, .F. ) ;
#3039 = SURFACE_STYLE_FILL_AREA ( #669 ) ;
#3040 =( NAMED_UNIT ( * ) PLANE_ANGLE_UNIT ( ) SI_UNIT ( $, .RADIAN. ) );
#3041 = ADVANCED_FACE ( 'NONE', ( #2796 ), #351, .F. ) ;
#3042 = CARTESIAN_POINT ( 'NONE',  ( -1.649999999999999911, -0.08459999799161091460, -2.123333333333333517 ) ) ;
#3043 = CARTESIAN_POINT ( 'NONE',  ( -1.469999999999999973, 0.6399999999999996803, -2.123333333333333517 ) ) ;
#3044 = DIRECTION ( 'NONE',  ( -0.000000000000000000, 1.000000000000000000, -0.000000000000000000 ) ) ;
#3045 = CIRCLE ( 'NONE', #2990, 1.200000000000000622 ) ;
#3046 = MECHANICAL_DESIGN_GEOMETRIC_PRESENTATION_REPRESENTATION (  '', ( #3603 ), #3730 ) ;
#3047 = CARTESIAN_POINT ( 'NONE',  ( 0.000000000000000000, 1.320000000000000062, -1.712069900877996043 ) ) ;
#3048 = EDGE_LOOP ( 'NONE', ( #34, #2791 ) ) ;
#3049 = PRESENTATION_LAYER_ASSIGNMENT (  '', '', ( #3179 ) ) ;
#3050 = CLOSED_SHELL ( 'NONE', ( #255, #1106, #686, #1903, #3439, #759, #812, #1043, #2555, #602, #813, #3188, #120, #3092, #1680, #2116, #524, #413, #2909, #2497, #44, #3556, #2234, #2663, #1868, #1649 ) ) ;
#3051 = VECTOR ( 'NONE', #428, 1000.000000000000000 ) ;
#3052 =( NAMED_UNIT ( * ) SI_UNIT ( $, .STERADIAN. ) SOLID_ANGLE_UNIT ( ) );
#3053 = DIRECTION ( 'NONE',  ( 1.000000000000000000, 0.000000000000000000, 3.614007241618347785E-16 ) ) ;
#3054 = STYLED_ITEM ( 'NONE', ( #2491 ), #1550 ) ;
#3055 = VECTOR ( 'NONE', #1653, 1000.000000000000000 ) ;
#3056 = PRESENTATION_LAYER_ASSIGNMENT (  '', '', ( #2027 ) ) ;
#3057 = FILL_AREA_STYLE_COLOUR ( '', #2693 ) ;
#3058 = DIRECTION ( 'NONE',  ( -1.000000000000000000, 0.000000000000000000, -4.792053801040901909E-16 ) ) ;
#3059 = EDGE_LOOP ( 'NONE', ( #2192, #354, #3517, #3292 ) ) ;
#3060 = AXIS2_PLACEMENT_3D ( 'NONE', #356, #1650, #1064 ) ;
#3061 = ORIENTED_EDGE ( 'NONE', *, *, #848, .T. ) ;
#3062 = PRESENTATION_LAYER_ASSIGNMENT (  '', '', ( #2519 ) ) ;
#3063 = COLOUR_RGB ( '',0.2509803921568627416, 0.2509803921568627416, 0.2509803921568627416 ) ;
#3064 = DIRECTION ( 'NONE',  ( 0.7071067811865454633, 0.000000000000000000, -0.7071067811865496822 ) ) ;
#3065 = SURFACE_SIDE_STYLE ('',( #2453 ) ) ;
#3066 = CARTESIAN_POINT ( 'NONE',  ( 1.469999999999999973, -2.168404344971008868E-16, -2.123333333333333961 ) ) ;
#3067 = EDGE_CURVE ( 'NONE', #3274, #2108, #714, .T. ) ;
#3068 = ORIENTED_EDGE ( 'NONE', *, *, #2981, .F. ) ;
#3069 = CARTESIAN_POINT ( 'NONE',  ( -2.375000000000000444, -2.168404344971008868E-16, 2.123333333333333073 ) ) ;
#3070 = CARTESIAN_POINT ( 'NONE',  ( -2.250000000000000000, 0.2399999999999997691, -3.716629054470328430 ) ) ;
#3071 = VECTOR ( 'NONE', #798, 1000.000000000000000 ) ;
#3072 = DIRECTION ( 'NONE',  ( 0.000000000000000000, 1.000000000000000000, -0.000000000000000000 ) ) ;
#3073 = EDGE_LOOP ( 'NONE', ( #2191, #1807, #3298, #2230 ) ) ;
#3074 = VECTOR ( 'NONE', #1175, 1000.000000000000114 ) ;
#3075 = VECTOR ( 'NONE', #3022, 1000.000000000000000 ) ;
#3076 = CARTESIAN_POINT ( 'NONE',  ( -1.502654158242909377, 0.3827213078750212882, -2.450000000000000622 ) ) ;
#3077 = DIRECTION ( 'NONE',  ( 4.792053801040900923E-16, 0.000000000000000000, -1.000000000000000000 ) ) ;
#3078 = CARTESIAN_POINT ( 'NONE',  ( -1.469999999999999751, 0.3724254913291693558, 2.123333333333333517 ) ) ;
#3079 = EDGE_LOOP ( 'NONE', ( #3464, #2962, #3282 ) ) ;
#3080 = EDGE_LOOP ( 'NONE', ( #534, #1874, #1372, #3644 ) ) ;
#3081 = CARTESIAN_POINT ( 'NONE',  ( 2.374999999999999112, 2.399999999999999911, -1.218333333333334823 ) ) ;
#3082 =( LENGTH_UNIT ( ) NAMED_UNIT ( * ) SI_UNIT ( .MILLI., .METRE. ) );
#3083 =( NAMED_UNIT ( * ) SI_UNIT ( $, .STERADIAN. ) SOLID_ANGLE_UNIT ( ) );
#3084 = PRESENTATION_STYLE_ASSIGNMENT (( #713 ) ) ;
#3085 =( NAMED_UNIT ( * ) SI_UNIT ( $, .STERADIAN. ) SOLID_ANGLE_UNIT ( ) );
#3086 = EDGE_CURVE ( 'NONE', #994, #2324, #690, .T. ) ;
#3087 = FACE_OUTER_BOUND ( 'NONE', #3662, .T. ) ;
#3088 = LINE ( 'NONE', #3070, #2691 ) ;
#3089 = DIRECTION ( 'NONE',  ( 1.000000000000000000, 0.000000000000000000, 0.000000000000000000 ) ) ;
#3090 = ORIENTED_EDGE ( 'NONE', *, *, #1113, .T. ) ;
#3091 = VERTEX_POINT ( 'NONE', #2738 ) ;
#3092 = ADVANCED_FACE ( 'NONE', ( #2757 ), #1019, .T. ) ;
#3093 = EDGE_LOOP ( 'NONE', ( #2801, #3475, #2684, #2682 ) ) ;
#3094 = DIRECTION ( 'NONE',  ( 0.7071067811865510144, 0.000000000000000000, 0.7071067811865441310 ) ) ;
#3095 = CARTESIAN_POINT ( 'NONE',  ( 1.143333333333329094, 0.6399999999999996803, -2.450000000000000622 ) ) ;
#3096 = FILL_AREA_STYLE ('',( #2175 ) ) ;
#3097 = LINE ( 'NONE', #2736, #3331 ) ;
#3098 = SURFACE_STYLE_USAGE ( .BOTH. , #3685 ) ;
#3099 = SURFACE_STYLE_FILL_AREA ( #1305 ) ;
#3100 = DIRECTION ( 'NONE',  ( 0.000000000000000000, -0.000000000000000000, 1.000000000000000000 ) ) ;
#3101 = DIRECTION ( 'NONE',  ( 0.9537169507482291531, 0.3007057995042662912, 4.570262938950189922E-16 ) ) ;
#3102 = VERTEX_POINT ( 'NONE', #412 ) ;
#3103 = SURFACE_SIDE_STYLE ('',( #662 ) ) ;
#3104 = VERTEX_POINT ( 'NONE', #1614 ) ;
#3105 = CARTESIAN_POINT ( 'NONE',  ( -1.188333333333333686, 1.320000000000000062, 1.188333333333333686 ) ) ;
#3106 = EDGE_CURVE ( 'NONE', #624, #611, #3006, .T. ) ;
#3107 = ORIENTED_EDGE ( 'NONE', *, *, #2274, .F. ) ;
#3108 = PRESENTATION_LAYER_ASSIGNMENT (  '', '', ( #1144 ) ) ;
#3109 = FILL_AREA_STYLE ('',( #467 ) ) ;
#3110 = PRESENTATION_LAYER_ASSIGNMENT (  '', '', ( #2383 ) ) ;
#3111 = PRESENTATION_LAYER_ASSIGNMENT (  '', '', ( #953 ) ) ;
#3112 = EDGE_CURVE ( 'NONE', #2884, #546, #728, .T. ) ;
#3113 = VERTEX_POINT ( 'NONE', #2178 ) ;
#3114 =( NAMED_UNIT ( * ) PLANE_ANGLE_UNIT ( ) SI_UNIT ( $, .RADIAN. ) );
#3115 = PLANE ( 'NONE',  #827 ) ;
#3116 = STYLED_ITEM ( 'NONE', ( #1396 ), #1313 ) ;
#3117 = AXIS2_PLACEMENT_3D ( 'NONE', #1359, #1066, #1407 ) ;
#3118 = CARTESIAN_POINT ( 'NONE',  ( 1.714999999999997859, 0.2399999999999998246, 2.123333333333334405 ) ) ;
#3119 = VECTOR ( 'NONE', #1242, 1000.000000000000000 ) ;
#3120 = DIRECTION ( 'NONE',  ( 0.9537169507482291531, 0.3007057995042662912, 4.570262938950188936E-16 ) ) ;
#3121 = MECHANICAL_DESIGN_GEOMETRIC_PRESENTATION_REPRESENTATION (  '', ( #3372 ), #3002 ) ;
#3122 = FILL_AREA_STYLE ('',( #489 ) ) ;
#3123 = FACE_OUTER_BOUND ( 'NONE', #1180, .T. ) ;
#3124 = APPLICATION_CONTEXT ( 'automotive_design' ) ;
#3125 = CARTESIAN_POINT ( 'NONE',  ( -2.375000000000000444, 0.2399999999999997691, 2.123333333333333073 ) ) ;
#3126 = DIRECTION ( 'NONE',  ( 1.000000000000000000, 0.000000000000000000, -4.792053801040901909E-16 ) ) ;
#3127 = UNCERTAINTY_MEASURE_WITH_UNIT (LENGTH_MEASURE( 1.000000000000000082E-05 ), #1265, 'distance_accuracy_value', 'NONE');
#3128 = DIRECTION ( 'NONE',  ( 1.000000000000000000, 0.000000000000000000, -8.850629979473505765E-16 ) ) ;
#3129 = STYLED_ITEM ( 'NONE', ( #361 ), #3439 ) ;
#3130 = SURFACE_SIDE_STYLE ('',( #1966 ) ) ;
#3131 = ADVANCED_BREP_SHAPE_REPRESENTATION ( 'NRS5024T2R2NMGJ', ( #2744, #2832, #234, #2761, #2819, #2727, #2844, #382 ), #583 ) ;
#3132 = ORIENTED_EDGE ( 'NONE', *, *, #3468, .F. ) ;
#3133 = MECHANICAL_DESIGN_GEOMETRIC_PRESENTATION_REPRESENTATION (  '', ( #1030 ), #2339 ) ;
#3134 = CARTESIAN_POINT ( 'NONE',  ( -1.649999999999999911, -0.08459999799161091460, 2.123333333333333073 ) ) ;
#3135 = STYLED_ITEM ( 'NONE', ( #613 ), #1920 ) ;
#3136 = VERTEX_POINT ( 'NONE', #3361 ) ;
#3137 = LINE ( 'NONE', #3154, #1466 ) ;
#3138 =( GEOMETRIC_REPRESENTATION_CONTEXT ( 3 ) GLOBAL_UNCERTAINTY_ASSIGNED_CONTEXT ( ( #3787 ) ) GLOBAL_UNIT_ASSIGNED_CONTEXT ( ( #3028, #727, #3083 ) ) REPRESENTATION_CONTEXT ( 'NONE', 'WORKASPACE' ) );
#3139 = ADVANCED_FACE ( 'NONE', ( #1896 ), #379, .F. ) ;
#3140 = CARTESIAN_POINT ( 'NONE',  ( -2.374999999999999112, 2.000000000000000000, -1.218333333333331270 ) ) ;
#3141 = CARTESIAN_POINT ( 'NONE',  ( 1.188333333333333686, 1.319999999999999840, 1.188333333333333686 ) ) ;
#3142 = CARTESIAN_POINT ( 'NONE',  ( -1.188333333333333686, 1.320000000000000062, 1.188333333333333686 ) ) ;
#3143 = PRESENTATION_LAYER_ASSIGNMENT (  '', '', ( #2966 ) ) ;
#3144 = CARTESIAN_POINT ( 'NONE',  ( 1.661483916343001521, 0.7462405620812508911, 1.857765667866996040 ) ) ;
#3145 = FACE_OUTER_BOUND ( 'NONE', #267, .T. ) ;
#3146 = CARTESIAN_POINT ( 'NONE',  ( -1.143333333333329094, 2.000000000000000000, -2.450000000000000178 ) ) ;
#3147 = LINE ( 'NONE', #1969, #438 ) ;
#3148 = FACE_OUTER_BOUND ( 'NONE', #2890, .T. ) ;
#3149 = ORIENTED_EDGE ( 'NONE', *, *, #2616, .F. ) ;
#3150 = FILL_AREA_STYLE_COLOUR ( '', #3607 ) ;
#3151 = ORIENTED_EDGE ( 'NONE', *, *, #868, .F. ) ;
#3152 = LINE ( 'NONE', #754, #1702 ) ;
#3153 = SPHERICAL_SURFACE ( 'NONE', #74, 0.1225000000000000255 ) ;
#3154 = CARTESIAN_POINT ( 'NONE',  ( -1.469999999999999307, 0.6399999999999996803, 2.123333333333334405 ) ) ;
#3155 = LINE ( 'NONE', #1132, #1638 ) ;
#3156 = PLANE ( 'NONE',  #1083 ) ;
#3157 = EDGE_CURVE ( 'NONE', #104, #2668, #3706, .T. ) ;
#3158 = EDGE_CURVE ( 'NONE', #3136, #3610, #2587, .T. ) ;
#3159 =( LENGTH_UNIT ( ) NAMED_UNIT ( * ) SI_UNIT ( .MILLI., .METRE. ) );
#3160 = LINE ( 'NONE', #1695, #3197 ) ;
#3161 = FILL_AREA_STYLE ('',( #227 ) ) ;
#3162 = SURFACE_STYLE_FILL_AREA ( #2283 ) ;
#3163 = LINE ( 'NONE', #1448, #1846 ) ;
#3164 = EDGE_CURVE ( 'NONE', #3752, #324, #179, .T. ) ;
#3165 = DIRECTION ( 'NONE',  ( 0.000000000000000000, 0.000000000000000000, -1.000000000000000000 ) ) ;
#3166 = SURFACE_SIDE_STYLE ('',( #559 ) ) ;
#3167 = UNCERTAINTY_MEASURE_WITH_UNIT (LENGTH_MEASURE( 1.000000000000000082E-05 ), #3338, 'distance_accuracy_value', 'NONE');
#3168 = SURFACE_STYLE_FILL_AREA ( #3751 ) ;
#3169 = VERTEX_POINT ( 'NONE', #3433 ) ;
#3170 = UNCERTAINTY_MEASURE_WITH_UNIT (LENGTH_MEASURE( 1.000000000000000082E-05 ), #2139, 'distance_accuracy_value', 'NONE');
#3171 = ORIENTED_EDGE ( 'NONE', *, *, #2850, .F. ) ;
#3172 =( NAMED_UNIT ( * ) PLANE_ANGLE_UNIT ( ) SI_UNIT ( $, .RADIAN. ) );
#3173 = VERTEX_POINT ( 'NONE', #3185 ) ;
#3174 = VECTOR ( 'NONE', #1345, 1000.000000000000000 ) ;
#3175 =( NAMED_UNIT ( * ) PLANE_ANGLE_UNIT ( ) SI_UNIT ( $, .RADIAN. ) );
#3176 = DIRECTION ( 'NONE',  ( 1.896563567030044345E-16, -0.000000000000000000, 1.000000000000000000 ) ) ;
#3177 = CARTESIAN_POINT ( 'NONE',  ( -2.375000000000000444, 0.2399999999999997691, -2.123333333333333073 ) ) ;
#3178 = MECHANICAL_DESIGN_GEOMETRIC_PRESENTATION_REPRESENTATION (  '', ( #502 ), #437 ) ;
#3179 = STYLED_ITEM ( 'NONE', ( #513 ), #987 ) ;
#3180 = DIRECTION ( 'NONE',  ( 1.000000000000000000, 0.000000000000000000, 0.000000000000000000 ) ) ;
#3181 = MECHANICAL_DESIGN_GEOMETRIC_PRESENTATION_REPRESENTATION (  '', ( #2687 ), #3373 ) ;
#3182 = DIRECTION ( 'NONE',  ( 0.000000000000000000, 0.000000000000000000, -1.000000000000000000 ) ) ;
#3183 =( LENGTH_UNIT ( ) NAMED_UNIT ( * ) SI_UNIT ( .MILLI., .METRE. ) );
#3184 = VECTOR ( 'NONE', #2797, 1000.000000000000000 ) ;
#3185 = CARTESIAN_POINT ( 'NONE',  ( -1.469999999999999973, 0.01882434245333334394, -2.123333333333333517 ) ) ;
#3186 = PRESENTATION_LAYER_ASSIGNMENT (  '', '', ( #3054 ) ) ;
#3187 = VECTOR ( 'NONE', #835, 1000.000000000000000 ) ;
#3188 = ADVANCED_FACE ( 'NONE', ( #2284 ), #521, .T. ) ;
#3189 = AXIS2_PLACEMENT_3D ( 'NONE', #1781, #2377, #284 ) ;
#3190 = CARTESIAN_POINT ( 'NONE',  ( 1.797345841757090668, 0.3827213078750212882, -2.123333333333333961 ) ) ;
#3191 = ORIENTED_EDGE ( 'NONE', *, *, #1254, .T. ) ;
#3192 = CARTESIAN_POINT ( 'NONE',  ( -1.143333333333329316, -2.168404344971008868E-16, 2.450000000000000622 ) ) ;
#3193 = ORIENTED_EDGE ( 'NONE', *, *, #3497, .T. ) ;
#3194 = MECHANICAL_DESIGN_GEOMETRIC_PRESENTATION_REPRESENTATION (  '', ( #2948 ), #1904 ) ;
#3195 = VECTOR ( 'NONE', #665, 1000.000000000000000 ) ;
#3196 = SURFACE_STYLE_USAGE ( .BOTH. , #500 ) ;
#3197 = VECTOR ( 'NONE', #1412, 1000.000000000000000 ) ;
#3198 = ORIENTED_EDGE ( 'NONE', *, *, #1082, .F. ) ;
#3199 = AXIS2_PLACEMENT_3D ( 'NONE', #899, #1779, #9 ) ;
#3200 = DIRECTION ( 'NONE',  ( -0.000000000000000000, 0.000000000000000000, -1.000000000000000000 ) ) ;
#3201 = ORIENTED_EDGE ( 'NONE', *, *, #1245, .F. ) ;
#3202 = COLOUR_RGB ( '',0.2509803921568627416, 0.2509803921568627416, 0.2509803921568627416 ) ;
#3203 = FILL_AREA_STYLE_COLOUR ( '', #440 ) ;
#3204 = DIRECTION ( 'NONE',  ( -1.000000000000000000, -5.338036206369958087E-15, -8.850629979473505765E-16 ) ) ;
#3205 =( NAMED_UNIT ( * ) PLANE_ANGLE_UNIT ( ) SI_UNIT ( $, .RADIAN. ) );
#3206 = CARTESIAN_POINT ( 'NONE',  ( 1.469999999999999973, 2.399999999999999911, 2.123333333333333961 ) ) ;
#3207 = AXIS2_PLACEMENT_3D ( 'NONE', #1428, #420, #445 ) ;
#3208 = EDGE_CURVE ( 'NONE', #2546, #2910, #2000, .T. ) ;
#3209 = CARTESIAN_POINT ( 'NONE',  ( -2.449999999999998845, 0.2399999999999997691, -2.048333333333333783 ) ) ;
#3210 = STYLED_ITEM ( 'NONE', ( #1604 ), #2819 ) ;
#3211 = UNCERTAINTY_MEASURE_WITH_UNIT (LENGTH_MEASURE( 1.000000000000000082E-05 ), #2054, 'distance_accuracy_value', 'NONE');
#3212 =( NAMED_UNIT ( * ) PLANE_ANGLE_UNIT ( ) SI_UNIT ( $, .RADIAN. ) );
#3213 = ORIENTED_EDGE ( 'NONE', *, *, #3577, .T. ) ;
#3214 = SURFACE_SIDE_STYLE ('',( #777 ) ) ;
#3215 = ORIENTED_EDGE ( 'NONE', *, *, #3471, .F. ) ;
#3216 =( BOUNDED_CURVE ( )  B_SPLINE_CURVE ( 3, ( #2883, #3512, #2289, #1666 ),
 .UNSPECIFIED., .F., .F. ) 
 B_SPLINE_CURVE_WITH_KNOTS ( ( 4, 4 ),
 ( 4.920790786976437126, 5.334036779034129871 ),
 .UNSPECIFIED. ) 
 CURVE ( )  GEOMETRIC_REPRESENTATION_ITEM ( )  RATIONAL_B_SPLINE_CURVE ( ( 1.000000000000000000, 0.9858195376617002736, 0.9858195376617002736, 1.000000000000000000 ) ) 
 REPRESENTATION_ITEM ( '' )  );
#3217 = EDGE_CURVE ( 'NONE', #3590, #1062, #3163, .T. ) ;
#3218 = CARTESIAN_POINT ( 'NONE',  ( 1.188333333333333686, 1.320000000000000062, 1.712069900877995154 ) ) ;
#3219 = ORIENTED_EDGE ( 'NONE', *, *, #3001, .T. ) ;
#3220 = DIRECTION ( 'NONE',  ( -0.7071067811865454633, 0.000000000000000000, -0.7071067811865495711 ) ) ;
#3221 = ORIENTED_EDGE ( 'NONE', *, *, #523, .T. ) ;
#3222 =( LENGTH_UNIT ( ) NAMED_UNIT ( * ) SI_UNIT ( .MILLI., .METRE. ) );
#3223 = EDGE_CURVE ( 'NONE', #2122, #611, #2399, .T. ) ;
#3224 = CYLINDRICAL_SURFACE ( 'NONE', #3656, 1.200000000000000178 ) ;
#3225 = FILL_AREA_STYLE ('',( #2957 ) ) ;
#3226 = LINE ( 'NONE', #1469, #3370 ) ;
#3227 = SURFACE_STYLE_USAGE ( .BOTH. , #2098 ) ;
#3228 = DIRECTION ( 'NONE',  ( 0.7071067811865517916, 0.000000000000000000, -0.7071067811865433539 ) ) ;
#3229 = FILL_AREA_STYLE ('',( #2059 ) ) ;
#3230 = DIRECTION ( 'NONE',  ( -1.000000000000000000, 0.000000000000000000, -3.614007241618346306E-16 ) ) ;
#3231 = EDGE_LOOP ( 'NONE', ( #673, #908, #2608, #3448 ) ) ;
#3232 =( LENGTH_UNIT ( ) NAMED_UNIT ( * ) SI_UNIT ( .MILLI., .METRE. ) );
#3233 = ORIENTED_EDGE ( 'NONE', *, *, #1470, .F. ) ;
#3234 = DIRECTION ( 'NONE',  ( -1.000000000000000000, 8.723465755630498563E-16, -4.984837574645999461E-16 ) ) ;
#3235 = EDGE_CURVE ( 'NONE', #1439, #1481, #82, .T. ) ;
#3236 = LINE ( 'NONE', #247, #1897 ) ;
#3237 = VERTEX_POINT ( 'NONE', #846 ) ;
#3238 = PLANE ( 'NONE',  #3427 ) ;
#3239 = VERTEX_POINT ( 'NONE', #542 ) ;
#3240 = EDGE_CURVE ( 'NONE', #16, #3355, #3416, .T. ) ;
#3241 = DIRECTION ( 'NONE',  ( 0.000000000000000000, 1.000000000000000000, 0.000000000000000000 ) ) ;
#3242 =( GEOMETRIC_REPRESENTATION_CONTEXT ( 3 ) GLOBAL_UNCERTAINTY_ASSIGNED_CONTEXT ( ( #3455 ) ) GLOBAL_UNIT_ASSIGNED_CONTEXT ( ( #3222, #2589, #821 ) ) REPRESENTATION_CONTEXT ( 'NONE', 'WORKASPACE' ) );
#3243 = CARTESIAN_POINT ( 'NONE',  ( -1.188333333333333686, 2.000000000000000000, 1.923333333333333783 ) ) ;
#3244 = DIRECTION ( 'NONE',  ( -1.000000000000000000, -1.770125995894701153E-15, 0.000000000000000000 ) ) ;
#3245 = CARTESIAN_POINT ( 'NONE',  ( -1.592500000000000027, 0.6399999999999996803, 2.245833333333334458 ) ) ;
#3246 = VECTOR ( 'NONE', #2563, 1000.000000000000000 ) ;
#3247 = DIRECTION ( 'NONE',  ( 0.000000000000000000, 0.000000000000000000, 1.000000000000000000 ) ) ;
#3248 = AXIS2_PLACEMENT_3D ( 'NONE', #555, #1759, #261 ) ;
#3249 = DIRECTION ( 'NONE',  ( 0.000000000000000000, 0.000000000000000000, 1.000000000000000000 ) ) ;
#3250 = AXIS2_PLACEMENT_3D ( 'NONE', #3209, #2073, #3249 ) ;
#3251 = DIRECTION ( 'NONE',  ( 0.000000000000000000, 0.000000000000000000, -1.000000000000000000 ) ) ;
#3252 = ORIENTED_EDGE ( 'NONE', *, *, #1395, .F. ) ;
#3253 = ORIENTED_EDGE ( 'NONE', *, *, #1493, .F. ) ;
#3254 = ADVANCED_FACE ( 'NONE', ( #1490 ), #2932, .T. ) ;
#3255 = ORIENTED_EDGE ( 'NONE', *, *, #3208, .F. ) ;
#3256 = FILL_AREA_STYLE_COLOUR ( '', #638 ) ;
#3257 = CYLINDRICAL_SURFACE ( 'NONE', #1850, 0.1224999999999999978 ) ;
#3258 = STYLED_ITEM ( 'NONE', ( #3575 ), #1649 ) ;
#3259 = ORIENTED_EDGE ( 'NONE', *, *, #914, .T. ) ;
#3260 = ORIENTED_EDGE ( 'NONE', *, *, #3330, .T. ) ;
#3261 = VECTOR ( 'NONE', #1909, 1000.000000000000000 ) ;
#3262 = VECTOR ( 'NONE', #2964, 1000.000000000000000 ) ;
#3263 = CARTESIAN_POINT ( 'NONE',  ( -1.592500000000000693, 0.2399999999999999356, 2.245833333333334458 ) ) ;
#3264 = UNCERTAINTY_MEASURE_WITH_UNIT (LENGTH_MEASURE( 1.000000000000000082E-05 ), #855, 'distance_accuracy_value', 'NONE');
#3265 = ADVANCED_FACE ( 'NONE', ( #3289 ), #3304, .T. ) ;
#3266 = AXIS2_PLACEMENT_3D ( 'NONE', #460, #1679, #2901 ) ;
#3267 = SURFACE_STYLE_USAGE ( .BOTH. , #3520 ) ;
#3268 = DIRECTION ( 'NONE',  ( 0.000000000000000000, 0.000000000000000000, -1.000000000000000000 ) ) ;
#3269 = CARTESIAN_POINT ( 'NONE',  ( -1.469999999999999973, 0.3724254913291695224, 2.123333333333333517 ) ) ;
#3270 = CARTESIAN_POINT ( 'NONE',  ( 1.138913728578847984, 0.2680343909356244780, 2.454419604754481732 ) ) ;
#3271 = STYLED_ITEM ( 'NONE', ( #1381 ), #2415 ) ;
#3272 = LINE ( 'NONE', #2074, #1219 ) ;
#3273 = ORIENTED_EDGE ( 'NONE', *, *, #2935, .T. ) ;
#3274 = VERTEX_POINT ( 'NONE', #1519 ) ;
#3275 = VECTOR ( 'NONE', #330, 1000.000000000000000 ) ;
#3276 = CARTESIAN_POINT ( 'NONE',  ( -1.480152067689624262, 0.6985130741880994920, 1.885175890090794670 ) ) ;
#3277 = ORIENTED_EDGE ( 'NONE', *, *, #2724, .T. ) ;
#3278 = VECTOR ( 'NONE', #2617, 1000.000000000000000 ) ;
#3279 = DIRECTION ( 'NONE',  ( -4.792053801040901909E-16, -0.000000000000000000, 1.000000000000000000 ) ) ;
#3280 = CARTESIAN_POINT ( 'NONE',  ( 1.469999999999999973, 2.000000000000000000, 2.123333333333333961 ) ) ;
#3281 = SURFACE_STYLE_USAGE ( .BOTH. , #3031 ) ;
#3282 = ORIENTED_EDGE ( 'NONE', *, *, #1535, .F. ) ;
#3283 = CARTESIAN_POINT ( 'NONE',  ( -1.188333333333333686, 0.6399999999999996803, -1.923333333333334449 ) ) ;
#3284 = LINE ( 'NONE', #1816, #1837 ) ;
#3285 = CARTESIAN_POINT ( 'NONE',  ( -1.592500000000000027, 0.6399999999999996803, 2.123333333333334405 ) ) ;
#3286 = EDGE_CURVE ( 'NONE', #3102, #1593, #3579, .T. ) ;
#3287 = CARTESIAN_POINT ( 'NONE',  ( -1.712069900877995599, 1.320000000000000062, -1.188333333333333686 ) ) ;
#3288 = EDGE_CURVE ( 'NONE', #1330, #3091, #876, .T. ) ;
#3289 = FACE_OUTER_BOUND ( 'NONE', #3544, .T. ) ;
#3290 = SURFACE_STYLE_FILL_AREA ( #904 ) ;
#3291 = EDGE_CURVE ( 'NONE', #480, #1316, #2071, .T. ) ;
#3292 = ORIENTED_EDGE ( 'NONE', *, *, #2809, .F. ) ;
#3293 = PRESENTATION_STYLE_ASSIGNMENT (( #3606 ) ) ;
#3294 = CARTESIAN_POINT ( 'NONE',  ( -1.188333333333333686, 0.6399999999999996803, 1.188333333333333686 ) ) ;
#3295 = CARTESIAN_POINT ( 'NONE',  ( 1.143333333333329094, 2.000000000000000000, -2.450000000000000622 ) ) ;
#3296 = DIRECTION ( 'NONE',  ( 0.000000000000000000, -1.000000000000000000, 0.000000000000000000 ) ) ;
#3297 = CARTESIAN_POINT ( 'NONE',  ( 1.143333333333329094, -2.168404344971008868E-16, 2.450000000000000622 ) ) ;
#3298 = ORIENTED_EDGE ( 'NONE', *, *, #1113, .F. ) ;
#3299 = FILL_AREA_STYLE_COLOUR ( '', #2331 ) ;
#3300 = FILL_AREA_STYLE_COLOUR ( '', #580 ) ;
#3301 =( NAMED_UNIT ( * ) PLANE_ANGLE_UNIT ( ) SI_UNIT ( $, .RADIAN. ) );
#3302 = SURFACE_SIDE_STYLE ('',( #345 ) ) ;
#3303 = SURFACE_STYLE_USAGE ( .BOTH. , #3836 ) ;
#3304 = CYLINDRICAL_SURFACE ( 'NONE', #3381, 0.4899999999999999911 ) ;
#3305 = SURFACE_STYLE_FILL_AREA ( #2127 ) ;
#3306 = AXIS2_PLACEMENT_3D ( 'NONE', #1757, #237, #3180 ) ;
#3307 = EDGE_CURVE ( 'NONE', #1128, #2776, #1472, .T. ) ;
#3308 = SURFACE_STYLE_USAGE ( .BOTH. , #2420 ) ;
#3309 = CIRCLE ( 'NONE', #6, 0.4899999999999999911 ) ;
#3310 = VERTEX_POINT ( 'NONE', #2959 ) ;
#3311 = EDGE_CURVE ( 'NONE', #1712, #2327, #1820, .T. ) ;
#3312 = MECHANICAL_DESIGN_GEOMETRIC_PRESENTATION_REPRESENTATION (  '', ( #3482 ), #1322 ) ;
#3313 = DIRECTION ( 'NONE',  ( 0.000000000000000000, -1.000000000000000000, -0.000000000000000000 ) ) ;
#3314 =( LENGTH_UNIT ( ) NAMED_UNIT ( * ) SI_UNIT ( .MILLI., .METRE. ) );
#3315 = DIRECTION ( 'NONE',  ( 0.000000000000000000, -0.000000000000000000, 1.000000000000000000 ) ) ;
#3316 = VERTEX_POINT ( 'NONE', #3269 ) ;
#3317 =( GEOMETRIC_REPRESENTATION_CONTEXT ( 3 ) GLOBAL_UNCERTAINTY_ASSIGNED_CONTEXT ( ( #1788 ) ) GLOBAL_UNIT_ASSIGNED_CONTEXT ( ( #2437, #1000, #1926 ) ) REPRESENTATION_CONTEXT ( 'NONE', 'WORKASPACE' ) );
#3318 = AXIS2_PLACEMENT_3D ( 'NONE', #572, #873, #3535 ) ;
#3319 = CIRCLE ( 'NONE', #1644, 1.199999999999999734 ) ;
#3320 =( LENGTH_UNIT ( ) NAMED_UNIT ( * ) SI_UNIT ( .MILLI., .METRE. ) );
#3321 = FACE_OUTER_BOUND ( 'NONE', #684, .T. ) ;
#3322 = MECHANICAL_DESIGN_GEOMETRIC_PRESENTATION_REPRESENTATION (  '', ( #3129 ), #2149 ) ;
#3323 =( GEOMETRIC_REPRESENTATION_CONTEXT ( 3 ) GLOBAL_UNCERTAINTY_ASSIGNED_CONTEXT ( ( #1042 ) ) GLOBAL_UNIT_ASSIGNED_CONTEXT ( ( #1111, #219, #3715 ) ) REPRESENTATION_CONTEXT ( 'NONE', 'WORKASPACE' ) );
#3324 = FACE_OUTER_BOUND ( 'NONE', #2244, .T. ) ;
#3325 = FACE_OUTER_BOUND ( 'NONE', #2304, .T. ) ;
#3326 = DIRECTION ( 'NONE',  ( -0.000000000000000000, 1.000000000000000000, -0.000000000000000000 ) ) ;
#3327 = CIRCLE ( 'NONE', #1652, 0.1224999999999999978 ) ;
#3328 =( NAMED_UNIT ( * ) PLANE_ANGLE_UNIT ( ) SI_UNIT ( $, .RADIAN. ) );
#3329 = DIRECTION ( 'NONE',  ( 0.7071067811865454633, 0.000000000000000000, -0.7071067811865495711 ) ) ;
#3330 = EDGE_CURVE ( 'NONE', #3626, #2245, #595, .T. ) ;
#3331 = VECTOR ( 'NONE', #1036, 1000.000000000000000 ) ;
#3332 = SURFACE_STYLE_FILL_AREA ( #3588 ) ;
#3333 = LINE ( 'NONE', #182, #3071 ) ;
#3334 = FILL_AREA_STYLE ('',( #3609 ) ) ;
#3335 = EDGE_CURVE ( 'NONE', #2944, #994, #332, .T. ) ;
#3336 = VERTEX_POINT ( 'NONE', #606 ) ;
#3337 = EDGE_CURVE ( 'NONE', #2302, #3091, #2972, .T. ) ;
#3338 =( LENGTH_UNIT ( ) NAMED_UNIT ( * ) SI_UNIT ( .MILLI., .METRE. ) );
#3339 = CARTESIAN_POINT ( 'NONE',  ( 1.712069900877995154, 1.320000000000000062, -1.188333333333333686 ) ) ;
#3340 = ORIENTED_EDGE ( 'NONE', *, *, #704, .F. ) ;
#3341 = ORIENTED_EDGE ( 'NONE', *, *, #2066, .F. ) ;
#3342 = CARTESIAN_POINT ( 'NONE',  ( -1.923333333333333783, 2.000000000000000000, -1.188333333333333686 ) ) ;
#3343 = FILL_AREA_STYLE_COLOUR ( '', #1202 ) ;
#3344 = DIRECTION ( 'NONE',  ( 0.6901619708142004983, 0.2176072335280443970, 0.6901619708141922827 ) ) ;
#3345 = LINE ( 'NONE', #3402, #381 ) ;
#3346 = CARTESIAN_POINT ( 'NONE',  ( 2.249999999999999112, 0.2399999999999999911, -2.123333333333333517 ) ) ;
#3347 = SPHERICAL_SURFACE ( 'NONE', #1787, 0.1225000000000000255 ) ;
#3348 = EDGE_LOOP ( 'NONE', ( #1032, #1192, #1605, #2215, #1830, #733, #3810 ) ) ;
#3349 = CARTESIAN_POINT ( 'NONE',  ( 1.351909616568527595, 0.04379717717810855532, 2.241423716764805008 ) ) ;
#3350 = ORIENTED_EDGE ( 'NONE', *, *, #940, .T. ) ;
#3351 = PRESENTATION_STYLE_ASSIGNMENT (( #2185 ) ) ;
#3352 = EDGE_CURVE ( 'NONE', #628, #2119, #296, .T. ) ;
#3353 = LINE ( 'NONE', #3007, #3275 ) ;
#3354 = ORIENTED_EDGE ( 'NONE', *, *, #2434, .T. ) ;
#3355 = VERTEX_POINT ( 'NONE', #3508 ) ;
#3356 = FILL_AREA_STYLE_COLOUR ( '', #271 ) ;
#3357 =( NAMED_UNIT ( * ) SI_UNIT ( $, .STERADIAN. ) SOLID_ANGLE_UNIT ( ) );
#3358 = CARTESIAN_POINT ( 'NONE',  ( -1.050000000000000044, 0.2399999999999997691, 2.450000000000000622 ) ) ;
#3359 = SURFACE_STYLE_FILL_AREA ( #1555 ) ;
#3360 = CARTESIAN_POINT ( 'NONE',  ( -1.714999999999999636, 0.6400000000000000133, 1.923333333333333339 ) ) ;
#3361 = CARTESIAN_POINT ( 'NONE',  ( -1.143333333333329316, 0.6399999999999996803, 2.450000000000000622 ) ) ;
#3362 = AXIS2_PLACEMENT_3D ( 'NONE', #1597, #3380, #109 ) ;
#3363 = AXIS2_PLACEMENT_3D ( 'NONE', #3488, #3746, #3100 ) ;
#3364 = CARTESIAN_POINT ( 'NONE',  ( 1.469999999999999973, 0.2399999999999997691, 2.123333333333333961 ) ) ;
#3365 = UNCERTAINTY_MEASURE_WITH_UNIT (LENGTH_MEASURE( 1.000000000000000082E-05 ), #1546, 'distance_accuracy_value', 'NONE');
#3366 =( NAMED_UNIT ( * ) PLANE_ANGLE_UNIT ( ) SI_UNIT ( $, .RADIAN. ) );
#3367 = CIRCLE ( 'NONE', #1700, 0.7350000000000002087 ) ;
#3368 = ORIENTED_EDGE ( 'NONE', *, *, #2755, .T. ) ;
#3369 = TOROIDAL_SURFACE ( 'NONE', #1957, 1.723736567544662313, 1.200000000000000178 ) ;
#3370 = VECTOR ( 'NONE', #3723, 1000.000000000000000 ) ;
#3371 = MECHANICAL_DESIGN_GEOMETRIC_PRESENTATION_REPRESENTATION (  '', ( #3116 ), #509 ) ;
#3372 = STYLED_ITEM ( 'NONE', ( #3680 ), #1673 ) ;
#3373 =( GEOMETRIC_REPRESENTATION_CONTEXT ( 3 ) GLOBAL_UNCERTAINTY_ASSIGNED_CONTEXT ( ( #1399 ) ) GLOBAL_UNIT_ASSIGNED_CONTEXT ( ( #958, #1598, #2486 ) ) REPRESENTATION_CONTEXT ( 'NONE', 'WORKASPACE' ) );
#3374 = LINE ( 'NONE', #1281, #396 ) ;
#3375 = ORIENTED_EDGE ( 'NONE', *, *, #472, .F. ) ;
#3376 =( GEOMETRIC_REPRESENTATION_CONTEXT ( 3 ) GLOBAL_UNCERTAINTY_ASSIGNED_CONTEXT ( ( #2857 ) ) GLOBAL_UNIT_ASSIGNED_CONTEXT ( ( #1974, #2845, #175 ) ) REPRESENTATION_CONTEXT ( 'NONE', 'WORKASPACE' ) );
#3377 = ORIENTED_EDGE ( 'NONE', *, *, #691, .T. ) ;
#3378 = UNCERTAINTY_MEASURE_WITH_UNIT (LENGTH_MEASURE( 1.000000000000000082E-05 ), #2432, 'distance_accuracy_value', 'NONE');
#3379 = PRESENTATION_STYLE_ASSIGNMENT (( #1013 ) ) ;
#3380 = DIRECTION ( 'NONE',  ( 0.000000000000000000, 1.000000000000000000, -0.000000000000000000 ) ) ;
#3381 = AXIS2_PLACEMENT_3D ( 'NONE', #863, #1230, #3564 ) ;
#3382 =( NAMED_UNIT ( * ) PLANE_ANGLE_UNIT ( ) SI_UNIT ( $, .RADIAN. ) );
#3383 = PRESENTATION_STYLE_ASSIGNMENT (( #3098 ) ) ;
#3384 = DIRECTION ( 'NONE',  ( -0.000000000000000000, -0.000000000000000000, 1.000000000000000000 ) ) ;
#3385 = VECTOR ( 'NONE', #209, 1000.000000000000000 ) ;
#3386 =( NAMED_UNIT ( * ) SI_UNIT ( $, .STERADIAN. ) SOLID_ANGLE_UNIT ( ) );
#3387 = DIRECTION ( 'NONE',  ( -0.9537169507482290420, -0.3007057995042664023, -4.570262938950188936E-16 ) ) ;
#3388 = CARTESIAN_POINT ( 'NONE',  ( -1.351909616568527150, 0.04379717717810876348, -2.241423716764805008 ) ) ;
#3389 = EDGE_CURVE ( 'NONE', #3169, #318, #1206, .T. ) ;
#3390 = VERTEX_POINT ( 'NONE', #707 ) ;
#3391 = MECHANICAL_DESIGN_GEOMETRIC_PRESENTATION_REPRESENTATION (  '', ( #1279 ), #2041 ) ;
#3392 = CARTESIAN_POINT ( 'NONE',  ( -2.449999999999998845, 0.6400000000000000133, 1.923333333333333339 ) ) ;
#3393 = ORIENTED_EDGE ( 'NONE', *, *, #1134, .T. ) ;
#3394 = MECHANICAL_DESIGN_GEOMETRIC_PRESENTATION_REPRESENTATION (  '', ( #3271 ), #3761 ) ;
#3395 = COLOUR_RGB ( '',0.7921568627450980005, 0.8196078431372548767, 0.9333333333333333481 ) ;
#3396 = SURFACE_SIDE_STYLE ('',( #1716 ) ) ;
#3397 = COLOUR_RGB ( '',0.7921568627450980005, 0.8196078431372548767, 0.9333333333333333481 ) ;
#3398 = EDGE_LOOP ( 'NONE', ( #1991, #2352, #3061, #706, #3260 ) ) ;
#3399 = PRESENTATION_STYLE_ASSIGNMENT (( #3676 ) ) ;
#3400 = ADVANCED_FACE ( 'NONE', ( #3325 ), #976, .T. ) ;
#3401 =( LENGTH_UNIT ( ) NAMED_UNIT ( * ) SI_UNIT ( .MILLI., .METRE. ) );
#3402 = CARTESIAN_POINT ( 'NONE',  ( -2.374999999999999112, 2.000000000000000000, -1.218333333333331270 ) ) ;
#3403 = ADVANCED_FACE ( 'NONE', ( #1594 ), #2732, .T. ) ;
#3404 = CARTESIAN_POINT ( 'NONE',  ( 1.143333333333329094, 0.1627596668112848421, 2.450000000000000622 ) ) ;
#3405 = VERTEX_POINT ( 'NONE', #3081 ) ;
#3406 = ORIENTED_EDGE ( 'NONE', *, *, #1364, .T. ) ;
#3407 = CARTESIAN_POINT ( 'NONE',  ( -0.7281759461464706318, 0.1385292655878597179, -2.865157387186854088 ) ) ;
#3408 = SURFACE_STYLE_USAGE ( .BOTH. , #3734 ) ;
#3409 = EDGE_LOOP ( 'NONE', ( #89, #1754, #1867, #98, #1011, #3545, #3068, #2466 ) ) ;
#3410 = DIRECTION ( 'NONE',  ( 0.6901619708142003873, 0.2176072335280442860, 0.6901619708141922827 ) ) ;
#3411 = DIRECTION ( 'NONE',  ( 0.000000000000000000, 1.000000000000000000, 0.000000000000000000 ) ) ;
#3412 = PLANE ( 'NONE',  #3423 ) ;
#3413 = SURFACE_SIDE_STYLE ('',( #1674 ) ) ;
#3414 = DIRECTION ( 'NONE',  ( -1.000000000000000000, 0.000000000000000000, 4.792053801040901909E-16 ) ) ;
#3415 = ORIENTED_EDGE ( 'NONE', *, *, #1623, .F. ) ;
#3416 = LINE ( 'NONE', #1187, #2954 ) ;
#3417 =( NAMED_UNIT ( * ) PLANE_ANGLE_UNIT ( ) SI_UNIT ( $, .RADIAN. ) );
#3418 = CARTESIAN_POINT ( 'NONE',  ( 1.188333333333333686, 1.320000000000000062, -2.912069900877995998 ) ) ;
#3419 =( NAMED_UNIT ( * ) SI_UNIT ( $, .STERADIAN. ) SOLID_ANGLE_UNIT ( ) );
#3420 = ORIENTED_EDGE ( 'NONE', *, *, #3240, .F. ) ;
#3421 = EDGE_LOOP ( 'NONE', ( #1375, #2159, #288, #3393, #2991, #3511, #867, #1769 ) ) ;
#3422 = EDGE_CURVE ( 'NONE', #417, #1786, #451, .T. ) ;
#3423 = AXIS2_PLACEMENT_3D ( 'NONE', #1302, #146, #408 ) ;
#3424 = LINE ( 'NONE', #215, #1262 ) ;
#3425 = MECHANICAL_DESIGN_GEOMETRIC_PRESENTATION_REPRESENTATION (  '', ( #2383 ), #3663 ) ;
#3426 = COLOUR_RGB ( '',0.2509803921568627416, 0.2509803921568627416, 0.2509803921568627416 ) ;
#3427 = AXIS2_PLACEMENT_3D ( 'NONE', #217, #3200, #533 ) ;
#3428 = DIRECTION ( 'NONE',  ( 0.7071067811865454633, 0.000000000000000000, 0.7071067811865495711 ) ) ;
#3429 = CIRCLE ( 'NONE', #321, 1.200000000000000622 ) ;
#3430 = PRESENTATION_STYLE_ASSIGNMENT (( #2603 ) ) ;
#3431 = DIRECTION ( 'NONE',  ( 0.000000000000000000, -0.000000000000000000, 1.000000000000000000 ) ) ;
#3432 = CARTESIAN_POINT ( 'NONE',  ( 1.469999999999997087, 0.6399999999999996803, 2.123333333333334405 ) ) ;
#3433 = CARTESIAN_POINT ( 'NONE',  ( -1.143333333333329094, 0.1627596668112848421, -2.450000000000000178 ) ) ;
#3434 = CARTESIAN_POINT ( 'NONE',  ( 4.268811806619149607, 1.254887464256365215, -0.6754784732857831431 ) ) ;
#3435 = VECTOR ( 'NONE', #1006, 1000.000000000000000 ) ;
#3436 = PLANE ( 'NONE',  #517 ) ;
#3437 = CARTESIAN_POINT ( 'NONE',  ( 1.502654158242909377, 0.3827213078750212882, 2.123333333333333961 ) ) ;
#3438 = UNCERTAINTY_MEASURE_WITH_UNIT (LENGTH_MEASURE( 1.000000000000000082E-05 ), #3232, 'distance_accuracy_value', 'NONE');
#3439 = ADVANCED_FACE ( 'NONE', ( #1552 ), #83, .T. ) ;
#3440 =( LENGTH_UNIT ( ) NAMED_UNIT ( * ) SI_UNIT ( .MILLI., .METRE. ) );
#3441 = VERTEX_POINT ( 'NONE', #3342 ) ;
#3442 = SURFACE_SIDE_STYLE ('',( #2266 ) ) ;
#3443 = ORIENTED_EDGE ( 'NONE', *, *, #2974, .F. ) ;
#3444 = SURFACE_SIDE_STYLE ('',( #1645 ) ) ;
#3445 = CARTESIAN_POINT ( 'NONE',  ( 1.188333333333333686, 2.000000000000000000, 1.188333333333333686 ) ) ;
#3446 = VECTOR ( 'NONE', #495, 1000.000000000000000 ) ;
#3447 = EDGE_CURVE ( 'NONE', #3441, #104, #2034, .T. ) ;
#3448 = ORIENTED_EDGE ( 'NONE', *, *, #1944, .F. ) ;
#3449 = CYLINDRICAL_SURFACE ( 'NONE', #2272, 1.200000000000000178 ) ;
#3450 = AXIS2_PLACEMENT_3D ( 'NONE', #3584, #939, #3826 ) ;
#3451 = EDGE_CURVE ( 'NONE', #1764, #1330, #995, .T. ) ;
#3452 = PRESENTATION_LAYER_ASSIGNMENT (  '', '', ( #95 ) ) ;
#3453 = FILL_AREA_STYLE ('',( #1625 ) ) ;
#3454 = SURFACE_SIDE_STYLE ('',( #2297 ) ) ;
#3455 = UNCERTAINTY_MEASURE_WITH_UNIT (LENGTH_MEASURE( 1.000000000000000082E-05 ), #3222, 'distance_accuracy_value', 'NONE');
#3456 = DIRECTION ( 'NONE',  ( -4.792053801040901909E-16, -0.000000000000000000, 1.000000000000000000 ) ) ;
#3457 = PRESENTATION_LAYER_ASSIGNMENT (  '', '', ( #857 ) ) ;
#3458 = DIRECTION ( 'NONE',  ( -1.000000000000000000, 0.000000000000000000, 0.000000000000000000 ) ) ;
#3459 = DIRECTION ( 'NONE',  ( 1.626303258728257045E-15, -1.000000000000000000, 0.000000000000000000 ) ) ;
#3460 = FILL_AREA_STYLE_COLOUR ( '', #2764 ) ;
#3461 = ORIENTED_EDGE ( 'NONE', *, *, #329, .T. ) ;
#3462 = CARTESIAN_POINT ( 'NONE',  ( 1.143333333333329094, 2.000000000000000000, -2.450000000000000622 ) ) ;
#3463 = EDGE_CURVE ( 'NONE', #1941, #266, #3155, .T. ) ;
#3464 = ORIENTED_EDGE ( 'NONE', *, *, #1800, .F. ) ;
#3465 = LINE ( 'NONE', #802, #13 ) ;
#3466 = ORIENTED_EDGE ( 'NONE', *, *, #468, .F. ) ;
#3467 = CARTESIAN_POINT ( 'NONE',  ( 2.449999999999998845, 0.2399999999999997691, -2.048333333333334227 ) ) ;
#3468 = EDGE_CURVE ( 'NONE', #2302, #2182, #2138, .T. ) ;
#3469 = SURFACE_SIDE_STYLE ('',( #2894 ) ) ;
#3470 = DIRECTION ( 'NONE',  ( -4.792053801040901909E-16, -0.000000000000000000, -1.000000000000000000 ) ) ;
#3471 = EDGE_CURVE ( 'NONE', #615, #1128, #2582, .T. ) ;
#3472 = DIRECTION ( 'NONE',  ( -1.000000000000000000, -7.103393543870548985E-15, 0.000000000000000000 ) ) ;
#3473 = CARTESIAN_POINT ( 'NONE',  ( -2.449999999999998845, 0.2399999999999997691, -2.048333333333333783 ) ) ;
#3474 = ORIENTED_EDGE ( 'NONE', *, *, #223, .T. ) ;
#3475 = ORIENTED_EDGE ( 'NONE', *, *, #3451, .F. ) ;
#3476 = DIRECTION ( 'NONE',  ( 1.000000000000000000, 0.000000000000000000, -0.000000000000000000 ) ) ;
#3477 = EDGE_LOOP ( 'NONE', ( #2839, #668, #1564 ) ) ;
#3478 = VECTOR ( 'NONE', #1015, 1000.000000000000000 ) ;
#3479 = VECTOR ( 'NONE', #1984, 1000.000000000000000 ) ;
#3480 = PRESENTATION_STYLE_ASSIGNMENT (( #2866 ) ) ;
#3481 = DIRECTION ( 'NONE',  ( -0.000000000000000000, -0.000000000000000000, 1.000000000000000000 ) ) ;
#3482 = STYLED_ITEM ( 'NONE', ( #3293 ), #1106 ) ;
#3483 = AXIS2_PLACEMENT_3D ( 'NONE', #3008, #875, #2115 ) ;
#3484 = PRESENTATION_STYLE_ASSIGNMENT (( #2015 ) ) ;
#3485 = DIRECTION ( 'NONE',  ( -0.7071067811865517916, 0.000000000000000000, -0.7071067811865433539 ) ) ;
#3486 = SURFACE_STYLE_USAGE ( .BOTH. , #2873 ) ;
#3487 =( LENGTH_UNIT ( ) NAMED_UNIT ( * ) SI_UNIT ( .MILLI., .METRE. ) );
#3488 = CARTESIAN_POINT ( 'NONE',  ( 1.469999999999998197, 0.6399999999999996803, 1.673333333333334227 ) ) ;
#3489 = AXIS2_PLACEMENT_3D ( 'NONE', #2929, #1795, #5 ) ;
#3490 = COLOUR_RGB ( '',0.2509803921568627416, 0.2509803921568627416, 0.2509803921568627416 ) ;
#3491 = PLANE ( 'NONE',  #1415 ) ;
#3492 = EDGE_LOOP ( 'NONE', ( #1842, #2002, #1748, #505, #548, #1667, #2238, #1683 ) ) ;
#3493 = CARTESIAN_POINT ( 'NONE',  ( 1.143333333333329094, 0.2694278869620361783, -2.450000000000000622 ) ) ;
#3494 = ORIENTED_EDGE ( 'NONE', *, *, #2595, .F. ) ;
#3495 = VECTOR ( 'NONE', #3694, 1000.000000000000000 ) ;
#3496 = COLOUR_RGB ( '',0.2509803921568627416, 0.2509803921568627416, 0.2509803921568627416 ) ;
#3497 = EDGE_CURVE ( 'NONE', #667, #3104, #2253, .T. ) ;
#3498 = STYLED_ITEM ( 'NONE', ( #955 ), #1903 ) ;
#3499 = AXIS2_PLACEMENT_3D ( 'NONE', #1033, #2160, #347 ) ;
#3500 = ORIENTED_EDGE ( 'NONE', *, *, #2778, .F. ) ;
#3501 = ORIENTED_EDGE ( 'NONE', *, *, #1871, .F. ) ;
#3502 = STYLED_ITEM ( 'NONE', ( #1866 ), #2042 ) ;
#3503 = SURFACE_STYLE_FILL_AREA ( #3017 ) ;
#3504 = VECTOR ( 'NONE', #391, 1000.000000000000000 ) ;
#3505 = MECHANICAL_DESIGN_GEOMETRIC_PRESENTATION_REPRESENTATION (  '', ( #3016 ), #656 ) ;
#3506 = DIRECTION ( 'NONE',  ( -1.896563567030044345E-16, 0.000000000000000000, -1.000000000000000000 ) ) ;
#3507 = LINE ( 'NONE', #2658, #1970 ) ;
#3508 = CARTESIAN_POINT ( 'NONE',  ( -1.714999999999999414, 0.6399999999999996803, 2.123333333333334405 ) ) ;
#3509 = FILL_AREA_STYLE ('',( #1503 ) ) ;
#3510 = LINE ( 'NONE', #1494, #461 ) ;
#3511 = ORIENTED_EDGE ( 'NONE', *, *, #3780, .F. ) ;
#3512 = CARTESIAN_POINT ( 'NONE',  ( -1.351909616568527595, 0.04379717717810876348, 2.241423716764803675 ) ) ;
#3513 = ORIENTED_EDGE ( 'NONE', *, *, #840, .F. ) ;
#3514 = ADVANCED_FACE ( 'NONE', ( #2601 ), #3782, .T. ) ;
#3515 = UNCERTAINTY_MEASURE_WITH_UNIT (LENGTH_MEASURE( 1.000000000000000082E-05 ), #820, 'distance_accuracy_value', 'NONE');
#3516 = DIRECTION ( 'NONE',  ( -0.9537169507482291531, 0.3007057995042662912, -4.570262938950188936E-16 ) ) ;
#3517 = ORIENTED_EDGE ( 'NONE', *, *, #1034, .F. ) ;
#3518 = ORIENTED_EDGE ( 'NONE', *, *, #2370, .F. ) ;
#3519 = CARTESIAN_POINT ( 'NONE',  ( 1.143333333333329094, 0.6399999999999996803, -2.450000000000000622 ) ) ;
#3520 = SURFACE_SIDE_STYLE ('',( #2114 ) ) ;
#3521 = PRESENTATION_STYLE_ASSIGNMENT (( #3303 ) ) ;
#3522 =( LENGTH_UNIT ( ) NAMED_UNIT ( * ) SI_UNIT ( .MILLI., .METRE. ) );
#3523 = CARTESIAN_POINT ( 'NONE',  ( 1.143333333333329094, 0.2399999999999997691, 2.450000000000000622 ) ) ;
#3524 = CARTESIAN_POINT ( 'NONE',  ( 1.923333333333333561, 2.000000000000000000, -1.188333333333333686 ) ) ;
#3525 = LINE ( 'NONE', #3565, #3014 ) ;
#3526 = EDGE_LOOP ( 'NONE', ( #3420, #1805, #1827, #809 ) ) ;
#3527 = CARTESIAN_POINT ( 'NONE',  ( -1.715000000000000302, 0.6689969212023518796, 1.903390805601639979 ) ) ;
#3528 = ORIENTED_EDGE ( 'NONE', *, *, #1928, .T. ) ;
#3529 = DIRECTION ( 'NONE',  ( 0.000000000000000000, 0.000000000000000000, -1.000000000000000000 ) ) ;
#3530 = CARTESIAN_POINT ( 'NONE',  ( -2.449999999999998845, 0.2399999999999997691, -2.048333333333333783 ) ) ;
#3531 = EDGE_CURVE ( 'NONE', #2709, #3843, #787, .T. ) ;
#3532 = ORIENTED_EDGE ( 'NONE', *, *, #2580, .T. ) ;
#3533 = PLANE ( 'NONE',  #902 ) ;
#3534 = AXIS2_PLACEMENT_3D ( 'NONE', #3042, #3681, #1953 ) ;
#3535 = DIRECTION ( 'NONE',  ( -0.9537169507482291531, -0.3007057995042662912, 0.000000000000000000 ) ) ;
#3536 =( GEOMETRIC_REPRESENTATION_CONTEXT ( 3 ) GLOBAL_UNCERTAINTY_ASSIGNED_CONTEXT ( ( #597 ) ) GLOBAL_UNIT_ASSIGNED_CONTEXT ( ( #2401, #3803, #847 ) ) REPRESENTATION_CONTEXT ( 'NONE', 'WORKASPACE' ) );
#3537 = CARTESIAN_POINT ( 'NONE',  ( -1.649999999999999911, -0.08459999799161091460, -2.450000000000000622 ) ) ;
#3538 = FACE_OUTER_BOUND ( 'NONE', #2369, .T. ) ;
#3539 = CARTESIAN_POINT ( 'NONE',  ( -1.469999999999999973, 2.000000000000000000, 2.123333333333333517 ) ) ;
#3540 = MECHANICAL_DESIGN_GEOMETRIC_PRESENTATION_REPRESENTATION (  '', ( #953 ), #2085 ) ;
#3541 = SURFACE_STYLE_USAGE ( .BOTH. , #620 ) ;
#3542 = PRESENTATION_LAYER_ASSIGNMENT (  '', '', ( #1320 ) ) ;
#3543 = VECTOR ( 'NONE', #1639, 1000.000000000000000 ) ;
#3544 = EDGE_LOOP ( 'NONE', ( #2475, #2772, #1958, #2814 ) ) ;
#3545 = ORIENTED_EDGE ( 'NONE', *, *, #2056, .T. ) ;
#3546 = SURFACE_SIDE_STYLE ('',( #51 ) ) ;
#3547 = EDGE_LOOP ( 'NONE', ( #1512, #2633, #3354, #1571, #1888, #341, #1750, #2022 ) ) ;
#3548 = COLOUR_RGB ( '',0.2509803921568627416, 0.2509803921568627416, 0.2509803921568627416 ) ;
#3549 = TOROIDAL_SURFACE ( 'NONE', #1894, 1.723736567544662313, 1.200000000000000178 ) ;
#3550 =( NAMED_UNIT ( * ) PLANE_ANGLE_UNIT ( ) SI_UNIT ( $, .RADIAN. ) );
#3551 = CARTESIAN_POINT ( 'NONE',  ( -1.188333333333333686, 0.6399999999999996803, 1.923333333333333783 ) ) ;
#3552 = AXIS2_PLACEMENT_3D ( 'NONE', #931, #3296, #2425 ) ;
#3553 = EDGE_LOOP ( 'NONE', ( #1609, #1658, #3375, #968 ) ) ;
#3554 = VECTOR ( 'NONE', #3384, 1000.000000000000000 ) ;
#3555 =( GEOMETRIC_REPRESENTATION_CONTEXT ( 3 ) GLOBAL_UNCERTAINTY_ASSIGNED_CONTEXT ( ( #1390 ) ) GLOBAL_UNIT_ASSIGNED_CONTEXT ( ( #1875, #3040, #3357 ) ) REPRESENTATION_CONTEXT ( 'NONE', 'WORKASPACE' ) );
#3556 = ADVANCED_FACE ( 'NONE', ( #2035 ), #3698, .F. ) ;
#3557 = DIRECTION ( 'NONE',  ( 0.000000000000000000, 1.000000000000000000, -0.000000000000000000 ) ) ;
#3558 = CARTESIAN_POINT ( 'NONE',  ( -2.250000000000000000, 0.2399999999999997691, 2.123333333333333073 ) ) ;
#3559 = AXIS2_PLACEMENT_3D ( 'NONE', #850, #242, #3128 ) ;
#3560 = ADVANCED_FACE ( 'NONE', ( #176 ), #3763, .T. ) ;
#3561 = VECTOR ( 'NONE', #1862, 1000.000000000000000 ) ;
#3562 = DIRECTION ( 'NONE',  ( 1.000000000000000000, 1.770125995894701153E-15, 0.000000000000000000 ) ) ;
#3563 = FACE_OUTER_BOUND ( 'NONE', #1315, .T. ) ;
#3564 = DIRECTION ( 'NONE',  ( 1.000000000000000000, 0.000000000000000000, 0.000000000000000000 ) ) ;
#3565 = CARTESIAN_POINT ( 'NONE',  ( 2.375000000000000444, 0.2399999999999997691, -2.123333333333333517 ) ) ;
#3566 = VERTEX_POINT ( 'NONE', #3558 ) ;
#3567 = ORIENTED_EDGE ( 'NONE', *, *, #3311, .T. ) ;
#3568 = CIRCLE ( 'NONE', #1917, 0.1224999999999999978 ) ;
#3569 = EDGE_LOOP ( 'NONE', ( #3340, #1453, #1547, #359 ) ) ;
#3570 = CARTESIAN_POINT ( 'NONE',  ( -2.363697002768062827, 0.2041514727280599462, 2.123333333333333073 ) ) ;
#3571 = CIRCLE ( 'NONE', #1924, 0.5237365675446618019 ) ;
#3572 = LINE ( 'NONE', #3280, #909 ) ;
#3573 =( NAMED_UNIT ( * ) SI_UNIT ( $, .STERADIAN. ) SOLID_ANGLE_UNIT ( ) );
#3574 = ORIENTED_EDGE ( 'NONE', *, *, #389, .T. ) ;
#3575 = PRESENTATION_STYLE_ASSIGNMENT (( #2371 ) ) ;
#3576 = DIRECTION ( 'NONE',  ( -0.3007057995042664023, 0.9537169507482290420, 0.000000000000000000 ) ) ;
#3577 = EDGE_CURVE ( 'NONE', #1178, #1621, #2394, .T. ) ;
#3578 = SURFACE_SIDE_STYLE ('',( #1117 ) ) ;
#3579 = LINE ( 'NONE', #262, #1780 ) ;
#3580 = ADVANCED_FACE ( 'NONE', ( #28 ), #1486, .T. ) ;
#3581 = DIRECTION ( 'NONE',  ( -0.7071067811865496822, 0.000000000000000000, 0.7071067811865454633 ) ) ;
#3582 = PRODUCT ( 'NRS5024T2R2NMGJ', 'NRS5024T2R2NMGJ', '', ( #1483 ) ) ;
#3583 = DIRECTION ( 'NONE',  ( 1.000000000000000000, 0.000000000000000000, -4.792053801040900923E-16 ) ) ;
#3584 = CARTESIAN_POINT ( 'NONE',  ( 0.000000000000000000, 1.320000000000000062, -2.912069900877995998 ) ) ;
#3585 = ORIENTED_EDGE ( 'NONE', *, *, #818, .F. ) ;
#3586 = CARTESIAN_POINT ( 'NONE',  ( -1.714999999999999636, 0.6400000000000000133, 1.923333333333333339 ) ) ;
#3587 = ORIENTED_EDGE ( 'NONE', *, *, #2456, .F. ) ;
#3588 = FILL_AREA_STYLE ('',( #2759 ) ) ;
#3589 = DIRECTION ( 'NONE',  ( 1.000000000000000000, 0.000000000000000000, -0.000000000000000000 ) ) ;
#3590 = VERTEX_POINT ( 'NONE', #253 ) ;
#3591 =( NAMED_UNIT ( * ) SI_UNIT ( $, .STERADIAN. ) SOLID_ANGLE_UNIT ( ) );
#3592 = CARTESIAN_POINT ( 'NONE',  ( 2.449999999999998845, 0.2399999999999997691, 2.048333333333334227 ) ) ;
#3593 = DIRECTION ( 'NONE',  ( -1.000000000000000000, 0.000000000000000000, 0.000000000000000000 ) ) ;
#3594 = SURFACE_STYLE_USAGE ( .BOTH. , #3578 ) ;
#3595 = ADVANCED_FACE ( 'NONE', ( #1184 ), #1154, .T. ) ;
#3596 = SURFACE_STYLE_FILL_AREA ( #1590 ) ;
#3597 = CARTESIAN_POINT ( 'NONE',  ( 1.050000000000000266, 0.2399999999999995470, -2.450000000000000622 ) ) ;
#3598 =( LENGTH_UNIT ( ) NAMED_UNIT ( * ) SI_UNIT ( .MILLI., .METRE. ) );
#3599 = DIRECTION ( 'NONE',  ( -0.000000000000000000, 1.000000000000000000, -0.000000000000000000 ) ) ;
#3600 = CIRCLE ( 'NONE', #3362, 0.7350000000000004308 ) ;
#3601 = EDGE_CURVE ( 'NONE', #2546, #1323, #2372, .T. ) ;
#3602 = LINE ( 'NONE', #3043, #973 ) ;
#3603 = STYLED_ITEM ( 'NONE', ( #1160 ), #686 ) ;
#3604 =( NAMED_UNIT ( * ) SI_UNIT ( $, .STERADIAN. ) SOLID_ANGLE_UNIT ( ) );
#3605 = CLOSED_SHELL ( 'NONE', ( #3403, #160, #3595, #650, #1130, #3560, #401, #1409, #2711, #2476 ) ) ;
#3606 = SURFACE_STYLE_USAGE ( .BOTH. , #3166 ) ;
#3607 = COLOUR_RGB ( '',0.7921568627450980005, 0.8196078431372548767, 0.9333333333333333481 ) ;
#3608 = DIRECTION ( 'NONE',  ( 1.000000000000000000, 0.000000000000000000, 0.000000000000000000 ) ) ;
#3609 = FILL_AREA_STYLE_COLOUR ( '', #99 ) ;
#3610 = VERTEX_POINT ( 'NONE', #1445 ) ;
#3611 = VECTOR ( 'NONE', #2271, 999.9999999999998863 ) ;
#3612 = STYLED_ITEM ( 'NONE', ( #2657 ), #3645 ) ;
#3613 = EDGE_CURVE ( 'NONE', #546, #2742, #2697, .T. ) ;
#3614 = AXIS2_PLACEMENT_3D ( 'NONE', #2983, #3557, #275 ) ;
#3615 = LINE ( 'NONE', #2499, #3195 ) ;
#3616 = UNCERTAINTY_MEASURE_WITH_UNIT (LENGTH_MEASURE( 1.000000000000000082E-05 ), #3314, 'distance_accuracy_value', 'NONE');
#3617 = PRESENTATION_LAYER_ASSIGNMENT (  '', '', ( #765 ) ) ;
#3618 =( NAMED_UNIT ( * ) SI_UNIT ( $, .STERADIAN. ) SOLID_ANGLE_UNIT ( ) );
#3619 =( LENGTH_UNIT ( ) NAMED_UNIT ( * ) SI_UNIT ( .MILLI., .METRE. ) );
#3620 = VERTEX_POINT ( 'NONE', #3263 ) ;
#3621 = VECTOR ( 'NONE', #2676, 1000.000000000000000 ) ;
#3622 = CIRCLE ( 'NONE', #2278, 1.200000000000000622 ) ;
#3623 = CARTESIAN_POINT ( 'NONE',  ( -2.449999999999998845, 0.6400000000000000133, 1.923333333333333339 ) ) ;
#3624 = SURFACE_STYLE_FILL_AREA ( #3096 ) ;
#3625 = LINE ( 'NONE', #3066, #3504 ) ;
#3626 = VERTEX_POINT ( 'NONE', #618 ) ;
#3627 = VECTOR ( 'NONE', #2016, 1000.000000000000000 ) ;
#3628 = CARTESIAN_POINT ( 'NONE',  ( 1.188333333333333686, 1.320000000000000062, -1.188333333333333686 ) ) ;
#3629 = MECHANICAL_DESIGN_GEOMETRIC_PRESENTATION_REPRESENTATION (  '', ( #95 ), #1983 ) ;
#3630 =( NAMED_UNIT ( * ) SI_UNIT ( $, .STERADIAN. ) SOLID_ANGLE_UNIT ( ) );
#3631 = ORIENTED_EDGE ( 'NONE', *, *, #991, .F. ) ;
#3632 = EDGE_CURVE ( 'NONE', #385, #2925, #957, .T. ) ;
#3633 = UNCERTAINTY_MEASURE_WITH_UNIT (LENGTH_MEASURE( 1.000000000000000082E-05 ), #3012, 'distance_accuracy_value', 'NONE');
#3634 = DIRECTION ( 'NONE',  ( -0.7071067811865496822, 0.000000000000000000, -0.7071067811865454633 ) ) ;
#3635 = CARTESIAN_POINT ( 'NONE',  ( 2.449999999999998845, 0.6399999999999996803, -2.048333333333334227 ) ) ;
#3636 = ORIENTED_EDGE ( 'NONE', *, *, #2501, .F. ) ;
#3637 = ORIENTED_EDGE ( 'NONE', *, *, #3157, .F. ) ;
#3638 = DIRECTION ( 'NONE',  ( -1.000000000000000000, 0.000000000000000000, 0.000000000000000000 ) ) ;
#3639 = DIRECTION ( 'NONE',  ( -1.000000000000000000, 0.000000000000000000, -3.614007241618346306E-16 ) ) ;
#3640 = LINE ( 'NONE', #1303, #2459 ) ;
#3641 = CARTESIAN_POINT ( 'NONE',  ( 1.143333333333329094, 0.2399999999999997691, -2.450000000000000622 ) ) ;
#3642 = CARTESIAN_POINT ( 'NONE',  ( -2.912069900877995110, 1.320000000000000062, -1.188333333333334130 ) ) ;
#3643 = FILL_AREA_STYLE ('',( #2474 ) ) ;
#3644 = ORIENTED_EDGE ( 'NONE', *, *, #2317, .T. ) ;
#3645 = ADVANCED_FACE ( 'NONE', ( #236 ), #552, .T. ) ;
#3646 = SURFACE_SIDE_STYLE ('',( #989 ) ) ;
#3647 = LINE ( 'NONE', #2137, #3435 ) ;
#3648 = SURFACE_STYLE_USAGE ( .BOTH. , #1243 ) ;
#3649 = ORIENTED_EDGE ( 'NONE', *, *, #389, .F. ) ;
#3650 = ORIENTED_EDGE ( 'NONE', *, *, #1823, .F. ) ;
#3651 = SURFACE_SIDE_STYLE ('',( #2484 ) ) ;
#3652 = FACE_OUTER_BOUND ( 'NONE', #2379, .T. ) ;
#3653 = SURFACE_STYLE_USAGE ( .BOTH. , #3684 ) ;
#3654 = DIRECTION ( 'NONE',  ( 0.7071067811865517916, 0.000000000000000000, -0.7071067811865433539 ) ) ;
#3655 = CARTESIAN_POINT ( 'NONE',  ( 2.375000000000000444, 0.2399999999999997691, -2.123333333333333517 ) ) ;
#3656 = AXIS2_PLACEMENT_3D ( 'NONE', #553, #2014, #3458 ) ;
#3657 = FILL_AREA_STYLE ('',( #2518 ) ) ;
#3658 = LINE ( 'NONE', #152, #2872 ) ;
#3659 = CARTESIAN_POINT ( 'NONE',  ( -1.188333333333333686, 1.320000000000000062, 2.912069900877995998 ) ) ;
#3660 = UNCERTAINTY_MEASURE_WITH_UNIT (LENGTH_MEASURE( 1.000000000000000082E-05 ), #1376, 'distance_accuracy_value', 'NONE');
#3661 = LINE ( 'NONE', #115, #1341 ) ;
#3662 = EDGE_LOOP ( 'NONE', ( #245, #854, #906, #1190 ) ) ;
#3663 =( GEOMETRIC_REPRESENTATION_CONTEXT ( 3 ) GLOBAL_UNCERTAINTY_ASSIGNED_CONTEXT ( ( #1796 ) ) GLOBAL_UNIT_ASSIGNED_CONTEXT ( ( #1432, #3205, #1414 ) ) REPRESENTATION_CONTEXT ( 'NONE', 'WORKASPACE' ) );
#3664 = ORIENTED_EDGE ( 'NONE', *, *, #3106, .F. ) ;
#3665 = VECTOR ( 'NONE', #3481, 1000.000000000000000 ) ;
#3666 = AXIS2_PLACEMENT_3D ( 'NONE', #2634, #1686, #1768 ) ;
#3667 = VECTOR ( 'NONE', #1751, 1000.000000000000000 ) ;
#3668 = DIRECTION ( 'NONE',  ( 1.000000000000000000, -0.000000000000000000, -0.000000000000000000 ) ) ;
#3669 = EDGE_CURVE ( 'NONE', #615, #375, #3429, .T. ) ;
#3670 = COLOUR_RGB ( '',0.7294117647058823151, 0.3568627450980392246, 0.02352941176470588203 ) ;
#3671 = EDGE_CURVE ( 'NONE', #232, #3316, #3284, .T. ) ;
#3672 = STYLED_ITEM ( 'NONE', ( #1801 ), #413 ) ;
#3673 = CARTESIAN_POINT ( 'NONE',  ( 1.714999999999999414, 0.6399999999999996803, 1.923333333333334227 ) ) ;
#3674 = MECHANICAL_DESIGN_GEOMETRIC_PRESENTATION_REPRESENTATION (  '', ( #2753 ), #3376 ) ;
#3675 = ORIENTED_EDGE ( 'NONE', *, *, #343, .F. ) ;
#3676 = SURFACE_STYLE_USAGE ( .BOTH. , #1915 ) ;
#3677 = AXIS2_PLACEMENT_3D ( 'NONE', #2540, #1559, #90 ) ;
#3678 = ADVANCED_FACE ( 'NONE', ( #1515 ), #3549, .F. ) ;
#3679 =( GEOMETRIC_REPRESENTATION_CONTEXT ( 3 ) GLOBAL_UNCERTAINTY_ASSIGNED_CONTEXT ( ( #2919 ) ) GLOBAL_UNIT_ASSIGNED_CONTEXT ( ( #340, #1545, #40 ) ) REPRESENTATION_CONTEXT ( 'NONE', 'WORKASPACE' ) );
#3680 = PRESENTATION_STYLE_ASSIGNMENT (( #108 ) ) ;
#3681 = DIRECTION ( 'NONE',  ( -4.792053801040900923E-16, 0.000000000000000000, -1.000000000000000000 ) ) ;
#3682 = VECTOR ( 'NONE', #2417, 1000.000000000000000 ) ;
#3683 = DIRECTION ( 'NONE',  ( 0.000000000000000000, 0.000000000000000000, 1.000000000000000000 ) ) ;
#3684 = SURFACE_SIDE_STYLE ('',( #980 ) ) ;
#3685 = SURFACE_SIDE_STYLE ('',( #1365 ) ) ;
#3686 = CARTESIAN_POINT ( 'NONE',  ( 1.188333333333333686, 1.320000000000000062, 2.912069900877995110 ) ) ;
#3687 = DIRECTION ( 'NONE',  ( 0.000000000000000000, 0.000000000000000000, 1.000000000000000000 ) ) ;
#3688 = DIRECTION ( 'NONE',  ( 0.000000000000000000, 0.000000000000000000, -1.000000000000000000 ) ) ;
#3689 = MECHANICAL_DESIGN_GEOMETRIC_PRESENTATION_REPRESENTATION (  '', ( #1419 ), #3138 ) ;
#3690 = ORIENTED_EDGE ( 'NONE', *, *, #2128, .F. ) ;
#3691 = CARTESIAN_POINT ( 'NONE',  ( -1.502654158242909377, 0.3827213078750212882, 2.450000000000000622 ) ) ;
#3692 = VECTOR ( 'NONE', #2930, 1000.000000000000000 ) ;
#3693 = VECTOR ( 'NONE', #3781, 1000.000000000000000 ) ;
#3694 = DIRECTION ( 'NONE',  ( 0.000000000000000000, 1.000000000000000000, 0.000000000000000000 ) ) ;
#3695 = DIRECTION ( 'NONE',  ( -1.000000000000000000, 2.212657494868376441E-16, 0.000000000000000000 ) ) ;
#3696 = CARTESIAN_POINT ( 'NONE',  ( -1.712069900877996043, 1.320000000000000062, 1.188333333333333686 ) ) ;
#3697 = ORIENTED_EDGE ( 'NONE', *, *, #450, .T. ) ;
#3698 = PLANE ( 'NONE',  #1263 ) ;
#3699 = LINE ( 'NONE', #1977, #3246 ) ;
#3700 = CARTESIAN_POINT ( 'NONE',  ( -1.923333333333333561, 0.6400000000000000133, -1.188333333333333686 ) ) ;
#3701 = DIRECTION ( 'NONE',  ( -1.000000000000000000, -0.000000000000000000, -0.000000000000000000 ) ) ;
#3702 = SURFACE_STYLE_FILL_AREA ( #3122 ) ;
#3703 =( NAMED_UNIT ( * ) SI_UNIT ( $, .STERADIAN. ) SOLID_ANGLE_UNIT ( ) );
#3704 = EDGE_CURVE ( 'NONE', #3316, #1062, #2912, .T. ) ;
#3705 =( NAMED_UNIT ( * ) SI_UNIT ( $, .STERADIAN. ) SOLID_ANGLE_UNIT ( ) );
#3706 = LINE ( 'NONE', #1096, #1646 ) ;
#3707 = LINE ( 'NONE', #1074, #1201 ) ;
#3708 = CARTESIAN_POINT ( 'NONE',  ( 1.592499999999997806, 0.6399999999999999023, 2.245833333333334458 ) ) ;
#3709 = UNCERTAINTY_MEASURE_WITH_UNIT (LENGTH_MEASURE( 1.000000000000000082E-05 ), #1028, 'distance_accuracy_value', 'NONE');
#3710 = SURFACE_SIDE_STYLE ('',( #1452 ) ) ;
#3711 = EDGE_LOOP ( 'NONE', ( #3233, #2647, #3406, #1005, #3171, #2525, #2902, #2306 ) ) ;
#3712 = ORIENTED_EDGE ( 'NONE', *, *, #3447, .F. ) ;
#3713 =( LENGTH_UNIT ( ) NAMED_UNIT ( * ) SI_UNIT ( .MILLI., .METRE. ) );
#3714 = ORIENTED_EDGE ( 'NONE', *, *, #2974, .T. ) ;
#3715 =( NAMED_UNIT ( * ) SI_UNIT ( $, .STERADIAN. ) SOLID_ANGLE_UNIT ( ) );
#3716 = ORIENTED_EDGE ( 'NONE', *, *, #431, .F. ) ;
#3717 = PRESENTATION_STYLE_ASSIGNMENT (( #2011 ) ) ;
#3718 = CARTESIAN_POINT ( 'NONE',  ( 1.502654158242912041, 0.3827213078750221209, 2.123333333333333961 ) ) ;
#3719 = LINE ( 'NONE', #2255, #357 ) ;
#3720 = EDGE_CURVE ( 'NONE', #2324, #3752, #2168, .T. ) ;
#3721 = SURFACE_SIDE_STYLE ('',( #3702 ) ) ;
#3722 = CARTESIAN_POINT ( 'NONE',  ( 1.469999999999999973, 2.000000000000000000, -2.123333333333333961 ) ) ;
#3723 = DIRECTION ( 'NONE',  ( -1.000000000000000000, -0.000000000000000000, -0.000000000000000000 ) ) ;
#3724 = DIRECTION ( 'NONE',  ( -1.896563567030044345E-16, 0.000000000000000000, -1.000000000000000000 ) ) ;
#3725 = EDGE_CURVE ( 'NONE', #3237, #2171, #2429, .T. ) ;
#3726 = ORIENTED_EDGE ( 'NONE', *, *, #286, .F. ) ;
#3727 =( LENGTH_UNIT ( ) NAMED_UNIT ( * ) SI_UNIT ( .MILLI., .METRE. ) );
#3728 = ORIENTED_EDGE ( 'NONE', *, *, #3223, .F. ) ;
#3729 = SURFACE_STYLE_FILL_AREA ( #1668 ) ;
#3730 =( GEOMETRIC_REPRESENTATION_CONTEXT ( 3 ) GLOBAL_UNCERTAINTY_ASSIGNED_CONTEXT ( ( #3818 ) ) GLOBAL_UNIT_ASSIGNED_CONTEXT ( ( #557, #3825, #1491 ) ) REPRESENTATION_CONTEXT ( 'NONE', 'WORKASPACE' ) );
#3731 = SURFACE_STYLE_FILL_AREA ( #2805 ) ;
#3732 = COLOUR_RGB ( '',0.2509803921568627416, 0.2509803921568627416, 0.2509803921568627416 ) ;
#3733 = COLOUR_RGB ( '',0.2509803921568627416, 0.2509803921568627416, 0.2509803921568627416 ) ;
#3734 = SURFACE_SIDE_STYLE ('',( #2231 ) ) ;
#3735 = STYLED_ITEM ( 'NONE', ( #2469 ), #255 ) ;
#3736 =( LENGTH_UNIT ( ) NAMED_UNIT ( * ) SI_UNIT ( .MILLI., .METRE. ) );
#3737 = CARTESIAN_POINT ( 'NONE',  ( -1.649999999999999911, -0.08459999799161091460, 2.123333333333333073 ) ) ;
#3738 = VECTOR ( 'NONE', #3410, 1000.000000000000000 ) ;
#3739 = FILL_AREA_STYLE ('',( #2565 ) ) ;
#3740 = EDGE_CURVE ( 'NONE', #1914, #2546, #1536, .T. ) ;
#3741 = AXIS2_PLACEMENT_3D ( 'NONE', #3285, #2157, #2373 ) ;
#3742 = COLOUR_RGB ( '',0.7921568627450980005, 0.8196078431372548767, 0.9333333333333333481 ) ;
#3743 = FILL_AREA_STYLE ('',( #2914 ) ) ;
#3744 =( NAMED_UNIT ( * ) PLANE_ANGLE_UNIT ( ) SI_UNIT ( $, .RADIAN. ) );
#3745 = FILL_AREA_STYLE_COLOUR ( '', #3732 ) ;
#3746 = DIRECTION ( 'NONE',  ( -0.000000000000000000, 1.000000000000000000, 0.000000000000000000 ) ) ;
#3747 = PRESENTATION_LAYER_ASSIGNMENT (  '', '', ( #1585 ) ) ;
#3748 =( NAMED_UNIT ( * ) PLANE_ANGLE_UNIT ( ) SI_UNIT ( $, .RADIAN. ) );
#3749 =( GEOMETRIC_REPRESENTATION_CONTEXT ( 3 ) GLOBAL_UNCERTAINTY_ASSIGNED_CONTEXT ( ( #2821 ) ) GLOBAL_UNIT_ASSIGNED_CONTEXT ( ( #35, #2077, #623 ) ) REPRESENTATION_CONTEXT ( 'NONE', 'WORKASPACE' ) );
#3750 = UNCERTAINTY_MEASURE_WITH_UNIT (LENGTH_MEASURE( 1.000000000000000082E-05 ), #58, 'distance_accuracy_value', 'NONE');
#3751 = FILL_AREA_STYLE ('',( #3460 ) ) ;
#3752 = VERTEX_POINT ( 'NONE', #1856 ) ;
#3753 = CARTESIAN_POINT ( 'NONE',  ( -2.449999999999998845, 0.2399999999999997691, 2.048333333333333783 ) ) ;
#3754 = ORIENTED_EDGE ( 'NONE', *, *, #3531, .T. ) ;
#3755 = DIRECTION ( 'NONE',  ( 1.000000000000000000, 0.000000000000000000, 0.000000000000000000 ) ) ;
#3756 = ORIENTED_EDGE ( 'NONE', *, *, #1225, .F. ) ;
#3757 = FILL_AREA_STYLE_COLOUR ( '', #11 ) ;
#3758 = ADVANCED_FACE ( 'NONE', ( #3321 ), #1885, .T. ) ;
#3759 = EDGE_LOOP ( 'NONE', ( #617, #186, #1340, #2129 ) ) ;
#3760 =( GEOMETRIC_REPRESENTATION_CONTEXT ( 3 ) GLOBAL_UNCERTAINTY_ASSIGNED_CONTEXT ( ( #3127 ) ) GLOBAL_UNIT_ASSIGNED_CONTEXT ( ( #1265, #672, #2176 ) ) REPRESENTATION_CONTEXT ( 'NONE', 'WORKASPACE' ) );
#3761 =( GEOMETRIC_REPRESENTATION_CONTEXT ( 3 ) GLOBAL_UNCERTAINTY_ASSIGNED_CONTEXT ( ( #1617 ) ) GLOBAL_UNIT_ASSIGNED_CONTEXT ( ( #3183, #2237, #3703 ) ) REPRESENTATION_CONTEXT ( 'NONE', 'WORKASPACE' ) );
#3762 = PRESENTATION_STYLE_ASSIGNMENT (( #2865 ) ) ;
#3763 = CYLINDRICAL_SURFACE ( 'NONE', #1402, 0.4899999999999999911 ) ;
#3764 = SURFACE_STYLE_FILL_AREA ( #2867 ) ;
#3765 = STYLED_ITEM ( 'NONE', ( #1059 ), #2761 ) ;
#3766 = FACE_OUTER_BOUND ( 'NONE', #3080, .T. ) ;
#3767 = PLANE ( 'NONE',  #441 ) ;
#3768 = FACE_OUTER_BOUND ( 'NONE', #677, .T. ) ;
#3769 = SURFACE_STYLE_FILL_AREA ( #3161 ) ;
#3770 = DIRECTION ( 'NONE',  ( -2.212657494868376441E-16, 1.000000000000000000, 0.000000000000000000 ) ) ;
#3771 = CARTESIAN_POINT ( 'NONE',  ( 1.797345841757090668, 0.3827213078750212882, 2.123333333333333073 ) ) ;
#3772 = ORIENTED_EDGE ( 'NONE', *, *, #1560, .F. ) ;
#3773 = SURFACE_STYLE_USAGE ( .BOTH. , #3214 ) ;
#3774 = VERTEX_POINT ( 'NONE', #100 ) ;
#3775 = LINE ( 'NONE', #173, #3667 ) ;
#3776 = ORIENTED_EDGE ( 'NONE', *, *, #1733, .T. ) ;
#3777 =( NAMED_UNIT ( * ) PLANE_ANGLE_UNIT ( ) SI_UNIT ( $, .RADIAN. ) );
#3778 = ORIENTED_EDGE ( 'NONE', *, *, #2088, .T. ) ;
#3779 = DIRECTION ( 'NONE',  ( 1.626303258728257045E-15, 1.000000000000000000, -0.000000000000000000 ) ) ;
#3780 = EDGE_CURVE ( 'NONE', #164, #1371, #1907, .T. ) ;
#3781 = DIRECTION ( 'NONE',  ( -0.7071067811865454633, 0.000000000000000000, -0.7071067811865495711 ) ) ;
#3782 = CYLINDRICAL_SURFACE ( 'NONE', #3117, 1.199999999999999734 ) ;
#3783 = DIRECTION ( 'NONE',  ( 0.9537169507482290420, -0.3007057995042664023, 4.570262938950188936E-16 ) ) ;
#3784 =( LENGTH_UNIT ( ) NAMED_UNIT ( * ) SI_UNIT ( .MILLI., .METRE. ) );
#3785 = DIRECTION ( 'NONE',  ( -1.770125995894701153E-15, 1.000000000000000000, 9.400038124026605330E-30 ) ) ;
#3786 = CARTESIAN_POINT ( 'NONE',  ( 1.649999999999999911, 0.8699999999999994404, -2.123333333333333961 ) ) ;
#3787 = UNCERTAINTY_MEASURE_WITH_UNIT (LENGTH_MEASURE( 1.000000000000000082E-05 ), #3028, 'distance_accuracy_value', 'NONE');
#3788 = DIRECTION ( 'NONE',  ( 1.000000000000000000, -0.000000000000000000, 0.000000000000000000 ) ) ;
#3789 = EDGE_LOOP ( 'NONE', ( #2671, #116, #566, #1392 ) ) ;
#3790 = CARTESIAN_POINT ( 'NONE',  ( -1.469999999999999973, 0.2399999999999997691, -2.123333333333333517 ) ) ;
#3791 = ORIENTED_EDGE ( 'NONE', *, *, #2345, .F. ) ;
#3792 = DIRECTION ( 'NONE',  ( -1.000000000000000000, 0.000000000000000000, 0.000000000000000000 ) ) ;
#3793 = ORIENTED_EDGE ( 'NONE', *, *, #964, .F. ) ;
#3794 = CARTESIAN_POINT ( 'NONE',  ( 2.449999999999998845, 0.6399999999999996803, -2.048333333333334227 ) ) ;
#3795 = VERTEX_POINT ( 'NONE', #2445 ) ;
#3796 = MECHANICAL_DESIGN_GEOMETRIC_PRESENTATION_REPRESENTATION (  '', ( #1140 ), #3242 ) ;
#3797 = MECHANICAL_DESIGN_GEOMETRIC_PRESENTATION_REPRESENTATION (  '', ( #1014 ), #1952 ) ;
#3798 = AXIS2_PLACEMENT_3D ( 'NONE', #3737, #3456, #3204 ) ;
#3799 = CARTESIAN_POINT ( 'NONE',  ( 0.000000000000000000, 0.6399999999999996803, 0.000000000000000000 ) ) ;
#3800 = PRESENTATION_LAYER_ASSIGNMENT (  '', '', ( #3116 ) ) ;
#3801 = PRESENTATION_LAYER_ASSIGNMENT (  '', '', ( #1772 ) ) ;
#3802 = EDGE_CURVE ( 'NONE', #1712, #3566, #3615, .T. ) ;
#3803 =( NAMED_UNIT ( * ) PLANE_ANGLE_UNIT ( ) SI_UNIT ( $, .RADIAN. ) );
#3804 = MECHANICAL_DESIGN_GEOMETRIC_PRESENTATION_REPRESENTATION (  '', ( #3054 ), #2198 ) ;
#3805 = DIRECTION ( 'NONE',  ( -1.000000000000000000, 0.000000000000000000, 1.896563567030043852E-16 ) ) ;
#3806 = DIRECTION ( 'NONE',  ( 3.649488378632832720E-16, 0.000000000000000000, -1.000000000000000000 ) ) ;
#3807 = ADVANCED_FACE ( 'NONE', ( #1870 ), #1334, .F. ) ;
#3808 = ORIENTED_EDGE ( 'NONE', *, *, #3235, .F. ) ;
#3809 = SURFACE_STYLE_FILL_AREA ( #2628 ) ;
#3810 = ORIENTED_EDGE ( 'NONE', *, *, #1994, .T. ) ;
#3811 = VECTOR ( 'NONE', #455, 1000.000000000000000 ) ;
#3812 = DIRECTION ( 'NONE',  ( 1.000000000000000000, 0.000000000000000000, 8.850629979473505765E-16 ) ) ;
#3813 = FILL_AREA_STYLE ('',( #946 ) ) ;
#3814 = ORIENTED_EDGE ( 'NONE', *, *, #2714, .F. ) ;
#3815 = VECTOR ( 'NONE', #556, 1000.000000000000000 ) ;
#3816 = FILL_AREA_STYLE ('',( #2007 ) ) ;
#3817 = ORIENTED_EDGE ( 'NONE', *, *, #1107, .F. ) ;
#3818 = UNCERTAINTY_MEASURE_WITH_UNIT (LENGTH_MEASURE( 1.000000000000000082E-05 ), #557, 'distance_accuracy_value', 'NONE');
#3819 = STYLED_ITEM ( 'NONE', ( #966 ), #1997 ) ;
#3820 = PRESENTATION_LAYER_ASSIGNMENT (  '', '', ( #1419 ) ) ;
#3821 = DIRECTION ( 'NONE',  ( 1.000000000000000000, 0.000000000000000000, 0.000000000000000000 ) ) ;
#3822 = CARTESIAN_POINT ( 'NONE',  ( 1.143333333333329094, 2.000000000000000000, 2.450000000000000622 ) ) ;
#3823 = CARTESIAN_POINT ( 'NONE',  ( 1.502654158242909599, 0.3827213078750213437, -2.450000000000000622 ) ) ;
#3824 = DIRECTION ( 'NONE',  ( -0.000000000000000000, -0.000000000000000000, -1.000000000000000000 ) ) ;
#3825 =( NAMED_UNIT ( * ) PLANE_ANGLE_UNIT ( ) SI_UNIT ( $, .RADIAN. ) );
#3826 = DIRECTION ( 'NONE',  ( 0.000000000000000000, 0.000000000000000000, 1.000000000000000000 ) ) ;
#3827 = VERTEX_POINT ( 'NONE', #3033 ) ;
#3828 = EDGE_LOOP ( 'NONE', ( #2824, #1530, #527, #735 ) ) ;
#3829 = UNCERTAINTY_MEASURE_WITH_UNIT (LENGTH_MEASURE( 1.000000000000000082E-05 ), #2111, 'distance_accuracy_value', 'NONE');
#3830 = FILL_AREA_STYLE_COLOUR ( '', #3063 ) ;
#3831 = ORIENTED_EDGE ( 'NONE', *, *, #233, .F. ) ;
#3832 = EDGE_LOOP ( 'NONE', ( #3754, #3107, #3697, #1497 ) ) ;
#3833 = CARTESIAN_POINT ( 'NONE',  ( 1.188333333333333686, 0.6399999999999996803, 1.188333333333333686 ) ) ;
#3834 = UNCERTAINTY_MEASURE_WITH_UNIT (LENGTH_MEASURE( 1.000000000000000082E-05 ), #249, 'distance_accuracy_value', 'NONE');
#3835 = DIRECTION ( 'NONE',  ( -0.000000000000000000, -0.000000000000000000, 1.000000000000000000 ) ) ;
#3836 = SURFACE_SIDE_STYLE ('',( #30 ) ) ;
#3837 = CARTESIAN_POINT ( 'NONE',  ( -2.375000000000000444, 0.2399999999999997691, 2.123333333333333073 ) ) ;
#3838 = FACE_OUTER_BOUND ( 'NONE', #2577, .T. ) ;
#3839 = PLANE ( 'NONE',  #3189 ) ;
#3840 = ORIENTED_EDGE ( 'NONE', *, *, #2219, .T. ) ;
#3841 = ORIENTED_EDGE ( 'NONE', *, *, #2574, .F. ) ;
#3842 = CARTESIAN_POINT ( 'NONE',  ( -1.626918227378294723, 0.7626289684820125592, 1.849366953335325414 ) ) ;
#3843 = VERTEX_POINT ( 'NONE', #2249 ) ;
#3844 = EDGE_CURVE ( 'NONE', #2405, #1813, #1688, .T. ) ;
#3845 = EDGE_CURVE ( 'NONE', #2927, #2075, #3137, .T. ) ;
ENDSEC;
END-ISO-10303-21;
